paper_id,year,semantic_strict
SKG_SUM_7,2010,1.0
SKG_MT_1325,2010,1.0
SKG_MT_1231,2010,1.0
SKG_MT_1232,2010,1.0
SKG_MT_388,2010,1.0
SKG_MT_1313,2010,1.0
SKG_MT_1320,2010,1.0
SKG_MT_157,2010,1.0
SKG_MT_1199,2010,1.0
SKG_MT_61,2010,1.0
SKG_MT_1193,2010,1.0
SKG_MT_15,2010,1.0
SKG_MT_17,2010,1.0
SKG_MT_1375,2010,1.0
SKG_MT_1384,2010,1.0
SKG_MT_1394,2010,1.0
SKG_MT_646,2010,1.0
SKG_MT_174,2010,1.0
SKG_MT_194,2010,1.0
SKG_MT_196,2010,1.0
SKG_PAR_69,2010,1.0
SKG_MT_1151,2010,1.0
SKG_MT_1167,2010,1.0
SKG_PAR_87,2010,1.0
SKG_MT_287,2010,1.0
SKG_MT_1074,2010,1.0
SKG_QA_101,2010,1.0
SKG_PAR_202,2010,1.0
SKG_PAR_219,2010,1.0
SKG_MT_390,2010,1.0
SKG_MT_968,2010,1.0
SKG_QA_416,2010,1.0
SKG_SA_527,2010,1.0
SKG_MT_603,2010,1.0
SKG_MT_606,2010,1.0
SKG_SA_83,2010,1.0
SKG_DIA_210,2010,1.0
SKG_SA_217,2010,1.0
SKG_DIA_209,2010,1.0
SKG_MT_478,2010,1.0
SKG_MT_850,2010,1.0
SKG_MT_853,2010,1.0
SKG_MT_488,2010,1.0
SKG_MT_838,2010,1.0
SKG_MT_795,2010,1.0
SKG_DIA_104,2010,1.0
SKG_SA_420,2010,1.0
SKG_MT_547,2010,1.0
SKG_MT_771,2010,1.0
SKG_MT_567,2010,1.0
SKG_SA_544,2010,1.0
SKG_MT_585,2010,1.0
SKG_MT_743,2010,1.0
SKG_MT_715,2010,1.0
SKG_MT_660,2010,1.0
SKG_SUM_67,2010,1.0
SKG_SUM_42,2010,1.0
SKG_MT_137,2010,1.0
SKG_SUM_83,2010,1.0
SKG_SUM_45,2011,0.08953571319580078
SKG_PAR_94,2011,0.06708073616027832
SKG_SUM_80,2011,0.07185590267181396
SKG_SA_505,2011,0.07719087600708008
SKG_MT_620,2011,0.07271802425384521
SKG_MT_1399,2011,0.07724493741989136
SKG_MT_565,2011,0.06388461589813232
SKG_MT_87,2011,0.053793907165527344
SKG_SA_423,2011,0.08264267444610596
SKG_MT_789,2011,0.053428709506988525
SKG_MT_1220,2011,0.051350951194763184
SKG_PAR_34,2011,0.10002827644348145
SKG_MT_1330,2011,0.0825006365776062
SKG_MT_557,2011,0.0806804895401001
SKG_MT_820,2011,0.052715182304382324
SKG_PAR_215,2011,0.056398868560791016
SKG_QA_336,2011,0.06867820024490356
SKG_MT_308,2011,0.06699955463409424
SKG_MT_300,2011,0.0657658576965332
SKG_MT_117,2011,0.06640028953552246
SKG_SA_351,2011,0.07309931516647339
SKG_MT_800,2011,0.06793564558029175
SKG_QA_5,2011,0.07136857509613037
SKG_QA_240,2011,0.09380018711090088
SKG_MT_1277,2011,0.07111799716949463
SKG_QA_302,2011,0.07868051528930664
SKG_MT_1024,2011,0.06408524513244629
SKG_MT_144,2011,0.06447827816009521
SKG_MT_813,2011,0.056803226470947266
SKG_SA_343,2011,0.08441305160522461
SKG_SA_567,2011,0.0682368278503418
SKG_MT_368,2011,0.06863689422607422
SKG_MT_697,2011,0.057579755783081055
SKG_MT_595,2011,0.034523963928222656
SKG_MT_964,2011,0.06309127807617188
SKG_MT_966,2011,0.0703766942024231
SKG_MT_962,2011,0.06867820024490356
SKG_DIA_288,2011,0.06900548934936523
SKG_MT_496,2011,0.05417436361312866
SKG_DIA_213,2011,0.07338744401931763
SKG_MT_881,2011,0.05810356140136719
SKG_SA_77,2011,0.06382447481155396
SKG_MT_1306,2011,0.057349562644958496
SKG_MT_58,2011,0.06994825601577759
SKG_MT_280,2011,0.06457626819610596
SKG_MT_286,2011,0.05497312545776367
SKG_MT_919,2011,0.06198239326477051
SKG_MT_440,2011,0.06620079278945923
SKG_MT_1111,2011,0.10907518863677979
SKG_MT_1129,2011,0.07037663459777832
SKG_SA_181,2011,0.1170729398727417
SKG_DIA_253,2011,0.14665675163269043
SKG_DIA_233,2011,0.09907644987106323
SKG_SA_192,2011,0.06787532567977905
SKG_MT_409,2011,0.06599986553192139
SKG_MT_1227,2011,0.09620392322540283
SKG_QA_392,2011,0.07507848739624023
SKG_PAR_14,2011,0.07449007034301758
SKG_MT_1132,2011,0.10907518863677979
SKG_PAR_89,2011,0.07271790504455566
SKG_MT_1003,2011,0.06113994121551514
SKG_MT_712,2011,0.05792289972305298
SKG_SUM_130,2011,0.07514631748199463
SKG_SUM_110,2011,0.09380018711090088
SKG_QA_219,2012,0.19269990921020508
SKG_QA_203,2012,0.07871603965759277
SKG_MT_1421,2012,0.05530059337615967
SKG_MT_7,2012,0.043344736099243164
SKG_MT_832,2012,0.06311535835266113
SKG_MT_835,2012,0.07255136966705322
SKG_MT_93,2012,0.055333733558654785
SKG_SA_268,2012,0.06310904026031494
SKG_PAR_200,2012,0.08741939067840576
SKG_MT_535,2012,0.05727219581604004
SKG_PAR_3,2012,0.08331072330474854
SKG_SA_565,2012,0.06604981422424316
SKG_MT_1327,2012,0.05352628231048584
SKG_MT_1276,2012,0.044297099113464355
SKG_MT_346,2012,0.05695962905883789
SKG_MT_1165,2012,0.051638126373291016
SKG_MT_1395,2012,0.056285738945007324
SKG_MT_1400,2012,0.05533432960510254
SKG_MT_613,2012,0.06564140319824219
SKG_MT_622,2012,0.0767744779586792
SKG_MT_576,2012,0.07835006713867188
SKG_SA_554,2012,0.07340526580810547
SKG_MT_1177,2012,0.047895610332489014
SKG_MT_1425,2012,0.060109496116638184
SKG_MT_550,2012,0.3065796494483948
SKG_MT_85,2012,0.05448174476623535
SKG_MT_92,2012,0.05530059337615967
SKG_MT_89,2012,0.06689673662185669
SKG_MT_1175,2012,0.19269990921020508
SKG_MT_788,2012,0.06283962726593018
SKG_MT_1376,2012,0.039835572242736816
SKG_MT_1473,2012,0.0483434796333313
SKG_SA_24,2012,0.07510673999786377
SKG_MT_1361,2012,0.053890228271484375
SKG_MT_1236,2012,0.11020994186401367
SKG_MT_1228,2012,0.044297099113464355
SKG_SA_148,2012,0.06887876987457275
SKG_MT_78,2012,0.06147634983062744
SKG_MT_74,2012,0.06535571813583374
SKG_MT_451,2012,0.05194711685180664
SKG_MT_239,2012,0.05941319465637207
SKG_MT_234,2012,0.06124603748321533
SKG_MT_373,2012,0.07778561115264893
SKG_MT_389,2012,0.15639007091522217
SKG_MT_259,2012,0.06508380174636841
SKG_MT_480,2012,0.08203631639480591
SKG_MT_865,2012,0.05713772773742676
SKG_DIA_182,2012,0.06855833530426025
SKG_MT_453,2012,0.05977386236190796
SKG_MT_469,2012,0.06835973262786865
SKG_DIA_231,2012,0.09155428409576416
SKG_MT_981,2012,0.09829604625701904
SKG_QA_417,2012,0.10216200351715088
SKG_SA_5,2012,0.06575024127960205
SKG_MT_1077,2012,0.07194530963897705
SKG_QA_487,2012,0.08069312572479248
SKG_MT_283,2012,0.06161224842071533
SKG_MT_1062,2012,0.06445640325546265
SKG_MT_1065,2012,0.05486273765563965
SKG_MT_945,2012,0.05056440830230713
SKG_MT_410,2012,0.045979976654052734
SKG_PAR_127,2012,0.07609093189239502
SKG_MT_1174,2012,0.05670034885406494
SKG_MT_1191,2012,0.053432464599609375
SKG_MT_1209,2012,0.08551174402236938
SKG_MT_1349,2012,0.05667811632156372
SKG_MT_415,2012,0.07472383975982666
SKG_SUM_72,2012,0.05194723606109619
SKG_MT_724,2012,0.042363882064819336
SKG_SUM_147,2012,0.0737575888633728
SKG_SUM_59,2012,0.06620281934738159
SKG_SUM_97,2012,0.19269990921020508
SKG_MT_131,2012,0.0581851601600647
SKG_SUM_0,2013,0.055389583110809326
SKG_SUM_34,2013,0.07165360450744629
SKG_MT_1280,2013,0.0734175443649292
SKG_MT_1282,2013,0.04159432649612427
SKG_MT_1290,2013,0.05826246738433838
SKG_SUM_76,2013,0.07072889804840088
SKG_SA_609,2013,0.05970203876495361
SKG_SA_590,2013,0.07272368669509888
SKG_SA_597,2013,0.12369346618652344
SKG_MT_707,2013,0.06391304731369019
SKG_MT_708,2013,0.05172449350357056
SKG_SA_435,2013,0.07281869649887085
SKG_MT_740,2013,0.029859066009521484
SKG_MT_741,2013,0.0537724494934082
SKG_MT_748,2013,0.06081646680831909
SKG_MT_752,2013,0.04722404479980469
SKG_MT_719,2013,0.04841858148574829
SKG_MT_725,2013,0.05217975378036499
SKG_SA_414,2013,0.0805199146270752
SKG_SUM_154,2013,0.0533980131149292
SKG_SUM_155,2013,0.07904970645904541
SKG_MT_682,2013,0.052504122257232666
SKG_SUM_180,2013,0.07898283004760742
SKG_MT_80,2013,0.06032758951187134
SKG_MT_1310,2013,0.05863046646118164
SKG_MT_1242,2013,0.057567477226257324
SKG_MT_147,2013,0.05987989902496338
SKG_MT_156,2013,0.06979286670684814
SKG_MT_1211,2013,0.06742161512374878
SKG_MT_940,2013,0.05701392889022827
SKG_MT_1101,2013,0.060296058654785156
SKG_MT_268,2013,0.06208062171936035
SKG_MT_277,2013,0.04468667507171631
SKG_PAR_106,2013,0.06654739379882812
SKG_MT_282,2013,0.05176866054534912
SKG_MT_290,2013,0.0838702917098999
SKG_MT_1069,2013,0.06589055061340332
SKG_MT_1082,2013,0.06697118282318115
SKG_MT_955,2013,0.056244730949401855
SKG_MT_922,2013,0.07406067848205566
SKG_SA_32,2013,0.0700153112411499
SKG_SA_40,2013,0.07159972190856934
SKG_SA_48,2013,0.06476527452468872
SKG_MT_885,2013,0.041593194007873535
SKG_MT_891,2013,0.056989192962646484
SKG_SA_111,2013,0.06473773717880249
SKG_DIA_220,2013,0.07898157835006714
SKG_MT_973,2013,0.06046479940414429
SKG_SA_526,2013,0.06791543960571289
SKG_MT_591,2013,0.05931997299194336
SKG_MT_705,2013,0.055175721645355225
SKG_MT_706,2013,0.051498234272003174
SKG_SA_4,2013,0.12369346618652344
SKG_SA_191,2013,0.06070435047149658
SKG_MT_1225,2013,0.07696318626403809
SKG_MT_77,2013,0.04708731174468994
SKG_MT_79,2013,0.04752194881439209
SKG_SA_229,2013,0.08136677742004395
SKG_MT_225,2013,0.04450869560241699
SKG_PAR_139,2013,0.0800243616104126
SKG_MT_1090,2013,0.04602861404418945
SKG_MT_481,2013,0.05410301685333252
SKG_MT_869,2013,0.05981731414794922
SKG_MT_22,2013,0.06061983108520508
SKG_MT_1386,2013,0.06349921226501465
SKG_MT_44,2013,0.04450678825378418
SKG_PAR_20,2013,0.06973189115524292
SKG_MT_371,2013,0.05838155746459961
SKG_MT_372,2013,0.05445384979248047
SKG_MT_375,2013,0.05416226387023926
SKG_MT_376,2013,0.06147193908691406
SKG_QA_84,2013,0.07433515787124634
SKG_QA_3,2013,0.06198650598526001
SKG_QA_12,2013,0.06061983108520508
SKG_QA_20,2013,0.04708433151245117
SKG_PAR_204,2013,0.055150628089904785
SKG_MT_1461,2013,0.06432950496673584
SKG_QA_424,2013,0.06920015811920166
SKG_QA_385,2013,0.05315601825714111
SKG_MT_14,2013,0.05279672145843506
SKG_MT_21,2013,0.05277073383331299
SKG_MT_500,2013,0.054829955101013184
SKG_MT_829,2013,0.06511616706848145
SKG_MT_845,2013,0.06480181217193604
SKG_MT_515,2013,0.07243454456329346
SKG_SA_318,2013,0.08036237955093384
SKG_SA_296,2013,0.06391948461532593
SKG_SA_306,2013,0.08441364765167236
SKG_MT_94,2013,0.06628578901290894
SKG_MT_100,2013,0.05248743295669556
SKG_QA_193,2013,0.09037983417510986
SKG_MT_305,2013,0.04839885234832764
SKG_MT_314,2013,0.08064436912536621
SKG_MT_1036,2013,0.063229501247406
SKG_QA_334,2013,0.07567203044891357
SKG_MT_332,2013,0.0718187689781189
SKG_MT_337,2013,0.049411892890930176
SKG_MT_1048,2013,0.06619971990585327
SKG_MT_1324,2013,0.05333679914474487
SKG_MT_1326,2013,0.052204132080078125
SKG_MT_1244,2013,0.049659013748168945
SKG_MT_1248,2013,0.05173617601394653
SKG_SA_557,2013,0.07255375385284424
SKG_SA_577,2013,0.07423007488250732
SKG_PAR_52,2013,0.10396689176559448
SKG_PAR_53,2013,0.07273685932159424
SKG_PAR_56,2013,0.059021830558776855
SKG_MT_1169,2013,0.05310100317001343
SKG_MT_824,2013,0.06739974021911621
SKG_MT_91,2013,0.07995855808258057
SKG_MT_1429,2013,0.0756462812423706
SKG_MT_1437,2013,0.06982576847076416
SKG_MT_641,2013,0.0778505802154541
SKG_MT_572,2013,0.06131923198699951
SKG_MT_178,2013,0.056316256523132324
SKG_MT_180,2013,0.06093108654022217
SKG_MT_150,2013,0.05605661869049072
SKG_MT_200,2013,0.052153944969177246
SKG_SA_469,2013,0.0690237283706665
SKG_SA_484,2013,0.05705291032791138
SKG_MT_681,2013,0.048558712005615234
SKG_SUM_193,2013,0.054847776889801025
SKG_MT_680,2014,0.06208682060241699
SKG_MT_676,2014,0.04975736141204834
SKG_SUM_43,2014,0.060187339782714844
SKG_SUM_40,2014,0.0682644248008728
SKG_SA_618,2014,0.06194889545440674
SKG_MT_710,2014,0.05237847566604614
SKG_SA_449,2014,0.05937868356704712
SKG_SA_460,2014,0.08631956577301025
SKG_MT_1441,2014,0.07338762283325195
SKG_MT_317,2014,0.06318724155426025
SKG_MT_319,2014,0.0409892201423645
SKG_MT_1046,2014,0.054544687271118164
SKG_MT_1053,2014,0.05781757831573486
SKG_MT_331,2014,0.05053287744522095
SKG_MT_1030,2014,0.03141665458679199
SKG_MT_359,2014,0.06429725885391235
SKG_PAR_185,2014,0.05585598945617676
SKG_PAR_212,2014,0.07511818408966064
SKG_MT_1403,2014,0.05641460418701172
SKG_MT_1367,2014,0.06602907180786133
SKG_MT_1474,2014,0.0509108304977417
SKG_QA_404,2014,0.05585598945617676
SKG_MT_1009,2014,0.052371323108673096
SKG_SA_530,2014,0.05606800317764282
SKG_MT_586,2014,0.0431327223777771
SKG_MT_590,2014,0.056816935539245605
SKG_MT_598,2014,0.05543762445449829
SKG_MT_394,2014,0.051462411880493164
SKG_MT_1316,2014,0.10323834419250488
SKG_MT_169,2014,0.0543484091758728
SKG_MT_1206,2014,0.06886732578277588
SKG_MT_1213,2014,0.054700255393981934
SKG_PAR_113,2014,0.062304675579071045
SKG_MT_1060,2014,0.037438392639160156
SKG_DIA_298,2014,0.08470290899276733
SKG_MT_913,2014,0.06086540222167969
SKG_MT_931,2014,0.05564117431640625
SKG_SA_36,2014,0.06886053085327148
SKG_SA_52,2014,0.0586552619934082
SKG_DIA_211,2014,0.06014472246170044
SKG_SA_224,2014,0.06422436237335205
SKG_MT_1252,2014,0.07322508096694946
SKG_MT_1253,2014,0.05691325664520264
SKG_MT_1347,2014,0.060703396797180176
SKG_SA_118,2014,0.06554180383682251
SKG_MT_1120,2014,0.06198328733444214
SKG_MT_1127,2014,0.07849496603012085
SKG_MT_252,2014,0.09792166948318481
SKG_MT_265,2014,0.05861002206802368
SKG_MT_266,2014,0.03138697147369385
SKG_MT_1096,2014,0.06577694416046143
SKG_SA_246,2014,0.049558162689208984
SKG_MT_476,2014,0.06314188241958618
SKG_MT_487,2014,0.05912494659423828
SKG_MT_868,2014,0.05862236022949219
SKG_SA_260,2014,0.07447552680969238
SKG_MT_836,2014,0.053485751152038574
SKG_MT_840,2014,0.05763077735900879
SKG_MT_530,2014,0.05691242218017578
SKG_SA_278,2014,0.059308648109436035
SKG_MT_790,2014,0.07415652275085449
SKG_SA_339,2014,0.06745582818984985
SKG_SA_283,2014,0.06886053085327148
SKG_SA_307,2014,0.07920384407043457
SKG_MT_97,2014,0.05733978748321533
SKG_MT_116,2014,0.05657380819320679
SKG_PAR_35,2014,0.26084548234939575
SKG_MT_224,2014,0.04808223247528076
SKG_MT_827,2014,0.0448034405708313
SKG_MT_828,2014,0.04096090793609619
SKG_MT_545,2014,0.05284816026687622
SKG_MT_560,2014,0.057241976261138916
SKG_MT_770,2014,0.0414547324180603
SKG_SA_540,2014,0.061120688915252686
SKG_MT_652,2014,0.0565563440322876
SKG_MT_187,2014,0.09091269969940186
SKG_MT_220,2014,0.07685911655426025
SKG_MT_1158,2014,0.06955862045288086
SKG_MT_647,2014,0.055763959884643555
SKG_SA_556,2014,0.061326563358306885
SKG_SA_517,2014,0.08631956577301025
SKG_DIA_64,2014,0.07036960124969482
SKG_SA_490,2014,0.061401546001434326
SKG_MT_738,2014,0.06678903102874756
SKG_MT_732,2014,0.063198983669281
SKG_SA_441,2014,0.06461286544799805
SKG_SUM_145,2014,0.07303321361541748
SKG_SUM_68,2014,0.06083035469055176
SKG_SUM_22,2014,0.06593441963195801
SKG_SUM_186,2015,0.04097950458526611
SKG_SUM_178,2015,0.0254518985748291
SKG_SUM_177,2015,0.039059996604919434
SKG_SUM_172,2015,0.039003193378448486
SKG_MT_668,2015,0.05971646308898926
SKG_SUM_17,2015,0.07338714599609375
SKG_SA_608,2015,0.07616782188415527
SKG_MT_1293,2015,0.20106488466262817
SKG_MT_1295,2015,0.09394359588623047
SKG_SUM_129,2015,0.04337751865386963
SKG_SUM_107,2015,0.05290520191192627
SKG_PAR_100,2015,0.03989666700363159
SKG_PAR_61,2015,0.038398563861846924
SKG_PAR_67,2015,0.033996403217315674
SKG_MT_217,2015,0.05518496036529541
SKG_MT_221,2015,0.040762484073638916
SKG_MT_642,2015,0.044373929500579834
SKG_MT_651,2015,0.05041760206222534
SKG_SA_564,2015,0.05240142345428467
SKG_PAR_79,2015,0.040325045585632324
SKG_PAR_124,2015,0.044605135917663574
SKG_PAR_84,2015,0.04254651069641113
SKG_MT_1118,2015,0.20561879873275757
SKG_MT_262,2015,0.04819244146347046
SKG_MT_1108,2015,0.05578052997589111
SKG_PAR_116,2015,0.036456167697906494
SKG_MT_296,2015,0.0673561692237854
SKG_MT_1085,2015,0.06450653076171875
SKG_QA_168,2015,0.0458683967590332
SKG_QA_107,2015,0.06842029094696045
SKG_QA_28,2015,0.049047112464904785
SKG_QA_15,2015,0.03188323974609375
SKG_MT_1456,2015,0.03595280647277832
SKG_MT_615,2015,0.031075119972229004
SKG_QA_155,2015,0.04050123691558838
SKG_MT_304,2015,0.03283274173736572
SKG_MT_320,2015,0.07169395685195923
SKG_MT_1035,2015,5.960464477539063e-08
SKG_MT_1045,2015,0.06087833642959595
SKG_QA_298,2015,0.07476925849914551
SKG_MT_1032,2015,0.06557518243789673
SKG_QA_256,2015,0.07143259048461914
SKG_QA_269,2015,0.06618189811706543
SKG_MT_18,2015,0.06848013401031494
SKG_MT_24,2015,0.054967403411865234
SKG_MT_1380,2015,0.05479836463928223
SKG_MT_48,2015,0.043929994106292725
SKG_MT_1004,2015,0.05343848466873169
SKG_QA_352,2015,0.054587602615356445
SKG_QA_356,2015,0.04162931442260742
SKG_QA_328,2015,0.04735177755355835
SKG_QA_446,2015,0.029113173484802246
SKG_MT_378,2015,0.05925428867340088
SKG_MT_384,2015,0.03200340270996094
SKG_MT_971,2015,0.04678267240524292
SKG_MT_976,2015,0.08128196001052856
SKG_QA_423,2015,0.060440897941589355
SKG_SA_531,2015,0.06090909242630005
SKG_SA_535,2015,0.05680239200592041
SKG_MT_699,2015,0.034750282764434814
SKG_SA_9,2015,0.06110644340515137
SKG_MT_401,2015,0.06255626678466797
SKG_MT_405,2015,0.06146728992462158
SKG_MT_165,2015,0.05858767032623291
SKG_MT_171,2015,0.03888869285583496
SKG_MT_959,2015,0.03613501787185669
SKG_QA_438,2015,0.0385509729385376
SKG_MT_428,2015,0.053354084491729736
SKG_MT_429,2015,0.058113694190979004
SKG_MT_437,2015,0.056385576725006104
SKG_MT_441,2015,0.03463846445083618
SKG_DIA_300,2015,0.06127041578292847
SKG_MT_900,2015,0.07424938678741455
SKG_MT_471,2015,0.05558896064758301
SKG_DIA_275,2015,0.058667004108428955
SKG_SA_107,2015,0.04646098613739014
SKG_SA_114,2015,0.025996923446655273
SKG_SA_65,2015,0.06165105104446411
SKG_SA_78,2015,0.05847901105880737
SKG_MT_1254,2015,0.04321587085723877
SKG_MT_1333,2015,0.06129038333892822
SKG_MT_1346,2015,0.0
SKG_SA_143,2015,0.05968940258026123
SKG_SA_240,2015,0.038635313510894775
SKG_MT_854,2015,0.06328332424163818
SKG_MT_839,2015,0.0393715500831604
SKG_SA_266,2015,0.05238807201385498
SKG_SA_366,2015,0.06692111492156982
SKG_SA_313,2015,0.0485001802444458
SKG_SA_321,2015,0.06813591718673706
SKG_SA_323,2015,0.0483013391494751
SKG_SA_334,2015,0.03250545263290405
SKG_SA_293,2015,0.03049832582473755
SKG_SA_382,2015,0.07838934659957886
SKG_SA_393,2015,0.03854262828826904
SKG_MT_108,2015,0.07176589965820312
SKG_MT_109,2015,0.056210219860076904
SKG_SA_401,2015,0.03682529926300049
SKG_MT_809,2015,0.05234801769256592
SKG_MT_810,2015,0.052483439445495605
SKG_MT_815,2015,0.04688948392868042
SKG_SA_415,2015,0.05883055925369263
SKG_MT_555,2015,0.07650899887084961
SKG_SA_432,2015,0.03841131925582886
SKG_SA_542,2015,0.08690255880355835
SKG_SA_545,2015,0.06381535530090332
SKG_DIA_40,2015,0.06357932090759277
SKG_SA_509,2015,0.031810641288757324
SKG_SA_437,2015,0.037052035331726074
SKG_SA_592,2015,0.049353957176208496
SKG_SA_596,2015,0.07633662223815918
SKG_SA_458,2015,0.06141209602355957
SKG_SA_410,2015,0.03608441352844238
SKG_SUM_136,2015,0.0315479040145874
SKG_SUM_92,2015,0.03376823663711548
SKG_SUM_64,2015,0.07634294033050537
SKG_SUM_190,2016,0.04482924938201904
SKG_MT_673,2016,0.07176291942596436
SKG_SUM_217,2016,0.07117897272109985
SKG_MT_658,2016,0.05047798156738281
SKG_SUM_197,2016,0.07592236995697021
SKG_SUM_85,2016,0.053963541984558105
SKG_SUM_78,2016,0.06060868501663208
SKG_SUM_128,2016,0.06502097845077515
SKG_SA_617,2016,0.06337404251098633
SKG_SUM_108,2016,0.020565390586853027
SKG_MT_1311,2016,0.018963217735290527
SKG_MT_1304,2016,0.05295765399932861
SKG_MT_999,2016,0.05299723148345947
SKG_MT_1219,2016,0.056357383728027344
SKG_SA_463,2016,0.05279994010925293
SKG_SA_504,2016,0.057525694370269775
SKG_SA_497,2016,0.048216044902801514
SKG_MT_698,2016,0.03459322452545166
SKG_SA_462,2016,0.04610985517501831
SKG_MT_731,2016,0.02914363145828247
SKG_DIA_86,2016,0.055539846420288086
SKG_SA_493,2016,0.05895876884460449
SKG_DIA_153,2016,0.05534327030181885
SKG_SA_385,2016,0.06023144721984863
SKG_DIA_109,2016,0.06676477193832397
SKG_SA_431,2016,0.05978214740753174
SKG_SA_427,2016,0.04271805286407471
SKG_SA_426,2016,0.0522230863571167
SKG_MT_574,2016,0.059070050716400146
SKG_MT_2,2016,0.04985964298248291
SKG_MT_1,2016,0.05225872993469238
SKG_MT_201,2016,0.055631279945373535
SKG_MT_1190,2016,0.05231308937072754
SKG_SA_309,2016,0.057079315185546875
SKG_DIA_158,2016,0.0679548978805542
SKG_SA_369,2016,0.07519781589508057
SKG_SA_354,2016,0.060370445251464844
SKG_SA_252,2016,0.06708204746246338
SKG_SA_238,2016,0.05470383167266846
SKG_SA_275,2016,0.05880475044250488
SKG_SA_269,2016,0.06361514329910278
SKG_MT_513,2016,0.04435443878173828
SKG_DIA_204,2016,0.06023144721984863
SKG_PAR_9,2016,0.06569790840148926
SKG_PAR_7,2016,0.06974244117736816
SKG_PAR_36,2016,0.06325185298919678
SKG_MT_1166,2016,0.07271397113800049
SKG_MT_1160,2016,0.05016517639160156
SKG_MT_215,2016,0.055382490158081055
SKG_SA_160,2016,0.04144144058227539
SKG_DIA_245,2016,0.08471924066543579
SKG_SA_193,2016,0.053000450134277344
SKG_SA_190,2016,0.06636941432952881
SKG_DIA_267,2016,0.05054664611816406
SKG_MT_901,2016,0.07711756229400635
SKG_MT_897,2016,0.024302423000335693
SKG_MT_895,2016,0.05937087535858154
SKG_MT_459,2016,0.04917764663696289
SKG_DIA_260,2016,0.08404940366744995
SKG_MT_1138,2016,0.06622201204299927
SKG_MT_241,2016,0.04985976219177246
SKG_MT_237,2016,0.055885910987854004
SKG_MT_230,2016,0.05168449878692627
SKG_SA_17,2016,0.04897373914718628
SKG_SA_8,2016,0.06785112619400024
SKG_SA_41,2016,0.04848957061767578
SKG_SA_26,2016,0.06472766399383545
SKG_MT_905,2016,0.05615091323852539
SKG_MT_431,2016,0.11222982406616211
SKG_SA_89,2016,0.05950009822845459
SKG_SA_85,2016,0.05614030361175537
SKG_QA_470,2016,0.14609670639038086
SKG_DIA_310,2016,0.06282824277877808
SKG_MT_402,2016,0.05277705192565918
SKG_PAR_110,2016,0.055390357971191406
SKG_PAR_162,2016,0.07491511106491089
SKG_PAR_147,2016,0.07115131616592407
SKG_MT_1105,2016,0.04678070545196533
SKG_MT_247,2016,0.05770081281661987
SKG_PAR_135,2016,0.05560767650604248
SKG_QA_376,2016,0.05451613664627075
SKG_QA_375,2016,0.05985546112060547
SKG_QA_366,2016,0.05707347393035889
SKG_QA_421,2016,0.06567978858947754
SKG_QA_419,2016,0.048340797424316406
SKG_QA_407,2016,0.06107240915298462
SKG_MT_960,2016,0.05852389335632324
SKG_MT_381,2016,0.015437185764312744
SKG_QA_405,2016,0.07164061069488525
SKG_QA_312,2016,0.07550555467605591
SKG_QA_340,2016,0.06765419244766235
SKG_QA_337,2016,0.052916526794433594
SKG_QA_335,2016,0.058538854122161865
SKG_MT_994,2016,0.07207298278808594
SKG_MT_370,2016,0.04935026168823242
SKG_MT_365,2016,0.022418498992919922
SKG_MT_362,2016,0.06760203838348389
SKG_MT_360,2016,0.05082559585571289
SKG_QA_345,2016,0.05299723148345947
SKG_PAR_182,2016,0.05587226152420044
SKG_PAR_175,2016,0.046569228172302246
SKG_PAR_173,2016,0.06075650453567505
SKG_PAR_172,2016,0.06622201204299927
SKG_PAR_223,2016,0.05805099010467529
SKG_QA_182,2016,0.06735789775848389
SKG_QA_197,2016,0.05828434228897095
SKG_QA_261,2016,0.05274152755737305
SKG_MT_1029,2016,0.06503379344940186
SKG_MT_327,2016,0.057013630867004395
SKG_QA_253,2016,0.05944383144378662
SKG_QA_70,2016,0.05007582902908325
SKG_QA_63,2016,0.06120574474334717
SKG_QA_131,2016,0.05707347393035889
SKG_QA_118,2016,0.05227053165435791
SKG_MT_312,2016,0.021826088428497314
SKG_MT_1298,2016,0.047825753688812256
SKG_MT_1288,2016,0.05425065755844116
SKG_MT_107,2016,0.05101752281188965
SKG_MT_103,2016,0.03049027919769287
SKG_MT_1233,2016,0.06493347883224487
SKG_MT_1230,2016,0.02997952699661255
SKG_MT_1229,2016,0.05725651979446411
SKG_MT_1264,2016,0.048340797424316406
SKG_MT_1314,2016,0.048726022243499756
SKG_SA_566,2016,0.047130286693573
SKG_DIA_15,2016,0.0812997817993164
SKG_SA_594,2016,0.07170295715332031
SKG_SA_583,2016,0.04424256086349487
SKG_SA_634,2016,0.07381635904312134
SKG_SA_622,2017,0.06354856491088867
SKG_SA_630,2017,0.06093865633010864
SKG_SA_578,2017,0.06351488828659058
SKG_SA_593,2017,0.06127506494522095
SKG_DIA_21,2017,0.068550705909729
SKG_MT_636,2017,0.051857948303222656
SKG_MT_645,2017,0.04832816123962402
SKG_MT_650,2017,0.06435161828994751
SKG_DIA_24,2017,0.07778173685073853
SKG_DIA_25,2017,0.06086289882659912
SKG_SA_537,2017,0.05083334445953369
SKG_MT_88,2017,0.06785023212432861
SKG_MT_104,2017,0.053208768367767334
SKG_MT_1287,2017,0.05593925714492798
SKG_MT_123,2017,0.05329537391662598
SKG_MT_136,2017,0.03634953498840332
SKG_SUM_191,2017,0.07700300216674805
SKG_SUM_103,2017,0.07052773237228394
SKG_QA_145,2017,0.06743264198303223
SKG_MT_1034,2017,0.05507934093475342
SKG_MT_1037,2017,0.035144269466400146
SKG_QA_157,2017,0.07985031604766846
SKG_QA_119,2017,0.04247772693634033
SKG_QA_58,2017,0.06388264894485474
SKG_QA_42,2017,0.06083041429519653
SKG_QA_46,2017,0.050624072551727295
SKG_QA_47,2017,0.026203155517578125
SKG_QA_4,2017,0.05605977773666382
SKG_QA_24,2017,0.07403695583343506
SKG_MT_321,2017,0.06564593315124512
SKG_MT_333,2017,0.031790852546691895
SKG_MT_338,2017,0.05870026350021362
SKG_MT_1013,2017,0.05733126401901245
SKG_MT_351,2017,0.055431246757507324
SKG_QA_235,2017,0.06401658058166504
SKG_QA_242,2017,0.0383988618850708
SKG_QA_223,2017,0.05226510763168335
SKG_QA_172,2017,0.03101450204849243
SKG_QA_175,2017,0.057353198528289795
SKG_QA_26,2017,0.05900239944458008
SKG_PAR_203,2017,0.08377790451049805
SKG_PAR_210,2017,0.051764845848083496
SKG_PAR_224,2017,0.0538446307182312
SKG_MT_1056,2017,0.12140101194381714
SKG_MT_1063,2017,0.048599064350128174
SKG_PAR_176,2017,0.0625295639038086
SKG_PAR_177,2017,0.05169332027435303
SKG_PAR_180,2017,0.0448763370513916
SKG_PAR_183,2017,0.06013023853302002
SKG_PAR_186,2017,0.048632800579071045
SKG_MT_363,2017,0.055391669273376465
SKG_MT_995,2017,0.04814958572387695
SKG_QA_341,2017,0.05025684833526611
SKG_QA_272,2017,0.05406069755554199
SKG_QA_277,2017,0.06497925519943237
SKG_QA_288,2017,0.08583831787109375
SKG_QA_442,2017,0.06979799270629883
SKG_QA_445,2017,0.04014158248901367
SKG_QA_455,2017,0.06881189346313477
SKG_MT_382,2017,0.06233334541320801
SKG_MT_982,2017,0.06050831079483032
SKG_QA_399,2017,0.04925501346588135
SKG_QA_369,2017,0.059999823570251465
SKG_PAR_194,2017,0.08630913496017456
SKG_PAR_197,2017,0.05702024698257446
SKG_PAR_143,2017,0.0594789981842041
SKG_MT_1099,2017,0.0552518367767334
SKG_MT_1103,2017,0.031177818775177002
SKG_PAR_156,2017,0.0
SKG_PAR_112,2017,0.038416385650634766
SKG_PAR_115,2017,0.052476465702056885
SKG_PAR_118,2017,0.05061197280883789
SKG_PAR_122,2017,0.04506760835647583
SKG_SA_21,2017,0.04896891117095947
SKG_MT_397,2017,0.054732441902160645
SKG_MT_400,2017,0.04977297782897949
SKG_MT_408,2017,0.046619296073913574
SKG_MT_934,2017,0.05016005039215088
SKG_MT_939,2017,0.06373488903045654
SKG_DIA_303,2017,0.07485461235046387
SKG_DIA_306,2017,0.02436387538909912
SKG_DIA_307,2017,0.06489336490631104
SKG_QA_462,2017,0.049304842948913574
SKG_QA_471,2017,0.06029045581817627
SKG_QA_472,2017,0.06268727779388428
SKG_QA_431,2017,0.08377784490585327
SKG_SA_108,2017,0.05057406425476074
SKG_SA_116,2017,0.05877882242202759
SKG_MT_427,2017,0.04981207847595215
SKG_MT_910,2017,0.07981109619140625
SKG_MT_911,2017,0.027681469917297363
SKG_MT_924,2017,0.057636380195617676
SKG_MT_448,2017,0.0511394739151001
SKG_DIA_302,2017,0.07153260707855225
SKG_PAR_125,2017,0.05195760726928711
SKG_PAR_126,2017,0.049723267555236816
SKG_MT_246,2017,0.058240532875061035
SKG_PAR_90,2017,0.06555938720703125
SKG_PAR_92,2017,0.061789512634277344
SKG_PAR_95,2017,0.04954737424850464
SKG_PAR_105,2017,0.06223839521408081
SKG_PAR_63,2017,0.0670052170753479
SKG_PAR_65,2017,0.05264997482299805
SKG_PAR_72,2017,0.05513143539428711
SKG_PAR_74,2017,0.06098628044128418
SKG_PAR_75,2017,0.07302093505859375
SKG_SA_131,2017,0.024769365787506104
SKG_SA_140,2017,0.05456078052520752
SKG_SA_149,2017,0.06738859415054321
SKG_SA_152,2017,0.05370736122131348
SKG_MT_460,2017,0.07352674007415771
SKG_MT_465,2017,0.05839163064956665
SKG_MT_872,2017,0.04352462291717529
SKG_MT_873,2017,0.04773068428039551
SKG_MT_475,2017,0.05880546569824219
SKG_SA_100,2017,0.04587364196777344
SKG_SA_253,2017,0.060482025146484375
SKG_MT_861,2017,0.05512356758117676
SKG_MT_870,2017,0.041982293128967285
SKG_MT_494,2017,0.04677003622055054
SKG_DIA_216,2017,0.07786113023757935
SKG_DIA_228,2017,0.053874671459198
SKG_DIA_235,2017,0.06379902362823486
SKG_DIA_251,2017,0.059869349002838135
SKG_DIA_256,2017,0.07658183574676514
SKG_SA_163,2017,0.06862163543701172
SKG_SA_184,2017,0.06062084436416626
SKG_SA_185,2017,0.05423092842102051
SKG_MT_211,2017,0.044286251068115234
SKG_MT_216,2017,0.03675103187561035
SKG_MT_1153,2017,0.06386125087738037
SKG_MT_1156,2017,0.055480360984802246
SKG_PAR_78,2017,0.04996234178543091
SKG_PAR_28,2017,0.06555938720703125
SKG_PAR_29,2017,0.07627856731414795
SKG_PAR_44,2017,0.05152308940887451
SKG_PAR_46,2017,0.049227356910705566
SKG_PAR_57,2017,0.058005332946777344
SKG_SA_258,2017,0.06368142366409302
SKG_SA_261,2017,0.04517018795013428
SKG_MT_497,2017,0.05147528648376465
SKG_MT_842,2017,0.05847823619842529
SKG_MT_517,2017,0.0254632830619812
SKG_MT_533,2017,0.046764910221099854
SKG_SA_227,2017,0.06748735904693604
SKG_SA_228,2017,0.029520273208618164
SKG_SA_247,2017,0.04883134365081787
SKG_SA_249,2017,0.061880648136138916
SKG_MT_819,2017,0.04239386320114136
SKG_MT_781,2017,0.05606532096862793
SKG_SA_353,2017,0.0611882209777832
SKG_SA_364,2017,0.0730178952217102
SKG_SA_370,2017,0.06927692890167236
SKG_SA_316,2017,0.05210411548614502
SKG_SA_319,2017,0.05014604330062866
SKG_SA_331,2017,0.05597800016403198
SKG_DIA_162,2017,0.0644729733467102
SKG_DIA_167,2017,0.06924974918365479
SKG_SA_289,2017,0.05602079629898071
SKG_SA_305,2017,0.07686036825180054
SKG_MT_1222,2017,0.05548673868179321
SKG_MT_1189,2017,0.05567401647567749
SKG_MT_203,2017,0.04079329967498779
SKG_PAR_18,2017,0.05570948123931885
SKG_NLI_2,2017,0.08270716667175293
SKG_MT_1444,2017,0.04434478282928467
SKG_MT_1451,2017,0.04645359516143799
SKG_MT_1466,2017,0.06113588809967041
SKG_MT_1467,2017,0.047738611698150635
SKG_MT_1432,2017,0.05457770824432373
SKG_MT_1416,2017,0.04743170738220215
SKG_MT_25,2017,0.05536472797393799
SKG_SA_419,2017,0.059404611587524414
SKG_SA_421,2017,0.062490642070770264
SKG_MT_546,2017,0.055362701416015625
SKG_MT_549,2017,0.04991769790649414
SKG_MT_767,2017,0.049282193183898926
SKG_DIA_108,2017,0.05533552169799805
SKG_SA_390,2017,0.061636507511138916
SKG_SA_391,2017,0.0798109769821167
SKG_DIA_146,2017,0.08128154277801514
SKG_SA_465,2017,0.06001579761505127
SKG_SA_466,2017,0.06893372535705566
SKG_SA_475,2017,0.052007198333740234
SKG_SA_495,2017,0.05370521545410156
SKG_DIA_78,2017,0.051522016525268555
SKG_DIA_87,2017,0.08508896827697754
SKG_MT_747,2017,0.058545053005218506
SKG_MT_758,2017,0.050391316413879395
SKG_MT_729,2017,0.05788081884384155
SKG_SA_447,2017,0.06350642442703247
SKG_SA_404,2017,0.05915260314941406
SKG_SA_406,2017,0.04724860191345215
SKG_MT_737,2017,0.038416266441345215
SKG_MT_605,2017,0.05854499340057373
SKG_MT_610,2017,0.05447202920913696
SKG_MT_695,2017,0.05491828918457031
SKG_DIA_31,2017,0.07155203819274902
SKG_DIA_46,2017,0.07916837930679321
SKG_SA_506,2017,0.05260157585144043
SKG_SA_510,2017,0.06093871593475342
SKG_SA_511,2017,0.048049092292785645
SKG_SA_520,2017,0.055937230587005615
SKG_DIA_57,2017,0.024022698402404785
SKG_DIA_68,2017,0.07110357284545898
SKG_MT_31,2017,0.03634953498840332
SKG_MT_1366,2017,0.14737951755523682
SKG_MT_1370,2017,0.059347689151763916
SKG_MT_1387,2017,0.0507582426071167
SKG_MT_38,2017,0.04792439937591553
SKG_MT_1239,2017,0.049198031425476074
SKG_MT_151,2017,0.05558288097381592
SKG_MT_168,2017,0.054428696632385254
SKG_MT_53,2017,0.06104409694671631
SKG_MT_1359,2017,0.05400240421295166
SKG_MT_62,2017,0.06278598308563232
SKG_MT_66,2017,0.07380127906799316
SKG_SUM_109,2017,0.05837392807006836
SKG_SUM_113,2017,0.050188422203063965
SKG_SUM_86,2017,0.07617193460464478
SKG_MT_665,2017,0.05181574821472168
SKG_MT_1087,2018,0.0443766713142395
SKG_MT_223,2018,0.023651719093322754
SKG_MT_240,2018,0.07386422157287598
SKG_MT_1113,2018,0.01850682497024536
SKG_MT_1195,2018,0.06958627700805664
SKG_MT_1102,2018,0.053685784339904785
SKG_MT_1106,2018,0.04850113391876221
SKG_MT_1107,2018,0.06487935781478882
SKG_MT_1109,2018,0.05341291427612305
SKG_MT_1110,2018,0.05499386787414551
SKG_MT_281,2018,0.051259517669677734
SKG_MT_293,2018,0.06196892261505127
SKG_MT_1058,2018,0.05920445919036865
SKG_MT_1223,2018,0.046106576919555664
SKG_MT_183,2018,0.047426581382751465
SKG_MT_195,2018,0.05429190397262573
SKG_SUM_120,2018,0.049129605293273926
SKG_SUM_122,2018,0.054505228996276855
SKG_SUM_163,2018,0.023898601531982422
SKG_SUM_164,2018,0.048891663551330566
SKG_SUM_165,2018,0.057204246520996094
SKG_SUM_167,2018,0.056461334228515625
SKG_SUM_132,2018,0.06539857387542725
SKG_SUM_133,2018,0.05497884750366211
SKG_SUM_141,2018,0.06102108955383301
SKG_SUM_158,2018,0.07579183578491211
SKG_MT_669,2018,0.05328702926635742
SKG_MT_672,2018,0.04336124658584595
SKG_MT_684,2018,0.06796342134475708
SKG_MT_691,2018,0.060547471046447754
SKG_SUM_218,2018,0.0587996244430542
SKG_SUM_179,2018,0.05908781290054321
SKG_SA_551,2018,0.0401533842086792
SKG_SA_552,2018,0.05302071571350098
SKG_SA_558,2018,0.09535789489746094
SKG_SA_584,2018,0.051242053508758545
SKG_SA_585,2018,0.05958664417266846
SKG_SA_602,2018,0.054486989974975586
SKG_MT_733,2018,0.05084127187728882
SKG_MT_734,2018,0.053560853004455566
SKG_MT_735,2018,0.058589398860931396
SKG_MT_587,2018,0.055880069732666016
SKG_MT_589,2018,0.04811769723892212
SKG_MT_604,2018,0.04729163646697998
SKG_MT_701,2018,0.0183829665184021
SKG_SA_629,2018,0.055689334869384766
SKG_SA_631,2018,0.05797165632247925
SKG_SA_632,2018,0.06883734464645386
SKG_SA_488,2018,0.02257174253463745
SKG_DIA_77,2018,0.07046592235565186
SKG_DIA_89,2018,0.05940866470336914
SKG_SA_503,2018,0.061425209045410156
SKG_DIA_54,2018,0.023375868797302246
SKG_DIA_58,2018,0.0193861722946167
SKG_MT_575,2018,0.055184125900268555
SKG_MT_745,2018,0.05290776491165161
SKG_MT_754,2018,0.052487075328826904
SKG_MT_757,2018,0.0442347526550293
SKG_MT_717,2018,0.01970207691192627
SKG_SA_547,2018,0.054305076599121094
SKG_DIA_32,2018,0.06476926803588867
SKG_DIA_34,2018,0.06598144769668579
SKG_SA_496,2018,0.053169071674346924
SKG_SA_549,2018,0.04755532741546631
SKG_DIA_166,2018,0.2934633493423462
SKG_DIA_173,2018,0.06476706266403198
SKG_SA_367,2018,0.06284880638122559
SKG_SA_314,2018,0.05913746356964111
SKG_SA_381,2018,0.06214475631713867
SKG_DIA_127,2018,0.058647871017456055
SKG_DIA_128,2018,0.016559958457946777
SKG_DIA_137,2018,0.05595600605010986
SKG_DIA_141,2018,0.04871535301208496
SKG_DIA_120,2018,0.05197173357009888
SKG_MT_764,2018,0.0
SKG_MT_777,2018,0.061274826526641846
SKG_MT_566,2018,0.04922318458557129
SKG_SA_459,2018,0.05171167850494385
SKG_SA_411,2018,0.018586397171020508
SKG_SA_487,2018,0.04456901550292969
SKG_SA_194,2018,0.08073258399963379
SKG_SA_199,2018,0.04736912250518799
SKG_SA_274,2018,0.046295225620269775
SKG_SA_282,2018,0.050472140312194824
SKG_DIA_179,2018,0.06731176376342773
SKG_MT_799,2018,0.043089449405670166
SKG_MT_807,2018,0.06988364458084106
SKG_MT_540,2018,0.06828433275222778
SKG_MT_558,2018,0.014705061912536621
SKG_MT_559,2018,0.07818847894668579
SKG_MT_759,2018,0.057546257972717285
SKG_SA_324,2018,0.0739983320236206
SKG_SA_326,2018,0.03999906778335571
SKG_SA_327,2018,0.052588820457458496
SKG_DIA_156,2018,0.017542243003845215
SKG_DIA_160,2018,0.0545426607131958
SKG_SA_179,2018,0.06086081266403198
SKG_SA_188,2018,0.05704939365386963
SKG_SA_203,2018,0.06219446659088135
SKG_SA_222,2018,0.05486387014389038
SKG_DIA_238,2018,0.022658109664916992
SKG_DIA_243,2018,0.05998373031616211
SKG_MT_532,2018,0.01517951488494873
SKG_MT_818,2018,0.04852592945098877
SKG_MT_821,2018,0.07979273796081543
SKG_MT_822,2018,0.04668998718261719
SKG_MT_825,2018,0.05793321132659912
SKG_MT_791,2018,0.04587721824645996
SKG_SA_248,2018,0.06871902942657471
SKG_SA_256,2018,0.050092875957489014
SKG_DIA_219,2018,0.05980849266052246
SKG_DIA_222,2018,0.05355536937713623
SKG_DIA_287,2018,0.12298703193664551
SKG_SA_90,2018,0.04971092939376831
SKG_SA_105,2018,0.07205140590667725
SKG_SA_106,2018,0.05788588523864746
SKG_SA_117,2018,0.050891995429992676
SKG_SA_144,2018,0.05802750587463379
SKG_DIA_259,2018,0.06311953067779541
SKG_MT_507,2018,0.05579423904418945
SKG_MT_831,2018,0.0633997917175293
SKG_MT_516,2018,0.0680001974105835
SKG_SA_153,2018,0.057224273681640625
SKG_SA_155,2018,0.06872713565826416
SKG_SA_162,2018,0.051966726779937744
SKG_SA_169,2018,0.04486668109893799
SKG_SA_172,2018,0.04658961296081543
SKG_SA_176,2018,0.07188576459884644
SKG_SA_10,2018,0.042175471782684326
SKG_SA_18,2018,0.04276818037033081
SKG_DIA_316,2018,0.05606168508529663
SKG_SA_28,2018,0.06547999382019043
SKG_SA_31,2018,0.052600324153900146
SKG_SA_46,2018,0.05127030611038208
SKG_SA_51,2018,0.062373578548431396
SKG_SA_1,2018,0.06160914897918701
SKG_MT_855,2018,0.06610125303268433
SKG_MT_862,2018,0.06661826372146606
SKG_MT_502,2018,0.05481564998626709
SKG_MT_505,2018,0.06876599788665771
SKG_SA_64,2018,0.020558536052703857
SKG_SA_76,2018,0.054244160652160645
SKG_DIA_280,2018,0.06110018491744995
SKG_DIA_285,2018,0.06444352865219116
SKG_QA_348,2018,0.051116108894348145
SKG_QA_353,2018,0.06380820274353027
SKG_QA_354,2018,0.05249011516571045
SKG_QA_367,2018,0.016030073165893555
SKG_QA_389,2018,0.05285036563873291
SKG_QA_394,2018,0.06034994125366211
SKG_QA_415,2018,0.021870970726013184
SKG_QA_426,2018,0.04755532741546631
SKG_QA_450,2018,0.05454760789871216
SKG_QA_476,2018,0.05389028787612915
SKG_QA_483,2018,0.019158005714416504
SKG_QA_432,2018,0.06215405464172363
SKG_MT_472,2018,0.05181264877319336
SKG_MT_473,2018,0.058971524238586426
SKG_QA_490,2018,0.05420464277267456
SKG_DIA_1,2018,0.05961751937866211
SKG_QA_248,2018,0.0473821759223938
SKG_QA_294,2018,0.027783632278442383
SKG_QA_254,2018,0.023795127868652344
SKG_QA_321,2018,0.0532647967338562
SKG_QA_322,2018,0.021916747093200684
SKG_QA_364,2018,0.058973073959350586
SKG_MT_909,2018,0.019237637519836426
SKG_MT_916,2018,0.06471753120422363
SKG_MT_920,2018,0.03934192657470703
SKG_MT_925,2018,0.06851440668106079
SKG_MT_452,2018,0.07323133945465088
SKG_QA_380,2018,0.05954384803771973
SKG_QA_381,2018,0.05313253402709961
SKG_QA_382,2018,0.05585944652557373
SKG_QA_384,2018,0.02409505844116211
SKG_QA_343,2018,0.0603482723236084
SKG_QA_127,2018,0.06456255912780762
SKG_QA_133,2018,0.052941203117370605
SKG_QA_136,2018,0.0761098861694336
SKG_QA_202,2018,0.04544484615325928
SKG_QA_212,2018,0.060460448265075684
SKG_QA_220,2018,0.060588836669921875
SKG_QA_176,2018,0.0660560131072998
SKG_QA_177,2018,0.06070542335510254
SKG_MT_952,2018,0.045370399951934814
SKG_MT_425,2018,0.06377053260803223
SKG_MT_432,2018,0.015102088451385498
SKG_QA_271,2018,0.05862528085708618
SKG_QA_224,2018,0.04541587829589844
SKG_QA_229,2018,0.054204702377319336
SKG_QA_230,2018,0.02125006914138794
SKG_QA_243,2018,0.06333774328231812
SKG_PAR_222,2018,0.0707082748413086
SKG_PAR_225,2018,0.05293154716491699
SKG_QA_38,2018,0.0637090802192688
SKG_QA_40,2018,0.052394986152648926
SKG_QA_36,2018,0.0680471658706665
SKG_QA_60,2018,0.06476926803588867
SKG_QA_71,2018,0.04776453971862793
SKG_QA_72,2018,0.04692530632019043
SKG_QA_87,2018,0.045557260513305664
SKG_MT_393,2018,0.0741509199142456
SKG_MT_403,2018,0.07049357891082764
SKG_MT_412,2018,0.05624377727508545
SKG_MT_941,2018,0.06851440668106079
SKG_QA_166,2018,0.06955826282501221
SKG_QA_169,2018,0.058971524238586426
SKG_QA_124,2018,0.05357503890991211
SKG_PAR_99,2018,0.05731940269470215
SKG_PAR_102,2018,0.06647396087646484
SKG_PAR_68,2018,0.01656043529510498
SKG_PAR_168,2018,0.05558687448501587
SKG_PAR_114,2018,0.048120975494384766
SKG_PAR_117,2018,0.056539952754974365
SKG_PAR_151,2018,0.0815843939781189
SKG_PAR_152,2018,0.05638086795806885
SKG_PAR_155,2018,0.050702810287475586
SKG_PAR_161,2018,0.03313106298446655
SKG_MT_991,2018,0.054798245429992676
SKG_MT_374,2018,0.0878831148147583
SKG_MT_380,2018,0.05697429180145264
SKG_PAR_191,2018,0.06543093919754028
SKG_PAR_192,2018,0.048191189765930176
SKG_PAR_214,2018,0.03176772594451904
SKG_NLI_10,2018,0.046605467796325684
SKG_NLI_12,2018,0.07283037900924683
SKG_PAR_0,2018,0.016551733016967773
SKG_MT_1443,2018,0.06163215637207031
SKG_PAR_4,2018,0.04182940721511841
SKG_PAR_38,2018,0.06184417009353638
SKG_PAR_39,2018,0.01945793628692627
SKG_PAR_42,2018,0.06720590591430664
SKG_PAR_76,2018,0.06866294145584106
SKG_MT_1020,2018,0.0514865517616272
SKG_MT_1026,2018,0.04729163646697998
SKG_MT_364,2018,0.06601721048355103
SKG_MT_985,2018,0.05499392747879028
SKG_PAR_86,2018,0.05045580863952637
SKG_PAR_88,2018,0.026054859161376953
SKG_PAR_93,2018,0.05957996845245361
SKG_MT_1140,2018,0.02257174253463745
SKG_MT_1355,2018,0.06096154451370239
SKG_MT_1369,2018,0.02426600456237793
SKG_MT_1372,2018,0.07312434911727905
SKG_MT_1402,2018,0.05354273319244385
SKG_MT_1417,2018,0.047495245933532715
SKG_MT_29,2018,0.0611189603805542
SKG_MT_1424,2018,0.046203434467315674
SKG_MT_1433,2018,0.05525773763656616
SKG_MT_1434,2018,0.055134594440460205
SKG_MT_1452,2018,0.07809698581695557
SKG_MT_1049,2018,0.0581059455871582
SKG_MT_1054,2018,0.0588458776473999
SKG_MT_339,2018,0.0645819902420044
SKG_MT_1475,2018,0.05904686450958252
SKG_NLI_4,2018,0.052643775939941406
SKG_MT_197,2018,0.04794609546661377
SKG_MT_155,2018,0.049471259117126465
SKG_MT_158,2018,0.06161689758300781
SKG_MT_1203,2018,0.058003365993499756
SKG_MT_143,2018,0.06662285327911377
SKG_MT_1271,2018,0.05295449495315552
SKG_MT_1278,2018,0.053814828395843506
SKG_MT_1291,2018,0.06171208620071411
SKG_MT_138,2018,0.057015180587768555
SKG_MT_82,2018,0.05706024169921875
SKG_MT_83,2018,0.051553547382354736
SKG_MT_86,2018,0.0642843246459961
SKG_MT_96,2018,0.05097603797912598
SKG_MT_1038,2018,0.0588458776473999
SKG_MT_416,2018,0.06905865669250488
SKG_MT_64,2018,0.047461509704589844
SKG_SA_636,2018,0.05793684720993042
SKG_DIA_9,2018,0.05748927593231201
SKG_SUM_46,2018,0.056783854961395264
SKG_SUM_54,2018,0.05392158031463623
SKG_SUM_61,2018,0.06879925727844238
SKG_SUM_62,2018,0.06436198949813843
SKG_SUM_69,2018,0.05074489116668701
SKG_SUM_93,2018,0.01770317554473877
SKG_SUM_100,2018,0.020215511322021484
SKG_SUM_102,2018,0.06929564476013184
SKG_SUM_114,2018,0.06261563301086426
SKG_MT_709,2018,0.05455130338668823
SKG_MT_659,2018,0.06429946422576904
SKG_MT_662,2018,0.0697363018989563
SKG_SUM_152,2018,0.0535355806350708
SKG_SUM_117,2018,0.05998414754867554
SKG_SUM_176,2018,0.05264014005661011
SKG_SUM_219,2018,0.05727356672286987
SKG_SUM_161,2019,0.04720115661621094
SKG_SUM_159,2019,0.07178401947021484
SKG_SUM_200,2019,0.050624728202819824
SKG_SUM_201,2019,0.05575990676879883
SKG_SUM_202,2019,0.053555965423583984
SKG_SUM_207,2019,0.06482064723968506
SKG_SUM_210,2019,0.06307029724121094
SKG_SUM_213,2019,0.06421816349029541
SKG_QA_49,2019,0.06653338670730591
SKG_QA_44,2019,0.06798762083053589
SKG_QA_43,2019,0.07062554359436035
SKG_QA_25,2019,0.05631875991821289
SKG_QA_19,2019,0.0546187162399292
SKG_QA_11,2019,0.06417340040206909
SKG_QA_81,2019,0.06914973258972168
SKG_QA_77,2019,0.05763012170791626
SKG_SUM_169,2019,0.05031764507293701
SKG_SUM_168,2019,0.06293684244155884
SKG_SUM_126,2019,0.08592581748962402
SKG_SUM_125,2019,0.0672307014465332
SKG_SUM_124,2019,0.07194006443023682
SKG_SUM_115,2019,0.06313765048980713
SKG_SUM_153,2019,0.06575638055801392
SKG_SUM_149,2019,0.05002701282501221
SKG_SUM_156,2019,0.055613815784454346
SKG_SUM_137,2019,0.055613815784454346
SKG_MT_1136,2019,0.06602931022644043
SKG_MT_1135,2019,0.017995834350585938
SKG_MT_1134,2019,0.02047264575958252
SKG_SUM_183,2019,0.08592581748962402
SKG_SUM_182,2019,0.06721460819244385
SKG_MT_674,2019,0.014804244041442871
SKG_SUM_73,2019,0.05297732353210449
SKG_SUM_58,2019,0.05539816617965698
SKG_SUM_57,2019,0.05499875545501709
SKG_SUM_79,2019,0.07987630367279053
SKG_SUM_112,2019,0.0545351505279541
SKG_SUM_101,2019,0.05171644687652588
SKG_SUM_127,2019,0.08339619636535645
SKG_MT_1192,2019,0.046076416969299316
SKG_MT_1185,2019,0.04332232475280762
SKG_MT_1184,2019,0.03891336917877197
SKG_MT_242,2019,0.09040313959121704
SKG_MT_235,2019,0.0530543327331543
SKG_MT_232,2019,0.053974688053131104
SKG_MT_222,2019,0.046804726123809814
SKG_MT_1150,2019,0.04601168632507324
SKG_MT_263,2019,0.34193187952041626
SKG_DIA_6,2019,0.0718461275100708
SKG_SUM_51,2019,0.0575488805770874
SKG_SUM_47,2019,0.05680966377258301
SKG_MT_292,2019,0.04733699560165405
SKG_MT_276,2019,0.06198763847351074
SKG_MT_271,2019,0.04591965675354004
SKG_MT_1088,2019,0.061359703540802
SKG_MT_214,2019,0.056984007358551025
SKG_MT_213,2019,0.047000229358673096
SKG_MT_202,2019,0.0517653226852417
SKG_MT_95,2019,0.06518733501434326
SKG_MT_1196,2019,0.06967687606811523
SKG_SUM_96,2019,0.05512779951095581
SKG_SUM_95,2019,0.045424699783325195
SKG_SUM_94,2019,0.049203455448150635
SKG_SUM_21,2019,0.0672307014465332
SKG_SA_628,2019,0.05667376518249512
SKG_SA_623,2019,0.06157231330871582
SKG_SA_610,2019,0.06635427474975586
SKG_DIA_4,2019,0.05800437927246094
SKG_DIA_0,2019,0.05401521921157837
SKG_MT_1241,2019,0.0472719669342041
SKG_MT_1179,2019,0.04932349920272827
SKG_MT_1176,2019,0.05711352825164795
SKG_MT_75,2019,0.04794973134994507
SKG_MT_189,2019,0.07535719871520996
SKG_MT_1217,2019,0.04924345016479492
SKG_MT_1216,2019,0.04554188251495361
SKG_SUM_37,2019,0.015779614448547363
SKG_SUM_31,2019,0.0504755973815918
SKG_SUM_30,2019,0.0564272403717041
SKG_DIA_8,2019,0.048659443855285645
SKG_DIA_30,2019,0.08382582664489746
SKG_MT_703,2019,0.05769526958465576
SKG_MT_702,2019,0.0614854097366333
SKG_MT_696,2019,0.04986250400543213
SKG_MT_609,2019,0.047280192375183105
SKG_MT_602,2019,0.0791826844215393
SKG_MT_597,2019,0.04281914234161377
SKG_DIA_23,2019,0.06771421432495117
SKG_MT_1261,2019,0.0570186972618103
SKG_MT_142,2019,0.05715334415435791
SKG_MT_1198,2019,0.0698656439781189
SKG_MT_1197,2019,0.04440665245056152
SKG_MT_172,2019,0.049561262130737305
SKG_MT_159,2019,0.05167299509048462
SKG_MT_154,2019,0.05208629369735718
SKG_SA_581,2019,0.057080864906311035
SKG_MT_721,2019,0.04088270664215088
SKG_MT_128,2019,0.060620129108428955
SKG_MT_125,2019,0.016014814376831055
SKG_MT_1301,2019,0.06061464548110962
SKG_MT_1296,2019,0.014773190021514893
SKG_MT_1285,2019,0.06372153759002686
SKG_MT_1234,2019,0.05566978454589844
SKG_MT_1267,2019,0.043694496154785156
SKG_SA_598,2019,0.061110734939575195
SKG_SA_587,2019,0.08144837617874146
SKG_SA_543,2019,0.07671689987182617
SKG_SA_541,2019,0.04680514335632324
SKG_SA_525,2019,0.05538642406463623
SKG_SA_576,2019,0.05839383602142334
SKG_SA_555,2019,0.06587409973144531
SKG_SA_553,2019,0.06133246421813965
SKG_DIA_66,2019,0.044838130474090576
SKG_DIA_62,2019,0.07812714576721191
SKG_MT_113,2019,0.05054664611816406
SKG_MT_111,2019,0.01562553644180298
SKG_MT_106,2019,0.06517130136489868
SKG_MT_101,2019,0.05281937122344971
SKG_MT_98,2019,0.07182669639587402
SKG_MT_90,2019,0.04596507549285889
SKG_MT_1321,2019,0.04662370681762695
SKG_MT_134,2019,0.07464396953582764
SKG_MT_130,2019,0.05066627264022827
SKG_DIA_27,2019,0.06496357917785645
SKG_DIA_51,2019,0.06941598653793335
SKG_DIA_50,2019,0.056589365005493164
SKG_DIA_44,2019,0.054911673069000244
SKG_DIA_36,2019,0.08991032838821411
SKG_DIA_84,2019,0.05767554044723511
SKG_DIA_76,2019,0.06172138452529907
SKG_SA_479,2019,0.016245901584625244
SKG_SA_464,2019,0.04542648792266846
SKG_MT_1043,2019,0.051410973072052
SKG_MT_307,2019,0.05986678600311279
SKG_MT_303,2019,0.04617202281951904
SKG_MT_298,2019,0.06667149066925049
SKG_MT_1083,2019,0.015975236892700195
SKG_MT_1070,2019,0.057631075382232666
SKG_MT_1066,2019,0.037776947021484375
SKG_MT_756,2019,0.057850003242492676
SKG_MT_751,2019,0.08131682872772217
SKG_MT_750,2019,0.05635350942611694
SKG_MT_580,2019,0.06316554546356201
SKG_MT_577,2019,0.05101686716079712
SKG_SA_444,2019,0.016398072242736816
SKG_SA_440,2019,0.06121325492858887
SKG_SA_436,2019,0.06000518798828125
SKG_DIA_96,2019,0.06354337930679321
SKG_MT_1061,2019,0.059400200843811035
SKG_MT_60,2019,0.03971254825592041
SKG_MT_73,2019,0.06775081157684326
SKG_MT_70,2019,0.05659079551696777
SKG_MT_68,2019,0.04975330829620361
SKG_MT_67,2019,0.05896198749542236
SKG_MT_608,2019,0.05104261636734009
SKG_MT_508,2019,0.07374274730682373
SKG_MT_336,2019,0.06568682193756104
SKG_SA_521,2019,0.04732602834701538
SKG_SA_516,2019,0.0601159930229187
SKG_DIA_90,2019,0.05737990140914917
SKG_MT_562,2019,0.0677306056022644
SKG_MT_561,2019,0.047081947326660156
SKG_MT_780,2019,0.05801999568939209
SKG_MT_773,2019,0.05103099346160889
SKG_MT_765,2019,0.03898829221725464
SKG_SA_378,2019,0.05979496240615845
SKG_SA_376,2019,0.061191678047180176
SKG_MT_1374,2019,0.044271767139434814
SKG_MT_1371,2019,0.045433223247528076
SKG_MT_34,2019,0.06694531440734863
SKG_MT_1358,2019,0.06267333030700684
SKG_MT_1357,2019,0.05178719758987427
SKG_MT_1350,2019,0.07747739553451538
SKG_MT_1275,2019,0.05762749910354614
SKG_SA_455,2019,0.06130516529083252
SKG_SA_446,2019,0.0825495719909668
SKG_SA_348,2019,0.06960475444793701
SKG_DIA_123,2019,0.061965107917785645
SKG_DIA_113,2019,0.05388021469116211
SKG_DIA_111,2019,0.06394290924072266
SKG_DIA_106,2019,0.05644071102142334
SKG_DIA_139,2019,0.050241947174072266
SKG_DIA_129,2019,0.0638045072555542
SKG_MT_1405,2019,0.048973679542541504
SKG_MT_1404,2019,0.050271570682525635
SKG_MT_1398,2019,0.04911684989929199
SKG_MT_1397,2019,0.055849432945251465
SKG_MT_50,2019,0.06154888868331909
SKG_MT_43,2019,0.04304349422454834
SKG_MT_35,2019,0.05917900800704956
SKG_MT_1389,2019,0.06360960006713867
SKG_MT_570,2019,0.0
SKG_DIA_164,2019,0.07520478963851929
SKG_SA_337,2019,0.05523025989532471
SKG_SA_328,2019,0.06376194953918457
SKG_MT_761,2019,0.05103099346160889
SKG_MT_1422,2019,0.047368526458740234
SKG_MT_1420,2019,0.04649388790130615
SKG_MT_1419,2019,0.05762755870819092
SKG_MT_1418,2019,0.06278592348098755
SKG_MT_30,2019,0.06276226043701172
SKG_MT_20,2019,0.06622356176376343
SKG_MT_19,2019,0.0519634485244751
SKG_SA_399,2019,0.05007052421569824
SKG_SA_394,2019,0.07506883144378662
SKG_SA_392,2019,0.05765420198440552
SKG_SA_383,2019,0.05278158187866211
SKG_SA_357,2019,0.017861604690551758
SKG_MT_548,2019,0.06518733501434326
SKG_MT_544,2019,0.046804726123809814
SKG_MT_808,2019,0.061000943183898926
SKG_MT_804,2019,0.048672616481781006
SKG_DIA_188,2019,0.07583504915237427
SKG_SA_303,2019,0.08074444532394409
SKG_SA_302,2019,0.07278060913085938
SKG_SA_300,2019,0.06808149814605713
SKG_MT_1469,2019,0.06654340028762817
SKG_MT_1465,2019,0.020490944385528564
SKG_MT_1463,2019,0.050370216369628906
SKG_MT_1445,2019,0.06228357553482056
SKG_DIA_150,2019,0.016279101371765137
SKG_DIA_149,2019,0.05972170829772949
SKG_DIA_147,2019,0.06641149520874023
SKG_DIA_168,2019,0.05760681629180908
SKG_DIA_178,2019,0.07322311401367188
SKG_SA_279,2019,0.05188643932342529
SKG_SA_272,2019,0.05844968557357788
SKG_SA_271,2019,0.07574081420898438
SKG_SA_267,2019,0.05769181251525879
SKG_DIA_203,2019,0.017647087574005127
SKG_DIA_202,2019,0.050136446952819824
SKG_PAR_25,2019,0.053168296813964844
SKG_MT_1016,2019,0.04582339525222778
SKG_MT_1012,2019,0.015052437782287598
SKG_MT_347,2019,0.07679522037506104
SKG_MT_334,2019,0.05813390016555786
SKG_MT_328,2019,0.05368703603744507
SKG_MT_322,2019,0.06292593479156494
SKG_MT_556,2019,0.05020332336425781
SKG_MT_552,2019,0.016773700714111328
SKG_SA_159,2019,0.06176960468292236
SKG_MT_522,2019,0.06663602590560913
SKG_MT_783,2019,0.05300772190093994
SKG_MT_539,2019,0.040882647037506104
SKG_DIA_247,2019,0.07825899124145508
SKG_DIA_234,2019,0.05165630578994751
SKG_SA_218,2019,0.05233967304229736
SKG_DIA_200,2019,0.06912142038345337
SKG_DIA_196,2019,0.08114755153656006
SKG_DIA_193,2019,0.05937635898590088
SKG_DIA_227,2019,0.0564652681350708
SKG_DIA_225,2019,0.04696977138519287
SKG_SA_236,2019,0.0682554841041565
SKG_MT_792,2019,0.05251830816268921
SKG_SA_297,2019,0.048445165157318115
SKG_SA_294,2019,0.07849138975143433
SKG_SA_139,2019,0.06679368019104004
SKG_SA_101,2019,0.05057406425476074
SKG_SA_92,2019,0.04484975337982178
SKG_MT_519,2019,0.014866828918457031
SKG_MT_846,2019,0.04951125383377075
SKG_MT_843,2019,0.055506885051727295
SKG_MT_837,2019,0.05163544416427612
SKG_MT_830,2019,0.05083686113357544
SKG_MT_511,2019,0.06598120927810669
SKG_DIA_268,2019,0.05740541219711304
SKG_DIA_266,2019,0.05212754011154175
SKG_SA_216,2019,0.043889403343200684
SKG_SA_208,2019,0.04011273384094238
SKG_SA_200,2019,0.06452661752700806
SKG_SA_134,2019,0.06522691249847412
SKG_SA_189,2019,0.05922698974609375
SKG_MT_852,2019,0.05578315258026123
SKG_SA_0,2019,0.06335824728012085
SKG_SA_49,2019,0.06414169073104858
SKG_SA_39,2019,0.06798756122589111
SKG_DIA_276,2019,0.06836855411529541
SKG_DIA_271,2019,0.02017033100128174
SKG_DIA_284,2019,0.06039309501647949
SKG_DIA_282,2019,0.05147308111190796
SKG_DIA_279,2019,0.05664151906967163
SKG_DIA_277,2019,0.06342041492462158
SKG_MT_506,2019,0.046103596687316895
SKG_PAR_77,2019,0.05444669723510742
SKG_DIA_261,2019,0.056059300899505615
SKG_DIA_257,2019,0.058309197425842285
SKG_SA_147,2019,0.06435263156890869
SKG_SA_141,2019,0.05316781997680664
SKG_DIA_318,2019,0.05604439973831177
SKG_DIA_313,2019,0.06775104999542236
SKG_DIA_308,2019,0.05331766605377197
SKG_DIA_304,2019,0.0570073127746582
SKG_MT_987,2019,0.06388300657272339
SKG_MT_367,2019,0.04819971323013306
SKG_MT_366,2019,0.0547487735748291
SKG_MT_353,2019,0.015478432178497314
SKG_MT_1031,2019,0.031166434288024902
SKG_MT_1028,2019,0.047498464584350586
SKG_MT_1022,2019,0.04782634973526001
SKG_MT_501,2019,0.056169748306274414
SKG_MT_871,2019,0.061576008796691895
SKG_MT_864,2019,0.03764331340789795
SKG_MT_857,2019,0.05035722255706787
SKG_MT_856,2019,0.07147622108459473
SKG_QA_466,2019,0.053199589252471924
SKG_MT_485,2019,0.061753928661346436
SKG_MT_482,2019,0.0370023250579834
SKG_MT_470,2019,0.058331429958343506
SKG_MT_902,2019,0.015722990036010742
SKG_MT_896,2019,0.05688965320587158
SKG_MT_883,2019,0.05979496240615845
SKG_MT_876,2019,0.05068027973175049
SKG_MT_875,2019,0.04635000228881836
SKG_QA_489,2019,0.017975449562072754
SKG_SA_15,2019,0.017228126525878906
SKG_SA_11,2019,0.06452661752700806
SKG_PAR_101,2019,0.05171000957489014
SKG_SA_38,2019,0.04638469219207764
SKG_SA_35,2019,0.07730370759963989
SKG_SA_27,2019,0.0635976791381836
SKG_QA_371,2019,0.06449472904205322
SKG_QA_370,2019,0.07704704999923706
SKG_QA_403,2019,0.06360924243927002
SKG_QA_457,2019,0.05303013324737549
SKG_QA_454,2019,0.08035457134246826
SKG_QA_452,2019,0.060555219650268555
SKG_QA_449,2019,0.0586775541305542
SKG_QA_447,2019,0.0910908579826355
SKG_QA_387,2019,0.05427861213684082
SKG_QA_386,2019,0.058747053146362305
SKG_QA_440,2019,0.07359015941619873
SKG_QA_484,2019,0.07870292663574219
SKG_QA_482,2019,0.05113464593887329
SKG_QA_481,2019,0.044896721839904785
SKG_QA_475,2019,0.04736846685409546
SKG_QA_473,2019,0.055525898933410645
SKG_MT_444,2019,0.07686328887939453
SKG_MT_921,2019,0.05527573823928833
SKG_MT_918,2019,0.05149656534194946
SKG_MT_904,2019,0.0685112476348877
SKG_QA_306,2019,0.03862416744232178
SKG_QA_299,2019,0.05379509925842285
SKG_QA_333,2019,0.05887198448181152
SKG_QA_362,2019,0.05348473787307739
SKG_QA_361,2019,0.0618969202041626
SKG_QA_359,2019,0.05084306001663208
SKG_MT_1011,2019,0.045368194580078125
SKG_MT_998,2019,0.05933612585067749
SKG_MT_992,2019,0.061871230602264404
SKG_QA_401,2019,0.0784459114074707
SKG_QA_397,2019,0.07291066646575928
SKG_QA_396,2019,0.07438671588897705
SKG_QA_262,2019,0.06910210847854614
SKG_QA_260,2019,0.05190634727478027
SKG_QA_259,2019,0.042955219745635986
SKG_QA_257,2019,0.015359461307525635
SKG_QA_252,2019,0.053778648376464844
SKG_QA_314,2019,0.05040198564529419
SKG_QA_311,2019,0.06285512447357178
SKG_QA_310,2019,0.06751567125320435
SKG_QA_284,2019,0.07115542888641357
SKG_QA_275,2019,0.05499875545501709
SKG_QA_330,2019,0.0643014907836914
SKG_QA_329,2019,0.07603490352630615
SKG_QA_365,2019,0.07202494144439697
SKG_QA_319,2019,0.049916088581085205
SKG_PAR_174,2019,0.17857623100280762
SKG_MT_454,2019,0.04855382442474365
SKG_QA_206,2019,0.0797271728515625
SKG_QA_204,2019,0.061553239822387695
SKG_QA_194,2019,0.018107295036315918
SKG_MT_424,2019,0.05321955680847168
SKG_MT_419,2019,0.04909336566925049
SKG_MT_953,2019,0.06373852491378784
SKG_MT_951,2019,0.06356954574584961
SKG_QA_221,2019,0.06552422046661377
SKG_QA_292,2019,0.018249332904815674
SKG_QA_291,2019,0.04465150833129883
SKG_QA_249,2019,0.054695963859558105
SKG_QA_231,2019,0.057803332805633545
SKG_QA_267,2019,0.05680936574935913
SKG_MT_439,2019,0.070645272731781
SKG_QA_265,2019,0.05463075637817383
SKG_QA_263,2019,0.05685538053512573
SKG_MT_970,2019,0.017122626304626465
SKG_QA_51,2019,0.01526641845703125
SKG_QA_50,2019,0.06307029724121094
SKG_QA_82,2019,0.07297486066818237
SKG_QA_123,2019,0.061037540435791016
SKG_QA_115,2019,0.04984384775161743
SKG_QA_109,2019,0.05937701463699341
SKG_QA_187,2019,0.05981343984603882
SKG_QA_186,2019,0.0595325231552124
SKG_QA_160,2019,0.06538617610931396
SKG_QA_153,2019,0.05293804407119751
SKG_QA_147,2019,0.07134360074996948
SKG_QA_139,2019,0.018662989139556885
SKG_QA_138,2019,0.05719149112701416
SKG_QA_218,2019,0.07626712322235107
SKG_QA_209,2019,0.053263723850250244
SKG_QA_68,2019,0.015779614448547363
SKG_QA_55,2019,0.017899394035339355
SKG_QA_30,2019,0.015236318111419678
SKG_QA_29,2019,0.06789028644561768
SKG_QA_27,2019,0.07241511344909668
SKG_QA_102,2019,0.0504610538482666
SKG_QA_100,2019,0.06335276365280151
SKG_QA_99,2019,0.052867889404296875
SKG_QA_98,2019,0.07840228080749512
SKG_QA_90,2019,0.05709576606750488
SKG_QA_89,2019,0.05243360996246338
SKG_QA_86,2019,0.06081289052963257
SKG_MT_935,2019,0.05950725078582764
SKG_MT_933,2019,0.05805385112762451
SKG_MT_414,2019,0.05849736928939819
SKG_MT_411,2019,0.0618363618850708
SKG_MT_261,2019,0.04741638898849487
SKG_MT_253,2019,0.06546926498413086
SKG_MT_251,2019,0.05473136901855469
SKG_MT_249,2019,0.05068933963775635
SKG_MT_248,2019,0.061128854751586914
SKG_MT_1139,2019,0.015834808349609375
SKG_MT_655,2019,0.049376845359802246
SKG_MT_654,2019,0.016999006271362305
SKG_MT_649,2019,0.05144864320755005
SKG_MT_640,2019,0.014873743057250977
SKG_MT_626,2019,0.048717617988586426
SKG_MT_621,2019,0.053698599338531494
SKG_MT_618,2019,0.06761729717254639
SKG_MT_616,2019,0.06345301866531372
SKG_SUM_91,2019,0.05248969793319702
SKG_SUM_89,2019,0.05297732353210449
SKG_MT_683,2019,0.04901587963104248
SKG_MT_687,2019,0.06160163879394531
SKG_MT_690,2019,0.056940555572509766
SKG_SUM_220,2019,0.049950480461120605
SKG_SUM_199,2020,0.059856534004211426
SKG_SUM_189,2020,0.04276996850967407
SKG_MT_536,2020,0.051412880420684814
SKG_MT_811,2020,0.05140972137451172
SKG_MT_814,2020,0.05113428831100464
SKG_MT_826,2020,0.05638301372528076
SKG_MT_782,2020,0.05743050575256348
SKG_MT_784,2020,0.06740009784698486
SKG_MT_525,2020,0.04474687576293945
SKG_MT_526,2020,0.07192295789718628
SKG_DIA_248,2020,0.055743634700775146
SKG_DIA_254,2020,0.06251657009124756
SKG_SA_156,2020,0.049554526805877686
SKG_SA_124,2020,0.047441184520721436
SKG_SA_133,2020,0.055410683155059814
SKG_SA_205,2020,0.046499013900756836
SKG_MT_1142,2020,0.056310415267944336
SKG_MT_1143,2020,0.04772961139678955
SKG_MT_250,2020,0.07850021123886108
SKG_MT_255,2020,0.05881839990615845
SKG_MT_264,2020,0.051018595695495605
SKG_MT_1146,2020,0.05494999885559082
SKG_SUM_140,2020,0.052452683448791504
SKG_SUM_157,2020,0.05822509527206421
SKG_SUM_150,2020,0.06224733591079712
SKG_SUM_118,2020,0.052374839782714844
SKG_SUM_119,2020,0.050894320011138916
SKG_SUM_121,2020,0.05650162696838379
SKG_QA_41,2020,0.051327645778656006
SKG_SUM_215,2020,0.05834364891052246
SKG_SUM_209,2020,0.05366390943527222
SKG_MT_689,2020,0.05290883779525757
SKG_SUM_104,2020,0.057803332805633545
SKG_SUM_105,2020,0.04773509502410889
SKG_SUM_106,2020,0.055552899837493896
SKG_SUM_75,2020,0.05789726972579956
SKG_SUM_84,2020,0.06509113311767578
SKG_SUM_66,2020,0.03951132297515869
SKG_SUM_70,2020,0.05933648347854614
SKG_QA_69,2020,0.04686105251312256
SKG_MT_1149,2020,0.06308770179748535
SKG_MT_1164,2020,0.0477062463760376
SKG_MT_226,2020,0.04639911651611328
SKG_MT_231,2020,0.04667675495147705
SKG_MT_244,2020,0.05376791954040527
SKG_MT_1126,2020,0.05891537666320801
SKG_MT_1128,2020,0.06022942066192627
SKG_MT_1180,2020,0.045719027519226074
SKG_MT_1145,2020,0.06295430660247803
SKG_MT_1094,2020,0.051612019538879395
SKG_MT_1104,2020,0.05043375492095947
SKG_MT_269,2020,0.05336505174636841
SKG_MT_291,2020,0.06223714351654053
SKG_SUM_53,2020,0.04470491409301758
SKG_QA_88,2020,0.07626813650131226
SKG_QA_91,2020,0.062288522720336914
SKG_QA_94,2020,0.04471105337142944
SKG_QA_96,2020,0.050298452377319336
SKG_QA_32,2020,0.07681125402450562
SKG_QA_33,2020,0.039386868476867676
SKG_QA_59,2020,0.048200011253356934
SKG_QA_61,2020,0.04952049255371094
SKG_SUM_131,2020,0.042668819427490234
SKG_SUM_99,2020,0.06603735685348511
SKG_MT_1178,2020,0.06471109390258789
SKG_MT_1240,2020,0.0302351713180542
SKG_MT_1243,2020,0.04152810573577881
SKG_MT_152,2020,0.055050551891326904
SKG_SUM_16,2020,0.05375427007675171
SKG_SUM_19,2020,0.04524493217468262
SKG_SUM_55,2020,0.05575525760650635
SKG_SUM_56,2020,0.062354207038879395
SKG_DIA_7,2020,0.048694908618927
SKG_DIA_10,2020,0.05292564630508423
SKG_SUM_3,2020,0.04630863666534424
SKG_SUM_26,2020,0.05933648347854614
SKG_SUM_28,2020,0.05173522233963013
NOVEL_QA_38,2020,0.05563616752624512
SKG_MT_207,2020,0.05782139301300049
SKG_MT_208,2020,0.05901235342025757
SKG_QA_132,2020,0.06476867198944092
SKG_QA_135,2020,0.06177407503128052
SKG_QA_103,2020,0.058886706829071045
SKG_QA_52,2020,0.05765420198440552
SKG_MT_965,2020,0.0417255163192749
SKG_MT_967,2020,0.047083497047424316
SKG_MT_974,2020,0.04584014415740967
SKG_MT_978,2020,0.04810100793838501
SKG_MT_407,2020,0.0363200306892395
SKG_MT_937,2020,0.05330228805541992
SKG_MT_943,2020,0.046643972396850586
SKG_MT_173,2020,0.05397498607635498
SKG_MT_177,2020,0.05593985319137573
SKG_MT_186,2020,0.053147315979003906
SKG_MT_190,2020,0.06313109397888184
SKG_MT_12,2020,0.030059456825256348
SKG_SUM_13,2020,0.04630863666534424
SKG_SUM_14,2020,0.07373571395874023
SKG_DIA_2,2020,0.0585094690322876
SKG_DIA_3,2020,0.04970884323120117
SKG_QA_142,2020,0.04933905601501465
SKG_QA_144,2020,0.06442844867706299
SKG_QA_154,2020,0.0599139928817749
SKG_QA_181,2020,0.0541301965713501
SKG_QA_184,2020,0.05911904573440552
SKG_QA_190,2020,0.043126583099365234
SKG_QA_191,2020,0.06509125232696533
SKG_QA_163,2020,0.05061483383178711
SKG_QA_105,2020,0.033588945865631104
SKG_QA_114,2020,0.05791032314300537
SKG_QA_120,2020,0.0642465353012085
SKG_QA_129,2020,0.052599966526031494
SKG_MT_140,2020,0.04659008979797363
SKG_MT_145,2020,0.057828545570373535
SKG_MT_1251,2020,0.05212199687957764
SKG_MT_1258,2020,0.051989078521728516
SKG_MT_1259,2020,0.04346257448196411
SKG_DIA_13,2020,0.06847876310348511
SKG_DIA_14,2020,0.06527453660964966
SKG_DIA_16,2020,0.05156266689300537
SKG_DIA_17,2020,0.07068824768066406
SKG_SA_620,2020,0.07223916053771973
SKG_QA_214,2020,0.05145275592803955
SKG_QA_217,2020,0.05475813150405884
SKG_PAR_211,2020,0.04519462585449219
SKG_PAR_213,2020,0.04593193531036377
SKG_SUM_9,2020,0.0652165412902832
SKG_SUM_10,2020,0.05292552709579468
SKG_MT_1262,2020,0.06149327754974365
SKG_MT_1269,2020,0.0660475492477417
SKG_MT_1272,2020,0.05965304374694824
SKG_MT_1274,2020,0.06414854526519775
SKG_MT_948,2020,0.047827959060668945
SKG_MT_949,2020,0.04593956470489502
SKG_MT_418,2020,0.05212193727493286
SKG_MT_420,2020,0.04594314098358154
SKG_MT_430,2020,0.051084280014038086
SKG_MT_434,2020,0.06415897607803345
SKG_MT_436,2020,0.03809916973114014
NOVEL_MT_95,2020,0.0422130823135376
SKG_MT_161,2020,0.059233784675598145
SKG_MT_163,2020,0.07246911525726318
SKG_MT_1200,2020,0.06004619598388672
SKG_MT_1212,2020,0.039319753646850586
SKG_QA_222,2020,0.047168731689453125
SKG_QA_171,2020,0.06351381540298462
SKG_QA_174,2020,0.05011928081512451
SKG_QA_178,2020,0.06266462802886963
SKG_DIA_18,2020,0.05521571636199951
SKG_DIA_22,2020,0.0610845685005188
SKG_MT_730,2020,0.050824880599975586
SKG_MT_594,2020,0.054982662200927734
SKG_MT_693,2020,0.05096900463104248
SKG_SA_548,2020,0.05168473720550537
SKG_SA_538,2020,0.052558302879333496
SKG_SA_546,2020,0.04329550266265869
SKG_SA_586,2020,0.04485619068145752
SKG_SA_591,2020,0.06284511089324951
SKG_DIA_11,2020,0.046561360359191895
SKG_DIA_12,2020,0.052356600761413574
SKG_DIA_47,2020,0.06713402271270752
SKG_DIA_49,2020,0.04622483253479004
SKG_SA_498,2020,0.04264259338378906
SKG_DIA_29,2020,0.049234867095947266
SKG_MT_129,2020,0.05627703666687012
NOVEL_MT_163,2020,0.051033735275268555
SKG_MT_438,2020,0.04681426286697388
SKG_QA_226,2020,0.050824761390686035
SKG_QA_228,2020,0.06467926502227783
SKG_QA_232,2020,0.053086280822753906
SKG_QA_237,2020,0.06343799829483032
SKG_QA_239,2020,0.0507504940032959
SKG_QA_244,2020,0.0536651611328125
SKG_QA_195,2020,0.052758991718292236
SKG_QA_290,2020,0.060323894023895264
SKG_QA_293,2020,0.054015159606933594
SKG_QA_313,2020,0.049771904945373535
SKG_QA_317,2020,0.052795588970184326
SKG_QA_297,2020,0.04938304424285889
SKG_QA_250,2020,0.061302781105041504
SKG_QA_264,2020,0.0446895956993103
SKG_MT_1238,2020,0.044802844524383545
SKG_MT_114,2020,0.054356932640075684
SKG_MT_115,2020,0.039298057556152344
SKG_MT_118,2020,0.05827146768569946
SKG_MT_1289,2020,0.047251880168914795
SKG_MT_718,2020,0.05540573596954346
SKG_DIA_35,2020,0.06672948598861694
SKG_DIA_39,2020,0.06145244836807251
SKG_DIA_41,2020,0.04946732521057129
SKG_DIA_42,2020,0.05369925498962402
SKG_DIA_45,2020,0.04831337928771973
SKG_MT_579,2020,0.06742775440216064
SKG_MT_746,2020,0.05327296257019043
SKG_MT_749,2020,0.061562418937683105
SKG_MT_714,2020,0.04577815532684326
SKG_MT_1076,2020,0.025819122791290283
SKG_QA_318,2020,0.04354417324066162
SKG_QA_363,2020,0.057056307792663574
SKG_QA_323,2020,0.051585495471954346
SKG_QA_325,2020,0.052452683448791504
SKG_QA_326,2020,0.057452380657196045
SKG_QA_331,2020,0.05106711387634277
SKG_QA_279,2020,0.05277276039123535
SKG_QA_280,2020,0.05398738384246826
SKG_QA_281,2020,0.0663377046585083
SKG_QA_287,2020,0.074745774269104
SKG_QA_307,2020,0.053185462951660156
SKG_SA_519,2020,0.06580173969268799
SKG_DIA_53,2020,0.052030086517333984
SKG_MT_442,2020,0.04815495014190674
SKG_MT_450,2020,0.06626152992248535
SKG_MT_455,2020,0.046302616596221924
SKG_MT_132,2020,0.05957019329071045
SKG_MT_1323,2020,0.08475148677825928
SKG_MT_1331,2020,0.04851686954498291
SKG_MT_99,2020,0.049599647521972656
SKG_MT_105,2020,0.055559635162353516
SKG_MT_112,2020,0.04976212978363037
SKG_DIA_60,2020,0.05642431974411011
SKG_DIA_61,2020,0.05209428071975708
SKG_DIA_65,2020,0.057273030281066895
SKG_DIA_69,2020,0.048160552978515625
SKG_DIA_70,2020,0.055981993675231934
SKG_QA_301,2020,0.07596898078918457
SKG_MT_908,2020,0.05253535509109497
SKG_MT_1078,2020,0.03927212953567505
SKG_MT_302,2020,0.055239319801330566
SKG_MT_309,2020,0.0
SKG_MT_310,2020,0.08346009254455566
SKG_MT_318,2020,0.05840039253234863
SKG_MT_1040,2020,0.040978431701660156
SKG_MT_1041,2020,0.0542377233505249
SKG_MT_267,2020,0.029418230056762695
SKG_SA_467,2020,0.06535112857818604
SKG_SA_470,2020,0.059715986251831055
SKG_SA_478,2020,0.05598801374435425
SKG_DIA_75,2020,0.05301499366760254
SKG_DIA_88,2020,0.03211182355880737
SKG_SA_518,2020,0.051924705505371094
SKG_MT_1008,2020,0.046433210372924805
SKG_MT_383,2020,0.046453118324279785
SKG_MT_385,2020,0.04474121332168579
SKG_MT_386,2020,0.05352562665939331
SKG_MT_392,2020,0.04796820878982544
SKG_MT_963,2020,0.052195072174072266
SKG_MT_456,2020,0.05176275968551636
SKG_MT_464,2020,0.044893085956573486
SKG_QA_374,2020,0.055743634700775146
SKG_QA_383,2020,0.05292356014251709
SKG_QA_346,2020,0.05549478530883789
SKG_QA_351,2020,0.05269801616668701
SKG_QA_360,2020,0.05942070484161377
SKG_QA_332,2020,0.04509294033050537
SKG_QA_342,2020,0.05788552761077881
SKG_QA_300,2020,0.07486981153488159
SKG_QA_408,2020,0.05153608322143555
SKG_QA_409,2020,0.04327744245529175
SKG_QA_368,2020,0.05000591278076172
SKG_QA_372,2020,0.036043643951416016
SKG_QA_373,2020,0.07069206237792969
SKG_QA_391,2020,0.05365782976150513
SKG_QA_393,2020,0.06737041473388672
SKG_QA_395,2020,0.044048964977264404
SKG_QA_402,2020,0.08188736438751221
SKG_PAR_137,2020,0.04936480522155762
SKG_PAR_146,2020,0.06236004829406738
SKG_PAR_150,2020,0.05261462926864624
SKG_MT_990,2020,0.05504882335662842
SKG_MT_996,2020,0.055784523487091064
SKG_MT_997,2020,0.04467308521270752
SKG_MT_1002,2020,0.0
SKG_MT_634,2020,0.06601303815841675
SKG_MT_65,2020,0.04622495174407959
SKG_MT_76,2020,0.05263113975524902
SKG_MT_81,2020,0.04855448007583618
SKG_MT_54,2020,0.06538176536560059
SKG_DIA_97,2020,0.05846494436264038
SKG_DIA_98,2020,0.04498004913330078
SKG_DIA_99,2020,0.05240356922149658
SKG_DIA_101,2020,0.05181628465652466
SKG_DIA_102,2020,0.05305063724517822
SKG_SA_445,2020,0.05171239376068115
SKG_SA_453,2020,0.05436164140701294
SKG_SA_408,2020,0.04354822635650635
SKG_QA_422,2020,0.04574793577194214
NOVEL_MT_9,2020,0.045258402824401855
SKG_QA_406,2020,0.06798368692398071
SKG_MT_1334,2020,0.06450498104095459
SKG_MT_1342,2020,0.05596339702606201
SKG_MT_1345,2020,0.04804879426956177
SKG_MT_1368,2020,0.053133249282836914
SKG_MT_1382,2020,0.06925201416015625
SKG_DIA_124,2020,0.06108391284942627
SKG_MT_766,2020,0.06277704238891602
SKG_MT_769,2020,0.06504815816879272
SKG_MT_774,2020,0.029767990112304688
SKG_MT_775,2020,0.05627483129501343
SKG_PAR_132,2020,0.06530272960662842
SKG_QA_412,2020,0.052636146545410156
SKG_QA_413,2020,0.05641251802444458
SKG_DIA_55,2020,0.07337826490402222
SKG_MT_543,2020,0.06620657444000244
SKG_MT_628,2020,0.04890549182891846
SKG_DIA_105,2020,0.03925752639770508
SKG_MT_477,2020,0.058965981006622314
SKG_MT_479,2020,0.04777419567108154
SKG_MT_483,2020,0.040198564529418945
SKG_MT_486,2020,0.06008470058441162
SKG_QA_458,2020,0.07255268096923828
SKG_QA_460,2020,0.05222749710083008
SKG_QA_477,2020,0.057669639587402344
SKG_QA_479,2020,0.05031740665435791
SKG_QA_441,2020,0.05174219608306885
SKG_DIA_72,2020,0.06099987030029297
SKG_DIA_73,2020,0.0552440881729126
SKG_MT_1341,2020,0.04935503005981445
SKG_MT_1348,2020,0.06230360269546509
SKG_MT_1356,2020,0.05983126163482666
SKG_MT_1362,2020,0.05097603797912598
SKG_MT_898,2020,0.05949962139129639
SKG_MT_776,2020,0.045247673988342285
SKG_MT_568,2020,0.04516810178756714
SKG_MT_573,2020,0.044190406799316406
SKG_MT_36,2020,0.05485177040100098
SKG_MT_37,2020,0.04269677400588989
SKG_MT_41,2020,0.05137288570404053
SKG_MT_42,2020,0.059173643589019775
SKG_MT_51,2020,0.053693175315856934
SKG_MT_1391,2020,0.05770003795623779
SKG_MT_1393,2020,0.04180556535720825
SKG_MT_1407,2020,0.07050192356109619
SKG_DIA_126,2020,0.05240750312805176
SKG_DIA_143,2020,0.08033734560012817
SKG_SA_413,2020,0.05363130569458008
SKG_DIA_103,2020,0.0454024076461792
SKG_DIA_119,2020,0.0722893476486206
SKG_DIA_151,2020,0.06404095888137817
SKG_SA_344,2020,0.051492273807525635
SKG_SA_345,2020,0.058625638484954834
SKG_SA_350,2020,0.05089998245239258
SKG_SA_358,2020,0.04665172100067139
SKG_SA_371,2020,0.05092960596084595
SKG_SA_312,2020,0.04969453811645508
SKG_SA_384,2020,0.05344754457473755
SKG_SA_402,2020,0.04790431261062622
SKG_SA_403,2020,0.05447053909301758
SKG_MT_1409,2020,0.058223605155944824
SKG_QA_486,2020,0.07249456644058228
SKG_QA_492,2020,0.05695897340774536
SKG_QA_444,2020,0.05472064018249512
SKG_MT_889,2020,0.040847599506378174
SKG_DIA_187,2020,0.06101691722869873
SKG_MT_8,2020,0.05491805076599121
SKG_MT_28,2020,0.05450761318206787
SKG_MT_5,2020,0.05843013525009155
SKG_MT_760,2020,0.04990476369857788
SKG_DIA_154,2020,0.0421137809753418
SKG_DIA_155,2020,0.07091414928436279
SKG_DIA_159,2020,0.048931121826171875
SKG_DIA_165,2020,0.06180143356323242
SKG_DIA_169,2020,0.050658226013183594
SKG_DIA_144,2020,0.06060075759887695
SKG_DIA_145,2020,0.05116790533065796
SKG_DIA_107,2020,0.06267887353897095
SKG_DIA_112,2020,0.06289553642272949
SKG_DIA_115,2020,0.04012340307235718
SKG_DIA_116,2020,0.039770305156707764
SKG_DIA_206,2020,0.06984007358551025
SKG_SA_263,2020,0.049945712089538574
SKG_SA_276,2020,0.05094707012176514
SKG_SA_280,2020,0.03920459747314453
SKG_DIA_177,2020,0.06247180700302124
SKG_SA_2,2020,0.06977558135986328
SKG_MT_1428,2020,0.07196164131164551
SKG_MT_1430,2020,0.0627487301826477
SKG_MT_1431,2020,0.06986808776855469
SKG_MT_1447,2020,0.06003677845001221
SKG_MT_1450,2020,0.05494999885559082
SKG_MT_1457,2020,0.0616338849067688
SKG_MT_1468,2020,0.08752691745758057
SKG_DIA_180,2020,0.06358355283737183
SKG_DIA_185,2020,0.057926177978515625
SKG_DIA_186,2020,0.057138800621032715
SKG_DIA_297,2020,0.057219088077545166
SKG_PAR_83,2020,0.06551599502563477
SKG_PAR_64,2020,0.06692969799041748
SKG_PAR_70,2020,0.04962444305419922
SKG_PAR_163,2020,0.05699187517166138
SKG_PAR_111,2020,0.04205155372619629
SKG_PAR_131,2020,0.055133938789367676
SKG_MT_796,2020,0.07191497087478638
SKG_MT_541,2020,0.05239897966384888
SKG_MT_1044,2020,0.0
SKG_MT_1051,2020,0.046314120292663574
SKG_MT_329,2020,0.05540186166763306
SKG_MT_330,2020,0.04433625936508179
SKG_MT_343,2020,0.05900365114212036
SKG_MT_1014,2020,0.05640006065368652
SKG_MT_1015,2020,0.052266716957092285
SKG_NLI_17,2020,0.05639839172363281
SKG_NLI_18,2020,0.053592562675476074
SKG_NLI_19,2020,0.042040467262268066
SKG_MT_1018,2020,0.05941367149353027
SKG_MT_1021,2020,0.055459022521972656
SKG_MT_354,2020,0.05305588245391846
SKG_MT_357,2020,0.06088817119598389
SKG_MT_361,2020,0.03853809833526611
SKG_DIA_305,2020,0.05575263500213623
SKG_DIA_309,2020,0.06262701749801636
SKG_DIA_311,2020,0.043543219566345215
SKG_DIA_314,2020,0.05400723218917847
SKG_DIA_315,2020,0.05323976278305054
SKG_DIA_317,2020,0.059937238693237305
SKG_DIA_289,2020,0.053294241428375244
SKG_DIA_293,2020,0.050510942935943604
SKG_DIA_286,2020,0.07447421550750732
SKG_DIA_273,2020,0.05997776985168457
SKG_SA_91,2020,0.04861283302307129
SKG_MT_859,2020,0.04221904277801514
SKG_MT_489,2020,0.06918162107467651
SKG_MT_490,2020,0.05639147758483887
SKG_MT_495,2020,0.03878432512283325
SKG_MT_499,2020,0.051300883293151855
SKG_SA_284,2020,0.042773544788360596
SKG_SA_299,2020,0.04241454601287842
SKG_PAR_26,2020,0.04790794849395752
SKG_NLI_0,2020,0.030900657176971436
SKG_NLI_3,2020,0.06635022163391113
SKG_NLI_5,2020,0.056696414947509766
SKG_NLI_8,2020,0.05164527893066406
SKG_NLI_16,2020,0.06288504600524902
SKG_DIA_226,2020,0.05060279369354248
SKG_DIA_230,2020,0.05758464336395264
SKG_DIA_191,2020,0.058852553367614746
SKG_DIA_197,2020,0.05744969844818115
SKG_DIA_232,2020,0.06133902072906494
SKG_DIA_236,2020,0.05650055408477783
SKG_DIA_237,2020,0.05173492431640625
SKG_DIA_244,2020,0.06480252742767334
SKG_MT_531,2020,0.05368328094482422
SKG_PAR_81,2020,0.05143672227859497
SKG_SA_58,2020,0.04171633720397949
SKG_SA_71,2020,0.05649280548095703
SKG_SA_81,2020,0.05558896064758301
SKG_SA_84,2020,0.0446552038192749
SKG_SA_87,2020,0.04672497510910034
SKG_DIA_283,2020,0.04718017578125
SKG_MT_848,2020,0.05438852310180664
SKG_MT_521,2020,0.04743301868438721
SKG_SA_94,2020,0.05981069803237915
SKG_SA_95,2020,0.05040299892425537
SKG_SA_102,2020,0.06356477737426758
SKG_SA_54,2020,0.06256210803985596
SKG_SA_55,2020,0.05642521381378174
SKG_SA_57,2020,0.05255472660064697
SKG_SA_137,2020,0.05015408992767334
SKG_SA_150,2020,0.047819554805755615
SKG_DIA_262,2020,0.062178730964660645
SKG_SA_231,2020,0.037013888359069824
SKG_SA_233,2020,0.03317701816558838
SKG_SA_235,2020,0.06037873029708862
SKG_DIA_214,2020,0.05662006139755249
SKG_DIA_218,2020,0.05601930618286133
SKG_SA_214,2020,0.051667213439941406
SKG_PAR_1,2020,0.05740654468536377
SKG_PAR_6,2020,0.05508458614349365
SKG_PAR_8,2020,0.06278645992279053
SKG_PAR_13,2020,0.03880608081817627
SKG_PAR_16,2020,0.04256701469421387
SKG_PAR_21,2020,0.05741441249847412
SKG_PAR_23,2020,0.07235503196716309
SKG_PAR_32,2020,0.042646586894989014
SKG_PAR_51,2020,0.04998290538787842
SKG_DIA_263,2020,0.06349265575408936
SKG_DIA_264,2020,0.06287944316864014
SKG_DIA_265,2020,0.05534052848815918
SKG_DIA_270,2020,0.06508219242095947
SKG_MT_512,2020,0.04839754104614258
SKG_MT_833,2020,0.050854504108428955
SKG_MT_1181,2020,0.07427072525024414
SKG_MT_1182,2020,0.06261909008026123
SKG_MT_1188,2020,0.03702425956726074
SKG_QA_2,2020,0.04686105251312256
SKG_QA_16,2020,0.04858815670013428
SKG_QA_18,2020,0.05855417251586914
SKG_SUM_123,2020,0.04630863666534424
SKG_SUM_170,2020,0.047239720821380615
SKG_SUM_171,2020,0.06507754325866699
SKG_SUM_135,2020,0.0560758113861084
SKG_MT_611,2020,0.04886269569396973
SKG_MT_612,2020,0.04761362075805664
SKG_MT_614,2020,0.025819122791290283
SKG_MT_631,2020,0.04455059766769409
SKG_MT_656,2020,0.024827003479003906
SKG_SUM_146,2020,0.05100029706954956
SKG_MT_685,2020,0.052455902099609375
SKG_MT_677,2020,0.03759264945983887
SKG_SUM_160,2020,0.06300216913223267
SKG_SUM_139,2020,0.05856943130493164
SKG_SUM_138,2020,0.07373559474945068
SKG_SUM_184,2020,0.05769956111907959
SKG_SUM_192,2020,0.04724705219268799
SKG_SUM_206,2020,0.05400347709655762
NOVEL_MT_139,2021,0.0118027925491333
NOVEL_DIA_0,2021,0.05060076713562012
NOVEL_DIA_8,2021,0.011606156826019287
NOVEL_DIA_10,2021,0.05072367191314697
NOVEL_DIA_11,2021,0.015186488628387451
NOVEL_DIA_12,2021,0.060324668884277344
NOVEL_DIA_13,2021,0.06311488151550293
NOVEL_DIA_14,2021,0.05095231533050537
NOVEL_DIA_16,2021,0.021232962608337402
NOVEL_DIA_17,2021,0.0390889048576355
NOVEL_DIA_18,2021,0.05732518434524536
NOVEL_DIA_20,2021,0.06010138988494873
NOVEL_DIA_22,2021,0.053389668464660645
NOVEL_DIA_23,2021,0.03918290138244629
NOVEL_DIA_24,2021,0.07010328769683838
NOVEL_QA_80,2021,0.014560043811798096
NOVEL_QA_79,2021,0.013654828071594238
NOVEL_DIA_6,2021,0.04381382465362549
NOVEL_DIA_2,2021,0.015878617763519287
NOVEL_DIA_3,2021,0.05056309700012207
NOVEL_DIA_4,2021,0.08045971393585205
NOVEL_DIA_5,2021,0.05281376838684082
NOVEL_MT_286,2021,0.06426030397415161
NOVEL_MT_259,2021,0.04546988010406494
NOVEL_MT_261,2021,0.03738808631896973
NOVEL_MT_262,2021,0.038281261920928955
NOVEL_MT_264,2021,0.05344271659851074
NOVEL_MT_265,2021,0.06142604351043701
NOVEL_MT_266,2021,0.012978076934814453
NOVEL_MT_283,2021,0.05207580327987671
NOVEL_MT_284,2021,0.012738347053527832
NOVEL_QA_83,2021,0.06102311611175537
NOVEL_MT_268,2021,0.05237776041030884
NOVEL_MT_269,2021,0.05759322643280029
NOVEL_MT_270,2021,0.04971593618392944
NOVEL_MT_271,2021,0.05887109041213989
NOVEL_MT_243,2021,0.011893689632415771
NOVEL_DIA_21,2021,0.06461519002914429
NOVEL_MT_245,2021,0.00908660888671875
NOVEL_MT_246,2021,0.059906601905822754
NOVEL_MT_247,2021,0.04388713836669922
NOVEL_MT_250,2021,0.008884310722351074
NOVEL_MT_252,2021,0.01665472984313965
NOVEL_MT_253,2021,0.0806664228439331
NOVEL_MT_254,2021,0.023217499256134033
NOVEL_SA_67,2021,0.0638812780380249
NOVEL_SA_69,2021,0.012920975685119629
NOVEL_MT_255,2021,0.008940458297729492
NOVEL_MT_274,2021,0.04174363613128662
NOVEL_MT_275,2021,0.03371298313140869
NOVEL_MT_277,2021,0.05560445785522461
NOVEL_SA_46,2021,0.05892890691757202
NOVEL_MT_282,2021,0.05770063400268555
NOVEL_MT_256,2021,0.06662499904632568
NOVEL_MT_257,2021,0.06012916564941406
NOVEL_MT_258,2021,0.015484094619750977
NOVEL_MT_228,2021,0.04638981819152832
NOVEL_MT_230,2021,0.06926405429840088
NOVEL_MT_234,2021,0.10145395994186401
NOVEL_MT_235,2021,0.0521809458732605
NOVEL_MT_236,2021,0.05187958478927612
NOVEL_MT_238,2021,0.04889512062072754
NOVEL_MT_209,2021,0.05913609266281128
NOVEL_MT_210,2021,0.04499024152755737
NOVEL_MT_213,2021,0.017931878566741943
NOVEL_MT_298,2021,0.06798815727233887
NOVEL_MT_300,2021,0.042325735092163086
NOVEL_SA_52,2021,0.042619526386260986
NOVEL_SA_53,2021,0.027143001556396484
NOVEL_SA_55,2021,0.012264430522918701
NOVEL_SA_56,2021,0.05558598041534424
NOVEL_SA_57,2021,0.06567156314849854
NOVEL_SA_58,2021,0.04603743553161621
NOVEL_SA_59,2021,0.04879140853881836
NOVEL_SA_60,2021,0.009987592697143555
NOVEL_SA_61,2021,0.05889105796813965
NOVEL_SA_62,2021,0.05365931987762451
NOVEL_SA_63,2021,0.03942686319351196
NOVEL_SA_64,2021,0.08091330528259277
NOVEL_SA_65,2021,0.0557401180267334
NOVEL_SA_31,2021,0.04763990640640259
NOVEL_SA_33,2021,0.05569112300872803
NOVEL_MT_287,2021,0.061579227447509766
NOVEL_MT_289,2021,0.05041933059692383
NOVEL_MT_290,2021,0.01953864097595215
NOVEL_MT_291,2021,0.06903988122940063
NOVEL_MT_295,2021,0.007571041584014893
NOVEL_MT_301,2021,0.05611300468444824
NOVEL_MT_303,2021,0.05790674686431885
NOVEL_MT_304,2021,0.054865479469299316
NOVEL_MT_305,2021,0.012920975685119629
NOVEL_DIA_1,2021,0.04651165008544922
NOVEL_SA_34,2021,0.050186753273010254
NOVEL_SA_37,2021,0.05774557590484619
NOVEL_SA_38,2021,0.05250906944274902
NOVEL_SA_39,2021,0.05314671993255615
NOVEL_SA_40,2021,0.06447261571884155
NOVEL_SA_41,2021,0.014913558959960938
NOVEL_SA_42,2021,0.04992955923080444
NOVEL_SA_43,2021,0.05944192409515381
NOVEL_SA_44,2021,0.06977123022079468
NOVEL_SA_45,2021,0.018255412578582764
NOVEL_QA_77,2021,0.030031323432922363
NOVEL_SA_48,2021,0.01177215576171875
NOVEL_SA_50,2021,0.04903006553649902
NOVEL_SA_51,2021,0.02570897340774536
NOVEL_SA_14,2021,0.008852064609527588
NOVEL_SA_15,2021,0.053786635398864746
NOVEL_SA_16,2021,0.04215407371520996
NOVEL_SA_17,2021,0.014758825302124023
NOVEL_SA_18,2021,0.04285949468612671
NOVEL_SA_19,2021,0.014321446418762207
NOVEL_SA_20,2021,0.024128317832946777
NOVEL_SA_21,2021,0.048017799854278564
NOVEL_SA_22,2021,0.05683332681655884
NOVEL_SA_24,2021,0.05633068084716797
NOVEL_SA_25,2021,0.02321779727935791
NOVEL_SA_26,2021,0.06365823745727539
NOVEL_SA_27,2021,0.054141998291015625
NOVEL_SA_28,2021,0.054792046546936035
NOVEL_SA_66,2021,0.05049753189086914
NOVEL_SA_30,2021,0.052139997482299805
NOVEL_SA_0,2021,0.015498161315917969
NOVEL_SA_1,2021,0.04551440477371216
NOVEL_SA_2,2021,0.017986774444580078
NOVEL_SA_3,2021,0.022070705890655518
NOVEL_SA_4,2021,0.016185522079467773
NOVEL_SA_7,2021,0.008416235446929932
NOVEL_SA_8,2021,0.02319812774658203
NOVEL_SA_9,2021,0.04840958118438721
NOVEL_SA_10,2021,0.05337470769882202
NOVEL_SA_11,2021,0.05654716491699219
NOVEL_SA_12,2021,0.053672075271606445
NOVEL_SA_49,2021,0.006317734718322754
NOVEL_SA_13,2021,0.018116474151611328
NOVEL_SA_29,2021,0.02622532844543457
NOVEL_MT_11,2021,0.018048405647277832
NOVEL_MT_15,2021,0.008562564849853516
NOVEL_MT_16,2021,0.045283377170562744
NOVEL_MT_17,2021,0.06876295804977417
NOVEL_MT_214,2021,0.059793829917907715
NOVEL_MT_215,2021,0.011935830116271973
NOVEL_MT_218,2021,0.05271041393280029
NOVEL_MT_219,2021,0.05706608295440674
NOVEL_MT_221,2021,0.04745757579803467
NOVEL_MT_224,2021,0.013327956199645996
NOVEL_MT_227,2021,0.05482923984527588
NOVEL_MT_190,2021,0.06977123022079468
NOVEL_MT_192,2021,0.04695165157318115
NOVEL_MT_193,2021,0.06339085102081299
NOVEL_MT_198,2021,0.008733272552490234
NOVEL_MT_202,2021,0.011704802513122559
NOVEL_MT_205,2021,0.049925029277801514
NOVEL_MT_207,2021,0.012508034706115723
NOVEL_MT_208,2021,0.01663517951965332
NOVEL_MT_0,2021,0.053672194480895996
NOVEL_MT_2,2021,0.046511709690093994
NOVEL_MT_4,2021,0.05484449863433838
NOVEL_MT_5,2021,0.0512312650680542
NOVEL_MT_10,2021,0.042966485023498535
NOVEL_MT_29,2021,0.056514859199523926
NOVEL_MT_31,2021,0.08614593744277954
NOVEL_MT_35,2021,0.0736532211303711
NOVEL_MT_37,2021,0.00950711965560913
NOVEL_MT_39,2021,0.047247111797332764
NOVEL_MT_40,2021,0.012949168682098389
NOVEL_MT_19,2021,0.04761689901351929
NOVEL_MT_21,2021,0.07499504089355469
NOVEL_MT_23,2021,0.06375467777252197
NOVEL_MT_24,2021,0.007922768592834473
NOVEL_MT_25,2021,0.04378151893615723
NOVEL_MT_26,2021,0.04733145236968994
NOVEL_MT_54,2021,0.013755202293395996
NOVEL_DIA_26,2021,0.042655110359191895
NOVEL_MT_61,2021,0.05357760190963745
NOVEL_MT_62,2021,0.04485678672790527
NOVEL_MT_42,2021,0.05780625343322754
NOVEL_MT_45,2021,0.07057195901870728
NOVEL_MT_47,2021,0.009070158004760742
NOVEL_MT_49,2021,0.05487149953842163
NOVEL_MT_52,2021,0.04448038339614868
NOVEL_MT_53,2021,0.02091914415359497
NOVEL_MT_172,2021,0.017204880714416504
NOVEL_MT_174,2021,0.054418087005615234
NOVEL_MT_177,2021,0.05413699150085449
NOVEL_MT_179,2021,0.010658740997314453
NOVEL_MT_180,2021,0.015195310115814209
NOVEL_MT_181,2021,0.053723931312561035
NOVEL_MT_182,2021,0.046472787857055664
NOVEL_MT_183,2021,0.06522643566131592
NOVEL_MT_185,2021,0.02161550521850586
NOVEL_MT_186,2021,0.008682489395141602
NOVEL_MT_187,2021,0.008229732513427734
NOVEL_DIA_25,2021,0.072049081325531
NOVEL_MT_189,2021,0.021319568157196045
NOVEL_QA_0,2021,0.014044642448425293
NOVEL_QA_1,2021,0.05156677961349487
NOVEL_MT_63,2021,0.018736422061920166
NOVEL_MT_64,2021,0.04728466272354126
NOVEL_MT_66,2021,0.011986792087554932
NOVEL_MT_67,2021,0.042932093143463135
NOVEL_MT_71,2021,0.05790114402770996
NOVEL_MT_74,2021,0.03515511751174927
NOVEL_MT_88,2021,0.04761475324630737
NOVEL_MT_89,2021,0.012404859066009521
NOVEL_MT_91,2021,0.06878650188446045
NOVEL_MT_92,2021,0.061492204666137695
NOVEL_MT_77,2021,0.04409533739089966
NOVEL_MT_78,2021,0.011441946029663086
NOVEL_MT_81,2021,0.05762505531311035
NOVEL_MT_82,2021,0.05588775873184204
NOVEL_MT_83,2021,0.06028622388839722
NOVEL_MT_86,2021,0.0364384651184082
NOVEL_MT_148,2021,0.043398261070251465
NOVEL_MT_150,2021,0.0073740482330322266
NOVEL_MT_153,2021,0.05713200569152832
NOVEL_MT_154,2021,0.015438377857208252
NOVEL_MT_155,2021,0.06577885150909424
NOVEL_MT_156,2021,0.05806136131286621
NOVEL_MT_161,2021,0.015058159828186035
NOVEL_MT_165,2021,0.060545921325683594
NOVEL_MT_167,2021,0.01184171438217163
NOVEL_MT_168,2021,0.06230270862579346
NOVEL_QA_4,2021,0.05258101224899292
NOVEL_QA_5,2021,0.06153988838195801
NOVEL_QA_7,2021,0.011394143104553223
NOVEL_QA_8,2021,0.04383927583694458
NOVEL_QA_10,2021,0.05158275365829468
NOVEL_MT_93,2021,0.0466572642326355
NOVEL_MT_96,2021,0.01357269287109375
NOVEL_MT_99,2021,0.048713505268096924
NOVEL_MT_101,2021,0.06798815727233887
NOVEL_MT_104,2021,0.04819005727767944
NOVEL_MT_105,2021,0.06522411108016968
NOVEL_MT_107,2021,0.07333260774612427
NOVEL_MT_108,2021,0.05777597427368164
NOVEL_SUM_41,2021,0.008106589317321777
NOVEL_SUM_42,2021,0.023535192012786865
NOVEL_SUM_44,2021,0.06315988302230835
NOVEL_SUM_14,2021,0.050985097885131836
NOVEL_SUM_15,2021,0.024128317832946777
NOVEL_SUM_16,2021,0.0477982759475708
NOVEL_SUM_64,2021,0.06136035919189453
NOVEL_SUM_66,2021,0.05175304412841797
NOVEL_SUM_67,2021,0.011292099952697754
NOVEL_SUM_68,2021,0.040975868701934814
NOVEL_SUM_17,2021,0.04581385850906372
NOVEL_SUM_19,2021,0.06461513042449951
NOVEL_SUM_20,2021,0.05524855852127075
NOVEL_SUM_21,2021,0.009073793888092041
NOVEL_SUM_22,2021,0.042654991149902344
NOVEL_SUM_23,2021,0.01118779182434082
NOVEL_SUM_3,2021,0.043686509132385254
NOVEL_SUM_39,2021,0.007387876510620117
NOVEL_QA_12,2021,0.04419577121734619
NOVEL_QA_13,2021,0.053786635398864746
NOVEL_QA_14,2021,0.011283159255981445
NOVEL_QA_15,2021,0.04215407371520996
NOVEL_QA_16,2021,0.04285949468612671
NOVEL_QA_17,2021,0.05915653705596924
NOVEL_QA_18,2021,0.05759960412979126
NOVEL_QA_21,2021,0.00891256332397461
NOVEL_QA_22,2021,0.06095653772354126
NOVEL_QA_25,2021,0.049394845962524414
NOVEL_QA_26,2021,0.018198668956756592
NOVEL_QA_27,2021,0.05421680212020874
NOVEL_SUM_36,2021,0.05397212505340576
NOVEL_SUM_37,2021,0.04271310567855835
NOVEL_SUM_38,2021,0.022368669509887695
NOVEL_SUM_45,2021,0.014889061450958252
NOVEL_SUM_46,2021,0.055503666400909424
NOVEL_SUM_6,2021,0.038450419902801514
NOVEL_SUM_7,2021,0.04419577121734619
NOVEL_SUM_8,2021,0.0600321888923645
NOVEL_SUM_10,2021,0.04402428865432739
NOVEL_SUM_11,2021,0.054495394229888916
NOVEL_SUM_12,2021,0.014104247093200684
NOVEL_SUM_13,2021,0.05200040340423584
NOVEL_SUM_56,2021,0.010495424270629883
NOVEL_SUM_58,2021,0.014242827892303467
NOVEL_SUM_59,2021,0.045169711112976074
NOVEL_SUM_60,2021,0.00873112678527832
NOVEL_SUM_61,2021,0.057992517948150635
NOVEL_SUM_69,2021,0.05763876438140869
NOVEL_SUM_70,2021,0.011542797088623047
NOVEL_SUM_24,2021,0.011739253997802734
NOVEL_SUM_26,2021,0.06006312370300293
NOVEL_SUM_28,2021,0.04380232095718384
NOVEL_SUM_30,2021,0.05399221181869507
NOVEL_SUM_31,2021,0.046567440032958984
NOVEL_SUM_32,2021,0.04561537504196167
NOVEL_SUM_33,2021,0.06216120719909668
NOVEL_QA_30,2021,0.06165289878845215
NOVEL_QA_32,2021,0.054141998291015625
NOVEL_MT_116,2021,0.04653465747833252
NOVEL_MT_117,2021,0.05396914482116699
NOVEL_MT_109,2021,0.06402420997619629
NOVEL_MT_110,2021,0.03911471366882324
NOVEL_MT_112,2021,0.06815659999847412
NOVEL_MT_113,2021,0.052394986152648926
NOVEL_MT_115,2021,0.05177420377731323
NOVEL_SUM_47,2021,0.012044787406921387
NOVEL_SUM_49,2021,0.018535614013671875
NOVEL_SUM_52,2021,0.05237865447998047
NOVEL_SUM_53,2021,0.013129830360412598
NOVEL_SUM_54,2021,0.04883468151092529
NOVEL_DIA_56,2021,0.04883456230163574
NOVEL_DIA_59,2021,0.030569016933441162
NOVEL_DIA_63,2021,0.049803853034973145
NOVEL_SUM_71,2021,0.039861321449279785
NOVEL_SUM_72,2021,0.017537176609039307
NOVEL_SUM_73,2021,0.06438100337982178
NOVEL_SUM_75,2021,0.0521816611289978
NOVEL_SUM_76,2021,0.06219357252120972
NOVEL_SUM_77,2021,0.06015390157699585
NOVEL_QA_33,2021,0.04380226135253906
NOVEL_QA_34,2021,0.038812458515167236
NOVEL_QA_35,2021,0.00861203670501709
NOVEL_QA_36,2021,0.054792046546936035
NOVEL_QA_37,2021,0.04763990640640259
NOVEL_QA_39,2021,0.04870939254760742
NOVEL_QA_40,2021,0.048075973987579346
NOVEL_QA_43,2021,0.013475298881530762
NOVEL_QA_2,2021,0.016684651374816895
NOVEL_QA_3,2021,0.056811630725860596
NOVEL_QA_46,2021,0.05159473419189453
NOVEL_QA_47,2021,0.015462040901184082
NOVEL_QA_48,2021,0.05774563550949097
NOVEL_QA_50,2021,0.04816180467605591
NOVEL_QA_52,2021,0.05852079391479492
NOVEL_DIA_65,2021,0.05516314506530762
NOVEL_DIA_66,2021,0.027596116065979004
NOVEL_DIA_67,2021,0.055283427238464355
NOVEL_DIA_68,2021,0.047527313232421875
NOVEL_DIA_69,2021,0.050620853900909424
NOVEL_DIA_70,2021,0.05226445198059082
NOVEL_DIA_71,2021,0.051706135272979736
NOVEL_DIA_55,2021,0.062466561794281006
NOVEL_MT_120,2021,0.04318338632583618
NOVEL_MT_121,2021,0.015484094619750977
NOVEL_MT_122,2021,0.045803070068359375
NOVEL_MT_124,2021,0.011776447296142578
NOVEL_MT_125,2021,0.045017242431640625
NOVEL_MT_140,2021,0.04790472984313965
NOVEL_MT_141,2021,0.04319876432418823
NOVEL_MT_144,2021,0.013241291046142578
NOVEL_DIA_41,2021,0.012645959854125977
NOVEL_DIA_42,2021,0.04799926280975342
NOVEL_DIA_43,2021,0.06315994262695312
NOVEL_DIA_44,2021,0.04395294189453125
NOVEL_DIA_45,2021,0.07016944885253906
NOVEL_DIA_47,2021,0.04805177450180054
NOVEL_DIA_49,2021,0.05140465497970581
NOVEL_MT_118,2021,0.05814838409423828
NOVEL_QA_53,2021,0.06119680404663086
NOVEL_QA_54,2021,0.0
NOVEL_QA_55,2021,0.05314671993255615
NOVEL_QA_57,2021,0.06447255611419678
NOVEL_QA_58,2021,0.05789923667907715
NOVEL_QA_59,2021,0.05833548307418823
NOVEL_QA_60,2021,0.04992949962615967
NOVEL_QA_61,2021,0.022526919841766357
NOVEL_QA_62,2021,0.06977123022079468
NOVEL_QA_23,2021,0.05633068084716797
NOVEL_QA_24,2021,0.06699001789093018
NOVEL_QA_65,2021,0.008778274059295654
NOVEL_QA_66,2021,0.049976348876953125
NOVEL_QA_67,2021,0.0534210205078125
NOVEL_DIA_50,2021,0.039818406105041504
NOVEL_DIA_51,2021,0.04053288698196411
NOVEL_DIA_52,2021,0.050367534160614014
NOVEL_DIA_53,2021,0.04224967956542969
NOVEL_DIA_54,2021,0.05183309316635132
NOVEL_QA_69,2021,0.008746922016143799
NOVEL_QA_70,2021,0.023854970932006836
NOVEL_QA_86,2021,0.01124715805053711
NOVEL_QA_63,2021,0.010006308555603027
NOVEL_QA_64,2021,0.024431884288787842
NOVEL_MT_127,2021,0.0459708571434021
NOVEL_MT_128,2021,0.013660967350006104
NOVEL_MT_130,2021,0.057673513889312744
NOVEL_MT_132,2021,0.048499226570129395
NOVEL_MT_133,2021,0.05207711458206177
NOVEL_MT_137,2021,0.05505329370498657
NOVEL_QA_81,2021,0.08091336488723755
NOVEL_QA_72,2021,0.05558598041534424
NOVEL_DIA_28,2021,0.043441832065582275
NOVEL_DIA_29,2021,0.07358670234680176
NOVEL_DIA_30,2021,0.052204132080078125
NOVEL_DIA_31,2021,0.06181144714355469
NOVEL_DIA_33,2021,0.034638166427612305
NOVEL_DIA_34,2021,0.04794907569885254
NOVEL_DIA_35,2021,0.013270974159240723
NOVEL_DIA_37,2021,0.05231553316116333
NOVEL_DIA_39,2021,0.06699037551879883
NOVEL_DIA_40,2021,0.04888075590133667
NOVEL_QA_74,2021,0.0497625470161438
NOVEL_QA_75,2021,0.020728647708892822
NOVEL_QA_76,2021,0.008199691772460938
NOVEL_MT_267,2021,0.011039018630981445
NOVEL_QA_44,2021,0.018950819969177246
NOVEL_QA_45,2021,0.05872631072998047
NOVEL_QA_84,2021,0.010817170143127441
NOVEL_MT_244,2022,0.050869524478912354
NOVEL_MT_280,2022,0.018629014492034912
NOVEL_MT_60,2022,0.05570787191390991
NOVEL_MT_306,2024,0.04864704608917236
NOVEL_MT_188,2025,0.384141206741333
