paper_id,structural_novelty,triple_count
SKG_MT_1313,1.0,50
SKG_MT_1167,1.0,74
SKG_MT_287,1.0,85
SKG_MT_1375,1.0,71
SKG_DIA_210,1.0,50
SKG_QA_416,1.0,42
SKG_MT_850,1.0,128
SKG_MT_838,1.0,133
SKG_SA_217,1.0,35
SKG_SUM_7,1.0,336
SKG_MT_853,1.0,66
SKG_MT_157,1.0,47
SKG_DIA_209,1.0,54
SKG_MT_547,1.0,60
SKG_MT_1151,1.0,70
SKG_MT_1193,1.0,95
SKG_MT_1199,1.0,22
SKG_MT_137,1.0,46
SKG_MT_15,1.0,22
SKG_MT_17,1.0,2
SKG_QA_101,1.0,23
SKG_MT_174,1.0,18
SKG_MT_1320,1.0,54
SKG_MT_968,1.0,66
SKG_MT_646,1.0,30
SKG_MT_743,1.0,92
SKG_MT_388,1.0,61
SKG_MT_660,1.0,36
SKG_MT_390,1.0,25
SKG_MT_1325,1.0,107
SKG_MT_771,1.0,57
SKG_MT_1394,1.0,28
SKG_MT_61,1.0,91
SKG_SUM_42,1.0,89
SKG_MT_567,1.0,56
SKG_MT_194,1.0,97
SKG_MT_1384,1.0,146
SKG_SA_420,1.0,46
SKG_MT_715,1.0,30
SKG_MT_196,1.0,17
SKG_MT_585,1.0,104
SKG_DIA_104,1.0,56
SKG_MT_1231,1.0,59
SKG_SA_544,1.0,114
SKG_MT_1232,1.0,95
SKG_PAR_87,1.0,149
SKG_PAR_69,1.0,61
SKG_SUM_67,1.0,68
SKG_MT_1074,1.0,99
SKG_PAR_219,1.0,116
SKG_SA_527,1.0,106
SKG_MT_795,1.0,78
SKG_SUM_83,1.0,35
SKG_MT_488,1.0,121
SKG_MT_603,1.0,49
SKG_MT_606,1.0,109
SKG_PAR_202,1.0,53
SKG_SA_83,1.0,55
SKG_MT_478,1.0,58
SKG_DIA_213,0.8157894736842105,38
SKG_MT_368,0.8672566371681416,113
SKG_MT_87,0.8852459016393442,61
SKG_MT_1111,0.8717948717948718,39
SKG_SUM_110,0.8846153846153846,52
SKG_SA_505,0.9066666666666666,75
SKG_SA_77,0.8581560283687943,141
SKG_MT_409,0.88,100
SKG_PAR_215,0.8181818181818182,22
SKG_MT_800,0.875,104
SKG_MT_595,0.8243243243243243,74
SKG_SUM_80,0.9345794392523364,107
SKG_MT_919,0.953125,64
SKG_QA_302,0.9157894736842105,95
SKG_SUM_130,0.8333333333333334,24
SKG_MT_496,0.896551724137931,58
SKG_QA_336,0.8363636363636363,55
SKG_SA_351,0.8625,160
SKG_MT_813,0.896551724137931,29
SKG_MT_789,0.8125,48
SKG_MT_117,0.8529411764705882,68
SKG_MT_620,1.0,2
SKG_SA_343,0.896551724137931,116
SKG_MT_881,0.8529411764705882,102
SKG_MT_712,0.8313253012048193,83
SKG_MT_1277,0.8761904761904762,105
SKG_MT_1330,0.8867924528301887,53
SKG_QA_240,0.8846153846153846,52
SKG_SUM_45,0.9130434782608695,69
SKG_PAR_94,0.8983050847457628,59
SKG_PAR_89,1.0,2
SKG_SA_423,0.8759124087591241,137
SKG_MT_697,0.9041095890410958,73
SKG_DIA_288,0.8925619834710744,121
SKG_MT_820,0.9285714285714286,224
SKG_MT_565,0.8545454545454545,55
SKG_MT_962,0.8363636363636363,55
SKG_SA_567,0.8863636363636364,132
SKG_QA_5,0.8932038834951457,206
SKG_MT_1227,0.8888888888888888,9
SKG_MT_1220,0.8818181818181818,110
SKG_MT_1024,0.8181818181818182,55
SKG_MT_964,0.8536585365853658,41
SKG_PAR_34,0.8333333333333334,12
SKG_MT_966,0.9166666666666666,12
SKG_MT_58,0.9130434782608695,92
SKG_MT_308,0.8275862068965517,116
SKG_PAR_14,0.9642857142857143,28
SKG_MT_1306,0.9145299145299145,117
SKG_MT_557,0.896551724137931,58
SKG_SA_181,0.875,8
SKG_MT_1399,0.9791666666666666,48
SKG_DIA_253,1.0,9
SKG_SA_192,0.811965811965812,117
SKG_MT_1003,0.875,56
SKG_MT_300,0.8958333333333334,48
SKG_MT_280,0.9047619047619048,42
SKG_MT_440,0.9,80
SKG_MT_286,0.8985507246376812,69
SKG_MT_1129,0.7037037037037037,27
SKG_MT_1132,0.8636363636363636,22
SKG_QA_392,0.9090909090909091,44
SKG_DIA_233,1.0,2
SKG_MT_144,0.7692307692307693,26
SKG_MT_1174,0.85,100
SKG_MT_1175,0.9166666666666666,12
SKG_QA_417,0.8,80
SKG_MT_7,0.9020618556701031,194
SKG_MT_283,0.8592592592592593,135
SKG_MT_981,0.9444444444444444,18
SKG_MT_451,0.8365384615384616,104
SKG_MT_453,0.847457627118644,118
SKG_SA_5,0.8780487804878049,369
SKG_PAR_3,0.9120879120879121,91
SKG_QA_203,0.819672131147541,61
SKG_MT_259,0.8677685950413223,121
SKG_SA_268,0.9142857142857143,35
SKG_MT_1327,0.8543689320388349,103
SKG_SA_148,0.9607843137254902,51
SKG_SA_565,0.8666666666666667,60
SKG_QA_219,0.9016393442622951,61
SKG_MT_945,0.8363636363636363,55
SKG_MT_1062,0.8625,80
SKG_MT_724,0.8503937007874016,127
SKG_MT_74,0.8235294117647058,102
SKG_MT_1473,0.8723404255319149,47
SKG_SA_554,0.8737864077669902,103
SKG_MT_1276,0.8264462809917356,121
SKG_MT_346,0.8648648648648649,111
SKG_MT_239,0.7894736842105263,19
SKG_MT_788,0.8414634146341463,82
SKG_MT_469,0.8961038961038961,77
SKG_MT_415,0.8461538461538461,39
SKG_MT_1065,0.7469879518072289,83
SKG_MT_622,0.9285714285714286,42
SKG_MT_410,0.8148148148148148,108
SKG_SUM_59,0.9391891891891891,148
SKG_MT_234,0.8648648648648649,111
SKG_MT_78,0.9019607843137255,51
SKG_SUM_72,0.8365384615384616,104
SKG_MT_1349,0.7833333333333333,60
SKG_MT_1361,0.8771929824561403,114
SKG_MT_85,0.7708333333333334,48
SKG_MT_613,0.9,110
SKG_SUM_97,0.9016393442622951,61
SKG_MT_1077,0.8490566037735849,106
SKG_PAR_200,0.82,50
SKG_MT_1376,0.8314606741573034,89
SKG_MT_89,0.7946428571428571,112
SKG_MT_1236,0.8723404255319149,47
SKG_MT_373,0.7872340425531915,47
SKG_MT_1425,0.8225806451612904,62
SKG_MT_480,0.8507462686567164,67
SKG_MT_92,0.8095238095238095,21
SKG_MT_93,0.8604651162790697,43
SKG_SA_24,0.7924528301886793,53
SKG_SUM_147,0.9310344827586207,29
SKG_MT_131,0.7916666666666666,96
SKG_MT_576,0.8,10
SKG_DIA_182,0.88,25
SKG_MT_1228,0.8205128205128205,39
SKG_MT_1395,0.8113207547169812,106
SKG_MT_389,0.8333333333333334,6
SKG_MT_1421,0.9175257731958762,97
SKG_MT_1400,0.7241379310344828,29
SKG_QA_487,0.75,60
SKG_MT_550,0.8837209302325582,86
SKG_MT_1209,0.9285714285714286,70
SKG_MT_865,0.8225806451612904,62
SKG_MT_832,0.8571428571428571,70
SKG_MT_1191,0.8809523809523809,42
SKG_DIA_231,0.8666666666666667,15
SKG_MT_1165,0.8732394366197183,71
SKG_MT_835,0.9545454545454546,22
SKG_MT_535,0.8333333333333334,114
SKG_PAR_127,0.9,50
SKG_MT_1177,0.8602941176470589,136
SKG_SUM_0,0.8235294117647058,187
SKG_MT_147,0.7818181818181819,55
SKG_MT_845,0.8558558558558559,111
SKG_MT_376,0.8779342723004695,213
SKG_SA_469,0.9375,16
SKG_DIA_220,0.7647058823529411,68
SKG_SA_484,0.8421052631578947,38
SKG_MT_1169,0.7972972972972973,74
SKG_PAR_139,0.8615384615384616,65
SKG_QA_424,0.825,80
SKG_MT_150,0.8165137614678899,109
SKG_MT_375,0.7837837837837838,37
SKG_MT_156,0.726027397260274,73
SKG_SUM_193,0.780952380952381,105
SKG_SA_435,0.8807947019867549,151
SKG_MT_1211,0.7368421052631579,38
SKG_SUM_180,0.9210526315789473,76
SKG_MT_829,0.8205128205128205,39
SKG_QA_385,0.8282828282828283,99
SKG_MT_824,0.8918918918918919,37
SKG_PAR_106,0.8611111111111112,72
SKG_MT_1225,0.8333333333333334,24
SKG_QA_12,0.8,135
SKG_MT_178,0.7419354838709677,62
SKG_MT_372,0.7560975609756098,82
SKG_MT_371,0.8581560283687943,141
SKG_MT_1242,0.7745098039215687,102
SKG_MT_1101,0.8279569892473119,93
SKG_SA_414,0.8703703703703703,54
SKG_MT_180,0.8050314465408805,159
SKG_MT_1090,0.8681318681318682,182
SKG_MT_1244,0.8309859154929577,71
SKG_MT_705,0.8155339805825242,103
SKG_MT_706,0.8235294117647058,85
SKG_MT_1082,0.8301886792452831,159
SKG_MT_1248,0.8125,112
SKG_MT_682,0.82,100
SKG_PAR_204,0.8409090909090909,88
SKG_SA_4,0.9096774193548387,155
SKG_MT_515,0.864516129032258,155
SKG_MT_681,0.8102189781021898,137
SKG_SA_526,0.8629032258064516,124
SKG_MT_707,0.8478260869565217,138
SKG_MT_708,0.7560975609756098,82
SKG_MT_1069,0.8823529411764706,51
SKG_MT_1386,0.8426966292134831,178
SKG_MT_869,0.9117647058823529,68
SKG_MT_572,0.8478260869565217,46
SKG_SUM_155,0.9117647058823529,68
SKG_PAR_56,0.8431372549019608,51
SKG_SUM_154,0.8297872340425532,47
SKG_PAR_53,0.8588235294117647,85
SKG_PAR_52,0.7142857142857143,35
SKG_MT_200,0.864516129032258,155
SKG_MT_337,0.7906976744186046,129
SKG_MT_719,0.8450704225352113,71
SKG_SA_557,0.7213114754098361,61
SKG_MT_1280,0.8269230769230769,52
SKG_MT_725,0.8292682926829268,82
SKG_MT_332,0.8409090909090909,44
SKG_MT_500,0.7647058823529411,51
SKG_MT_1282,0.7362637362637363,91
SKG_QA_3,0.9315068493150684,73
SKG_SA_318,0.8,85
SKG_MT_885,0.8108108108108109,37
SKG_MT_891,0.8194444444444444,72
SKG_MT_1290,0.8849557522123894,113
SKG_SA_577,0.6666666666666666,33
SKG_SA_32,0.8840579710144928,69
SKG_SA_40,0.8947368421052632,57
SKG_QA_334,0.875,64
SKG_SA_306,0.8709677419354839,93
SKG_SA_296,0.8985507246376812,69
SKG_QA_20,0.8734177215189873,79
SKG_MT_1048,0.9029850746268657,134
SKG_MT_591,0.7976190476190477,84
SKG_MT_100,0.8571428571428571,56
SKG_SA_48,0.9024390243902439,41
SKG_MT_922,0.8461538461538461,52
SKG_MT_94,0.92,50
SKG_MT_91,0.8452380952380952,84
SKG_MT_314,0.8607594936708861,79
SKG_MT_481,0.8405797101449275,138
SKG_MT_1036,0.9041095890410958,73
SKG_MT_1429,0.7857142857142857,126
SKG_MT_80,0.8181818181818182,44
SKG_PAR_20,0.7974683544303798,79
SKG_QA_84,0.95,20
SKG_MT_225,0.7129629629629629,108
SKG_SA_590,0.8363636363636363,55
SKG_MT_1310,0.8142857142857143,140
SKG_MT_305,0.7611940298507462,67
SKG_SA_597,0.9126984126984127,126
SKG_MT_1437,0.8333333333333334,12
SKG_MT_79,0.8549618320610687,131
SKG_MT_14,0.8507462686567164,67
SKG_SUM_76,0.8909090909090909,55
SKG_MT_740,0.8616352201257862,159
SKG_MT_21,0.8442211055276382,199
SKG_MT_22,0.7653061224489796,98
SKG_MT_973,0.8521739130434782,115
SKG_SA_229,0.8695652173913043,92
SKG_MT_290,0.8461538461538461,143
SKG_SA_111,0.9013157894736842,152
SKG_SA_609,0.8195488721804511,133
SKG_MT_282,0.8051948051948052,77
SKG_MT_77,0.8269230769230769,104
SKG_MT_277,0.8258064516129032,155
SKG_MT_641,0.8636363636363636,22
SKG_MT_741,0.6511627906976745,86
SKG_MT_44,0.7831325301204819,83
SKG_SA_633,1.0,19
SKG_MT_1461,1.0,4
SKG_MT_1324,0.8588235294117647,85
SKG_MT_940,0.8313253012048193,83
SKG_SA_191,0.8470588235294118,85
SKG_MT_268,0.8785046728971962,107
SKG_MT_748,0.8205128205128205,78
SKG_MT_752,0.7974683544303798,158
SKG_MT_955,0.8142857142857143,70
SKG_SUM_34,0.8461538461538461,52
SKG_QA_193,0.9230769230769231,13
SKG_MT_1326,0.8397790055248618,181
SKG_SUM_22,0.8792134831460674,356
SKG_MT_545,0.7894736842105263,133
SKG_MT_252,0.8055555555555556,72
SKG_MT_770,0.7304347826086957,115
SKG_MT_1474,0.8015873015873016,126
SKG_MT_265,0.78125,96
SKG_MT_266,0.7547169811320755,106
SKG_SUM_40,0.775,40
SKG_SUM_43,0.8544303797468354,158
SKG_MT_647,0.8202247191011236,89
SKG_MT_931,0.8526315789473684,95
SKG_SA_118,0.7674418604651163,43
SKG_MT_1347,0.8289473684210527,228
SKG_MT_1316,0.8380952380952381,105
SKG_MT_476,0.826530612244898,98
SKG_MT_790,0.8235294117647058,102
SKG_MT_652,0.8257575757575758,132
SKG_SUM_68,0.85,20
SKG_SA_618,0.782608695652174,23
SKG_SA_224,0.7777777777777778,27
SKG_SA_246,0.8494623655913979,93
SKG_MT_738,0.8404255319148937,94
SKG_MT_1441,0.9615384615384616,26
SKG_MT_1367,0.8080808080808081,99
SKG_SA_260,0.8017241379310345,116
SKG_MT_224,0.8505747126436781,87
SKG_MT_1009,0.8571428571428571,70
SKG_PAR_35,0.868421052631579,114
SKG_MT_1030,0.6666666666666666,60
SKG_MT_1046,0.6415094339622641,106
SKG_MT_598,0.8557692307692307,104
SKG_SA_278,0.6470588235294118,17
SKG_MT_317,0.861244019138756,209
SKG_MT_220,0.6857142857142857,35
SKG_SA_283,0.9069767441860465,43
SKG_MT_487,0.7692307692307693,26
SKG_SA_52,0.7338709677419355,124
SKG_MT_97,0.6,10
SKG_MT_319,0.7321428571428571,56
SKG_MT_913,0.8260869565217391,115
SKG_MT_590,0.76,100
SKG_SA_307,0.827027027027027,185
SKG_SA_36,0.8429319371727748,191
SKG_MT_586,0.8324607329842932,191
SKG_DIA_298,0.8928571428571429,28
SKG_MT_1053,0.8333333333333334,54
SKG_MT_116,0.7723577235772358,123
SKG_MT_732,0.75,40
SKG_MT_331,0.7419354838709677,62
SKG_SUM_145,0.8352941176470589,85
SKG_MT_1060,0.8076923076923077,26
SKG_SA_556,0.8512396694214877,121
SKG_MT_710,0.8108108108108109,74
SKG_MT_676,0.6666666666666666,12
SKG_MT_680,0.8727272727272727,55
SKG_SA_339,0.8888888888888888,45
SKG_SA_540,0.9130434782608695,92
SKG_MT_187,1.0,4
SKG_MT_1253,0.8333333333333334,48
SKG_MT_1252,0.7272727272727273,22
SKG_MT_868,0.9056603773584906,159
SKG_MT_359,0.8461538461538461,52
SKG_SA_530,0.7887323943661971,71
SKG_SA_517,0.8421052631578947,57
SKG_PAR_212,0.847457627118644,59
SKG_MT_560,0.7948717948717948,117
SKG_MT_1096,0.826530612244898,98
SKG_PAR_185,0.8461538461538461,91
SKG_MT_394,0.7627118644067796,59
SKG_MT_1403,0.8300970873786407,206
SKG_MT_1213,0.8148148148148148,81
SKG_MT_1120,0.8235294117647058,153
SKG_MT_169,0.8709677419354839,62
SKG_MT_827,1.0,12
SKG_MT_828,0.6911764705882353,68
SKG_DIA_64,0.8961038961038961,77
SKG_MT_1127,0.9090909090909091,11
SKG_MT_1206,0.8,10
SKG_PAR_113,0.6470588235294118,17
SKG_SA_490,0.8461538461538461,195
SKG_MT_836,0.8243243243243243,74
SKG_MT_1158,0.8679245283018868,53
SKG_MT_530,1.0,4
SKG_QA_404,0.8461538461538461,91
SKG_MT_840,0.7857142857142857,42
SKG_SA_441,0.7368421052631579,38
SKG_DIA_211,0.8452380952380952,84
SKG_SA_449,0.8601398601398601,143
SKG_SA_460,0.8,15
SKG_SUM_17,0.8941176470588236,85
SKG_QA_15,0.8343949044585988,157
SKG_SA_293,0.9130434782608695,115
SKG_MT_320,0.7142857142857143,35
SKG_SUM_92,0.8651685393258427,89
SKG_MT_615,0.7651006711409396,149
SKG_SA_313,0.8095238095238095,63
SKG_QA_423,0.853448275862069,116
SKG_DIA_300,0.9078947368421053,76
SKG_SUM_107,0.8044692737430168,179
SKG_SA_321,0.7717391304347826,92
SKG_MT_839,0.8169934640522876,153
SKG_QA_438,0.8383838383838383,99
SKG_QA_446,0.7457627118644068,59
SKG_MT_854,0.7017543859649122,57
SKG_MT_165,0.8026315789473685,76
SKG_SA_323,0.8494623655913979,93
SKG_MT_171,0.82,100
SKG_SA_334,0.7672413793103449,116
SKG_SA_9,0.7862595419847328,131
SKG_MT_1068,0.8247422680412371,97
SKG_SUM_129,0.7948717948717948,39
SKG_MT_1380,0.7608695652173914,46
SKG_SUM_136,0.8102189781021898,137
SKG_MT_815,0.9008264462809917,121
SKG_SA_366,0.75,16
SKG_SUM_172,0.8541666666666666,48
SKG_SUM_177,0.7529411764705882,170
SKG_SA_382,1.0,4
SKG_MT_810,0.84375,224
SKG_SUM_178,0.8849557522123894,113
SKG_MT_555,0.9090909090909091,11
SKG_SUM_186,0.95,20
SKG_SA_393,0.7727272727272727,66
SKG_QA_356,0.9411764705882353,17
SKG_SA_401,0.8253968253968254,189
SKG_QA_352,0.7663551401869159,107
SKG_MT_1085,0.7209302325581395,86
SKG_DIA_275,0.7906976744186046,86
SKG_MT_900,0.7714285714285715,35
SKG_MT_384,0.8080808080808081,99
SKG_MT_699,0.8926553672316384,177
SKG_SA_410,0.8518518518518519,27
SKG_SA_415,0.8333333333333334,114
SKG_MT_109,0.7755102040816326,49
SKG_MT_1108,0.845360824742268,97
SKG_MT_108,0.75,44
SKG_MT_1118,0.875,32
SKG_SA_432,0.8846153846153846,26
SKG_SA_437,0.8035714285714286,168
SKG_QA_328,0.8194444444444444,72
SKG_SA_458,0.8627450980392157,51
SKG_MT_378,0.8695652173913043,46
SKG_PAR_124,0.7850467289719626,107
SKG_QA_298,0.8933333333333333,75
SKG_PAR_116,0.8214285714285714,84
SKG_MT_809,0.8742857142857143,175
SKG_MT_217,0.8165137614678899,109
SKG_SA_65,1.0,4
SKG_MT_221,0.7948717948717948,78
SKG_SA_78,0.8461538461538461,39
SKG_QA_269,0.7894736842105263,38
SKG_PAR_100,0.7486910994764397,191
SKG_QA_256,0.8977272727272727,88
SKG_MT_401,0.7333333333333333,45
SKG_MT_405,0.7987421383647799,159
SKG_SA_509,0.8247422680412371,97
SKG_PAR_84,0.8620689655172413,87
SKG_SA_107,0.8584905660377359,106
SKG_SA_114,0.75,76
SKG_PAR_79,0.8373983739837398,123
SKG_SA_531,0.9,90
SKG_SA_535,0.7974683544303798,158
SKG_MT_1254,0.6385542168674698,83
SKG_SA_143,0.8778625954198473,262
SKG_MT_959,0.8014184397163121,141
SKG_MT_262,0.8333333333333334,90
SKG_PAR_67,0.7875647668393783,193
SKG_PAR_61,0.7768595041322314,121
SKG_SA_542,0.7575757575757576,33
SKG_MT_971,0.8135593220338984,177
SKG_MT_48,0.5121951219512195,41
SKG_SA_545,0.7777777777777778,9
SKG_MT_428,0.7301587301587301,126
SKG_MT_668,0.8313253012048193,83
SKG_MT_972,0.8,70
SKG_QA_168,0.7857142857142857,56
SKG_MT_429,0.8118811881188119,101
SKG_SA_564,0.75,144
SKG_MT_976,0.7567567567567568,74
SKG_MT_24,0.7888888888888889,90
SKG_QA_155,0.775,120
SKG_SA_240,0.7777777777777778,99
SKG_MT_1293,0.823170731707317,164
SKG_MT_437,0.675,40
SKG_MT_18,0.875,32
SKG_MT_296,0.819672131147541,61
SKG_SA_592,0.8541666666666666,48
SKG_MT_1295,0.8666666666666667,90
SKG_QA_107,0.8555555555555555,180
SKG_MT_304,0.7545454545454545,110
SKG_SA_596,0.7978723404255319,94
SKG_MT_1004,0.75,80
SKG_SA_266,0.7818181818181819,220
SKG_MT_441,0.7272727272727273,88
SKG_SA_608,0.7209302325581395,43
SKG_MT_651,0.8333333333333334,72
SKG_MT_642,0.7897727272727273,176
SKG_MT_1333,0.6619718309859155,71
SKG_MT_1346,0.8416666666666667,120
SKG_MT_1032,0.7719298245614035,57
SKG_MT_1035,0.5882352941176471,102
SKG_MT_1456,0.6666666666666666,42
SKG_DIA_40,0.7586206896551724,29
SKG_MT_1045,0.8395061728395061,81
SKG_MT_471,0.7662337662337663,77
SKG_SUM_64,0.8275862068965517,29
SKG_QA_28,1.0,2
SKG_QA_419,0.782312925170068,147
SKG_QA_421,0.7767857142857143,112
SKG_QA_407,0.8205128205128205,117
SKG_QA_405,0.8043478260869565,92
SKG_QA_470,0.8392857142857143,112
SKG_SA_8,0.7801857585139319,323
SKG_SA_17,0.7862595419847328,131
SKG_MT_201,0.8345864661654135,133
SKG_SA_26,0.9130434782608695,69
SKG_MT_887,0.8187919463087249,149
SKG_QA_376,0.826530612244898,98
SKG_QA_375,0.7914691943127962,211
SKG_QA_366,0.7378640776699029,103
SKG_MT_895,0.8465909090909091,176
SKG_MT_897,0.8666666666666667,105
SKG_MT_901,0.7560975609756098,82
SKG_QA_345,0.8125,112
SKG_MT_905,0.7731958762886598,97
SKG_MT_107,0.6973684210526315,76
SKG_QA_340,0.9024390243902439,41
SKG_QA_337,0.7532467532467533,77
SKG_QA_335,0.7518248175182481,137
SKG_SA_41,0.8068965517241379,145
SKG_MT_103,0.9322033898305084,118
SKG_QA_312,0.8,90
SKG_MT_215,0.7625,80
SKG_SA_85,0.8571428571428571,105
SKG_QA_261,0.7985074626865671,134
SKG_SA_89,0.9052631578947369,95
SKG_QA_253,0.8309859154929577,71
SKG_MT_230,0.6904761904761905,42
SKG_MT_237,0.8163265306122449,49
SKG_SA_128,0.8275862068965517,232
SKG_MT_241,0.823943661971831,142
SKG_MT_247,0.8243243243243243,74
SKG_MT_960,0.8076923076923077,78
SKG_SA_160,0.7681159420289855,138
SKG_QA_197,0.8372093023255814,43
SKG_QA_182,0.8605769230769231,208
SKG_MT_274,0.875,16
SKG_SA_190,0.8865979381443299,97
SKG_SA_193,0.7352941176470589,68
SKG_SA_234,0.8133971291866029,209
SKG_SA_238,0.7169811320754716,106
SKG_QA_131,0.6428571428571429,14
SKG_MT_994,0.7448979591836735,98
SKG_MT_999,0.8125,112
SKG_QA_118,0.821656050955414,157
SKG_SA_252,0.7428571428571429,35
SKG_MT_312,0.7976190476190477,84
SKG_QA_70,0.7870370370370371,216
SKG_QA_63,0.7796610169491526,118
SKG_MT_2,0.827906976744186,215
SKG_MT_1,0.8433048433048433,351
SKG_MT_1029,0.6170212765957447,47
SKG_SA_269,0.8227848101265823,79
SKG_DIA_310,0.8921568627450981,102
SKG_SA_275,0.7732558139534884,172
SKG_MT_327,0.5454545454545454,55
SKG_SA_309,0.803921568627451,102
SKG_MT_731,0.7073170731707317,82
SKG_MT_360,0.7310924369747899,119
SKG_PAR_223,0.8840579710144928,69
SKG_SA_354,0.7840909090909091,88
SKG_SA_369,0.797752808988764,89
SKG_MT_362,0.9285714285714286,56
SKG_MT_365,0.8536585365853658,123
SKG_SA_385,0.8294573643410853,129
SKG_SA_407,0.8241758241758241,182
SKG_PAR_147,0.7083333333333334,24
SKG_PAR_182,0.7894736842105263,76
SKG_DIA_267,0.8303571428571429,112
SKG_MT_1166,0.8163265306122449,49
SKG_SA_443,0.7238095238095238,105
SKG_PAR_135,0.8217821782178217,202
SKG_MT_1257,0.9090909090909091,33
SKG_MT_1264,0.782312925170068,147
SKG_DIA_158,0.7555555555555555,90
SKG_SA_462,0.8064516129032258,155
SKG_DIA_153,0.8492063492063492,126
SKG_SA_463,0.6808510638297872,47
SKG_PAR_59,0.8688524590163934,122
SKG_MT_381,0.7861271676300579,173
SKG_MT_673,0.8108108108108109,111
SKG_MT_1105,0.8314606741573034,89
SKG_SA_566,0.8767123287671232,73
SKG_MT_1288,0.8260869565217391,92
SKG_PAR_36,0.8666666666666667,135
SKG_DIA_260,0.8333333333333334,12
SKG_PAR_175,0.7192982456140351,57
SKG_SA_583,0.8947368421052632,38
SKG_PAR_173,0.7425742574257426,101
SKG_MT_431,1.0,2
SKG_PAR_172,0.8775510204081632,49
SKG_DIA_204,0.8294573643410853,129
SKG_MT_658,0.7647058823529411,170
SKG_PAR_9,0.8048780487804879,41
SKG_PAR_7,0.900709219858156,141
SKG_MT_1190,0.8297872340425532,47
SKG_PAR_5,0.8939393939393939,66
SKG_MT_1298,0.7935483870967742,155
SKG_SA_493,0.8114035087719298,228
SKG_MT_1304,0.7246376811594203,69
SKG_DIA_15,0.8481012658227848,79
SKG_SA_594,0.7794117647058824,68
SKG_SA_595,0.7142857142857143,28
SKG_MT_1311,0.801980198019802,101
SKG_MT_1314,0.7814207650273224,183
SKG_MT_370,0.7933884297520661,121
SKG_SA_617,0.8888888888888888,9
SKG_MT_698,0.7894736842105263,171
SKG_PAR_110,0.8166666666666667,60
SKG_SA_634,0.8505747126436781,87
SKG_DIA_109,0.8586956521739131,92
SKG_MT_1219,0.7142857142857143,98
SKG_MT_459,0.7654320987654321,162
SKG_SA_497,0.8577981651376146,218
SKG_SA_426,0.7578947368421053,95
SKG_PAR_162,0.9230769230769231,13
SKG_DIA_245,0.9444444444444444,18
SKG_SA_427,0.8256880733944955,109
SKG_MT_1229,0.7727272727272727,66
SKG_SA_500,0.75,28
SKG_SUM_78,0.8529411764705882,68
SKG_MT_1230,0.8477157360406091,197
SKG_SUM_85,0.8269230769230769,104
SKG_DIA_86,0.8108108108108109,111
SKG_MT_402,0.785234899328859,149
SKG_SA_504,0.8656716417910447,134
SKG_SUM_108,0.7821782178217822,101
SKG_SUM_128,0.8596491228070176,57
SKG_MT_1233,0.8314606741573034,89
SKG_MT_574,0.813953488372093,129
SKG_MT_513,0.768,125
SKG_SA_431,0.8518518518518519,54
SKG_MT_1138,0.8775510204081632,49
SKG_MT_1160,0.822429906542056,107
SKG_SUM_190,0.8764044943820225,89
SKG_SUM_197,0.9230769230769231,13
SKG_SUM_217,0.8688524590163934,61
SKG_MT_1416,0.7548387096774194,155
SKG_MT_66,0.7701863354037267,161
SKG_MT_546,0.8157894736842105,76
SKG_DIA_68,0.8405797101449275,138
SKG_MT_533,0.6333333333333333,90
SKG_MT_549,0.7647058823529411,34
SKG_SUM_191,0.7,40
SKG_MT_517,0.7163120567375887,141
SKG_MT_1387,0.7184466019417476,103
SKG_MT_497,0.6923076923076923,91
SKG_DIA_57,0.84375,32
SKG_MT_494,0.6907216494845361,97
SKG_MT_605,0.7624309392265194,181
SKG_MT_1432,0.7528089887640449,89
SKG_SUM_113,0.7942857142857143,175
SKG_DIA_78,0.7313432835820896,67
SKG_SUM_109,0.8723404255319149,47
SKG_DIA_87,0.7931034482758621,116
SKG_MT_1370,0.7837837837837838,148
SKG_SUM_103,0.8333333333333334,18
SKG_MT_610,0.6964285714285714,112
SKG_SUM_86,0.6458333333333334,48
SKG_MT_475,0.7586206896551724,232
SKG_MT_636,0.8207547169811321,106
SKG_MT_465,0.8761904761904762,105
SKG_DIA_46,0.8513513513513513,74
SKG_MT_1366,0.8461538461538461,78
SKG_MT_1359,0.7619047619047619,126
SKG_MT_460,0.8363636363636363,55
SKG_MT_1444,0.78125,96
SKG_MT_1451,0.7089552238805971,134
SKG_MT_645,0.7142857142857143,140
SKG_MT_1466,0.8387096774193549,31
SKG_MT_1467,0.675392670157068,191
SKG_MT_650,0.788235294117647,170
SKG_SA_630,0.7727272727272727,44
SKG_DIA_108,0.8253968253968254,126
SKG_MT_448,0.6074766355140186,107
SKG_DIA_31,0.9310344827586207,29
SKG_SA_622,0.8333333333333334,180
SKG_DIA_25,0.7844311377245509,167
SKG_DIA_24,0.8409090909090909,44
SKG_NLI_2,0.7955801104972375,181
SKG_DIA_21,0.8488372093023255,86
SKG_SA_593,0.8,90
SKG_MT_665,0.7006369426751592,157
SKG_SA_578,0.8181818181818182,110
SKG_MT_427,0.8307692307692308,65
SKG_SA_537,0.6933333333333334,75
SKG_SA_520,0.8066666666666666,150
SKG_MT_408,0.8,205
SKG_PAR_18,0.7567567567567568,37
SKG_SA_511,0.743421052631579,152
SKG_PAR_28,0.8392857142857143,56
SKG_PAR_29,0.8103448275862069,58
SKG_SA_510,0.7083333333333334,24
SKG_SA_506,0.7741935483870968,93
SKG_MT_400,0.7975460122699386,163
SKG_MT_397,0.7964601769911505,113
SKG_MT_695,0.7545454545454545,110
SKG_MT_1287,0.8260869565217391,161
SKG_DIA_146,0.9454545454545454,55
SKG_SA_495,0.7797619047619048,168
SKG_MT_382,0.7368421052631579,133
SKG_SA_475,0.3111111111111111,45
SKG_SA_466,0.7719298245614035,57
SKG_PAR_44,0.803030303030303,66
SKG_PAR_46,0.8125,16
SKG_PAR_57,0.7640449438202247,89
SKG_PAR_63,0.7570093457943925,107
SKG_SA_465,0.7952755905511811,127
SKG_PAR_65,0.75,40
SKG_SA_447,0.7698412698412699,126
SKG_SA_421,0.88,25
SKG_SA_419,0.8765432098765432,162
SKG_PAR_72,0.8054054054054054,185
SKG_SA_406,0.7272727272727273,198
SKG_DIA_162,0.8108108108108109,148
SKG_PAR_74,0.6818181818181818,44
SKG_PAR_75,0.7777777777777778,27
SKG_SA_404,0.84375,32
SKG_SA_390,0.7407407407407407,108
SKG_SA_391,1.0,4
SKG_DIA_167,0.6571428571428571,70
SKG_PAR_78,0.8048780487804879,82
SKG_MT_363,0.620253164556962,79
SKG_MT_1239,0.7365269461077845,167
SKG_SA_370,0.5,10
SKG_SA_364,0.875,72
SKG_SA_353,0.7735849056603774,159
SKG_MT_351,0.6944444444444444,108
SKG_SA_331,0.8014184397163121,141
SKG_PAR_90,0.6470588235294118,17
SKG_PAR_92,0.7456140350877193,114
SKG_PAR_95,0.773972602739726,146
SKG_MT_338,0.8360655737704918,122
SKG_MT_1222,0.86,50
SKG_SA_319,0.8620689655172413,29
SKG_MT_333,0.6363636363636364,11
SKG_MT_729,0.825,80
SKG_SA_316,0.7058823529411765,68
SKG_PAR_105,0.7435897435897436,78
SKG_PAR_112,0.7166666666666667,180
SKG_SA_305,0.8333333333333334,30
SKG_MT_321,0.8041237113402062,97
SKG_SA_289,0.8508064516129032,248
SKG_MT_1189,0.7702702702702703,148
SKG_PAR_115,0.7368421052631579,114
SKG_SA_261,0.8222222222222222,45
SKG_SA_258,0.9545454545454546,22
SKG_MT_737,0.7166666666666667,180
SKG_SA_253,0.8142857142857143,70
SKG_PAR_118,0.8360655737704918,61
SKG_PAR_122,0.6909090909090909,55
SKG_PAR_125,0.7466666666666667,150
SKG_DIA_216,0.8018867924528302,106
SKG_PAR_126,0.7666666666666667,180
SKG_SA_249,0.725925925925926,135
SKG_PAR_143,0.7738095238095238,168
SKG_SA_247,0.7666666666666667,120
SKG_DIA_228,0.7692307692307693,26
SKG_MT_1156,0.7989130434782609,184
SKG_SA_228,0.8205128205128205,39
SKG_MT_1153,0.6792452830188679,106
SKG_SA_227,0.5416666666666666,96
SKG_DIA_235,0.7684210526315789,95
SKG_SA_185,0.9117647058823529,34
SKG_SA_184,0.8064516129032258,93
SKG_MT_747,0.7322834645669292,127
SKG_PAR_156,0.8192771084337349,83
SKG_SA_163,0.7555555555555555,45
SKG_MT_758,0.8048780487804879,123
SKG_SA_152,0.8113207547169812,53
SKG_SA_149,0.7759562841530054,183
SKG_MT_767,0.783068783068783,189
SKG_DIA_251,0.8290598290598291,117
SKG_DIA_256,0.8387096774193549,31
SKG_SA_140,0.9230769230769231,39
SKG_SA_131,0.0,197
SKG_MT_246,0.717391304347826,92
SKG_PAR_176,0.8125,64
SKG_MT_781,0.7336956521739131,184
SKG_PAR_177,0.7737226277372263,137
SKG_SA_116,0.7606382978723404,188
SKG_MT_1103,0.8023255813953488,172
SKG_SA_108,0.7096774193548387,31
SKG_PAR_180,0.7945205479452054,73
SKG_PAR_183,0.7808219178082192,73
SKG_PAR_186,0.7592592592592593,162
SKG_MT_1099,0.7971014492753623,69
SKG_SA_100,0.6351351351351351,148
SKG_MT_216,0.5833333333333334,120
SKG_MT_211,0.8,105
SKG_MT_203,0.8059701492537313,134
SKG_PAR_194,0.8333333333333334,12
SKG_PAR_197,0.6907216494845361,97
SKG_PAR_203,0.8472222222222222,72
SKG_PAR_210,0.7580645161290323,62
SKG_SA_21,0.7748344370860927,151
SKG_MT_819,0.8,120
SKG_PAR_224,0.7671232876712328,146
SKG_QA_4,0.8051282051282052,195
SKG_MT_1063,0.773109243697479,119
SKG_MT_168,0.7570621468926554,177
SKG_QA_472,0.5918367346938775,49
SKG_QA_471,0.780952380952381,105
SKG_MT_1056,0.824,125
SKG_QA_462,0.7777777777777778,81
SKG_QA_455,0.7901234567901234,81
SKG_QA_445,0.7317073170731707,41
SKG_QA_24,0.9,20
SKG_QA_26,0.8,15
SKG_DIA_302,0.8947368421052632,38
SKG_DIA_303,0.8904109589041096,73
SKG_QA_442,0.8222222222222222,45
SKG_QA_431,0.8472222222222222,72
SKG_MT_842,0.7421875,128
SKG_MT_151,0.7719298245614035,57
SKG_QA_399,0.7801418439716312,141
SKG_DIA_306,0.875,16
SKG_DIA_307,0.7916666666666666,72
SKG_MT_1037,0.7219512195121951,205
SKG_MT_861,0.7863247863247863,117
SKG_QA_42,0.7377049180327869,122
SKG_QA_46,0.6870229007633588,131
SKG_MT_1034,0.7727272727272727,44
SKG_QA_47,0.7724137931034483,145
SKG_MT_136,0.7678571428571429,56
SKG_MT_870,0.6914893617021277,94
SKG_QA_58,0.8046875,128
SKG_MT_872,0.7723577235772358,123
SKG_MT_1013,0.7874564459930313,287
SKG_MT_873,0.7078651685393258,178
SKG_MT_123,0.7065868263473054,167
SKG_QA_369,0.7906976744186046,43
SKG_QA_341,0.8242424242424242,165
SKG_QA_119,0.6865671641791045,134
SKG_MT_995,0.7560975609756098,123
SKG_MT_104,0.7485029940119761,167
SKG_MT_911,1.0,9
SKG_MT_910,1.0,4
SKG_QA_288,0.9285714285714286,28
SKG_QA_277,0.7619047619047619,126
SKG_QA_272,0.8223684210526315,152
SKG_QA_145,0.6744186046511628,86
SKG_QA_157,0.847457627118644,118
SKG_MT_25,0.6869565217391305,115
SKG_MT_924,0.7926267281105991,217
SKG_MT_88,0.7432432432432432,74
SKG_MT_31,1.0,4
SKG_MT_982,0.8159340659340659,364
SKG_MT_38,0.5735294117647058,68
SKG_QA_242,0.7706422018348624,109
SKG_QA_235,0.8333333333333334,72
SKG_MT_934,0.803347280334728,239
SKG_QA_172,0.6272727272727273,110
SKG_QA_175,0.8269230769230769,104
SKG_MT_53,0.8152866242038217,157
SKG_MT_939,0.7017543859649122,114
SKG_QA_223,0.7936507936507936,63
SKG_MT_62,0.7777777777777778,99
SKG_SUM_219,0.8695652173913043,92
SKG_QA_212,0.7333333333333333,180
SKG_MT_64,0.7752808988764045,89
SKG_QA_220,0.8952380952380953,105
SKG_QA_202,0.7567567567567568,148
SKG_QA_224,0.7363636363636363,110
SKG_MT_952,0.7151162790697675,172
SKG_MT_941,0.7727272727272727,22
SKG_QA_229,0.819672131147541,61
SKG_QA_230,0.8125,96
SKG_QA_177,0.7746478873239436,71
SKG_QA_176,0.6336633663366337,101
SKG_QA_169,0.7653061224489796,98
SKG_QA_166,0.8426966292134831,178
SKG_MT_925,0.6923076923076923,52
SKG_QA_243,0.7658227848101266,158
SKG_QA_248,0.8080808080808081,99
SKG_MT_985,0.7416666666666667,120
SKG_QA_254,0.7653631284916201,179
SKG_MT_82,0.8214285714285714,28
SKG_MT_83,0.7931034482758621,145
SKG_MT_86,0.7272727272727273,143
SKG_MT_991,0.7285714285714285,140
SKG_QA_271,0.7166666666666667,60
SKG_MT_29,0.6976744186046512,172
SKG_QA_136,0.8108108108108109,74
SKG_QA_133,0.8396946564885496,131
SKG_MT_920,0.5040650406504065,123
SKG_MT_96,0.7383177570093458,107
SKG_MT_916,0.7425742574257426,202
SKG_QA_294,0.7894736842105263,190
SKG_QA_321,0.7083333333333334,72
SKG_QA_127,0.7222222222222222,90
SKG_QA_124,0.6666666666666666,69
SKG_QA_322,0.6850393700787402,127
SKG_MT_909,0.7128712871287128,101
SKG_QA_87,0.7165775401069518,187
SKG_QA_343,0.8043478260869565,92
SKG_QA_348,0.8055555555555556,144
SKG_QA_353,0.8354430379746836,158
SKG_QA_354,0.7285714285714285,70
SKG_QA_364,0.8,100
SKG_QA_367,0.7,80
SKG_QA_380,0.7468354430379747,79
SKG_QA_381,0.7432432432432432,148
SKG_QA_382,0.6802721088435374,147
SKG_QA_72,0.8050847457627118,118
SKG_QA_71,0.803921568627451,51
SKG_QA_60,0.7604166666666666,192
SKG_MT_1020,0.6346153846153846,104
SKG_DIA_1,0.603448275862069,58
SKG_MT_1026,0.7445255474452555,137
SKG_QA_384,0.7021276595744681,188
SKG_QA_389,0.8017241379310345,116
SKG_MT_138,0.8013245033112583,151
SKG_MT_862,0.8,55
SKG_QA_394,0.8092485549132948,173
SKG_DIA_316,0.9285714285714286,14
SKG_QA_40,0.8108108108108109,111
SKG_MT_855,0.7627118644067796,59
SKG_MT_143,0.7727272727272727,22
SKG_MT_1038,0.7272727272727273,77
SKG_QA_415,0.725,120
SKG_QA_426,0.8043478260869565,138
SKG_QA_38,0.6575342465753424,146
SKG_QA_36,0.8235294117647058,136
SKG_QA_432,0.7686567164179104,134
SKG_MT_155,0.684931506849315,73
SKG_MT_1049,0.7606837606837606,117
SKG_QA_450,0.7393939393939394,165
SKG_MT_158,0.611764705882353,85
SKG_MT_1054,0.6638655462184874,119
SKG_MT_831,0.7154471544715447,246
SKG_MT_1058,0.6767676767676768,99
SKG_PAR_225,0.7966101694915254,236
SKG_QA_476,0.6888888888888889,135
SKG_MT_825,0.7990196078431373,204
SKG_DIA_287,1.0,6
SKG_QA_483,0.7128712871287128,101
SKG_MT_822,0.7045454545454546,88
SKG_MT_821,0.7551020408163265,98
SKG_QA_490,0.7142857142857143,14
SKG_DIA_285,0.7719298245614035,57
SKG_SA_1,0.7006172839506173,324
SKG_MT_183,0.6419753086419753,81
SKG_SA_10,0.7005494505494505,364
SKG_PAR_222,0.82,100
SKG_MT_818,0.6687116564417178,163
SKG_PAR_214,0.7476635514018691,107
SKG_MT_195,0.6842105263157895,133
SKG_SA_18,0.6982758620689655,116
SKG_MT_197,0.7111111111111111,135
SKG_DIA_280,0.8695652173913043,115
SKG_SA_28,0.7066666666666667,75
SKG_SA_31,0.7727272727272727,264
SKG_PAR_192,0.7448979591836735,196
SKG_MT_1087,0.6038961038961039,154
SKG_SA_46,0.8142076502732241,183
SKG_SA_51,0.7401574803149606,127
SKG_SA_64,0.6705882352941176,85
SKG_SA_76,0.673469387755102,98
SKG_SA_90,0.6701570680628273,191
SKG_MT_223,0.6470588235294118,34
SKG_PAR_191,0.6896551724137931,116
SKG_MT_807,0.6976744186046512,43
SKG_MT_799,0.6082474226804123,97
SKG_SA_105,0.8085106382978723,94
SKG_SA_106,0.7916666666666666,144
SKG_MT_791,0.6727272727272727,110
SKG_MT_1102,0.8131868131868132,91
SKG_MT_1106,0.7093023255813954,172
SKG_SA_117,0.7522123893805309,113
SKG_MT_240,0.7027027027027027,74
SKG_MT_1107,0.6363636363636364,110
SKG_MT_1109,0.7291666666666666,192
SKG_MT_1110,0.8360655737704918,61
SKG_DIA_259,0.8161764705882353,136
SKG_PAR_168,0.8067226890756303,119
SKG_MT_777,0.8191489361702128,94
SKG_SA_144,0.7454545454545455,55
SKG_MT_1113,0.7236842105263158,152
SKG_MT_764,0.8,60
SKG_PAR_161,0.723404255319149,141
SKG_SA_153,0.7730496453900709,141
SKG_MT_759,0.7529411764705882,170
SKG_DIA_243,0.8483412322274881,211
SKG_MT_757,0.7533333333333333,150
SKG_MT_754,0.6986301369863014,73
SKG_SA_155,1.0,9
SKG_SA_162,0.7303370786516854,89
SKG_SA_169,0.6850393700787402,127
SKG_SA_172,0.8541666666666666,48
SKG_SA_176,0.6818181818181818,44
SKG_SA_179,0.7624309392265194,181
SKG_DIA_238,0.675,40
SKG_MT_745,0.7312252964426877,253
SKG_PAR_155,0.8181818181818182,33
SKG_MT_1140,0.8066666666666666,150
SKG_SA_188,0.7111111111111111,45
SKG_SA_194,0.7028985507246377,138
SKG_SA_199,0.751219512195122,205
SKG_MT_281,0.75,96
SKG_SA_203,0.8194444444444444,144
SKG_SA_222,0.7744360902255639,133
SKG_PAR_152,0.7342657342657343,143
SKG_PAR_151,0.7966101694915254,118
SKG_SA_248,0.8026315789473685,152
SKG_MT_293,0.6377952755905512,127
SKG_DIA_222,0.6458333333333334,96
SKG_DIA_219,0.8114285714285714,175
SKG_PAR_117,0.722972972972973,148
SKG_SA_256,0.8130081300813008,123
SKG_MT_735,0.7814569536423841,151
SKG_MT_734,0.7134146341463414,164
SKG_SA_274,0.7282608695652174,92
SKG_SA_282,0.7464788732394366,71
SKG_PAR_114,0.7723214285714286,224
SKG_MT_733,0.7215189873417721,158
SKG_MT_1195,0.95,20
SKG_MT_1203,0.7681818181818182,220
SKG_SA_314,0.8160919540229885,87
SKG_PAR_102,0.8241758241758241,91
SKG_SA_324,0.839622641509434,106
SKG_SA_326,0.8072916666666666,192
SKG_SA_327,0.7842465753424658,292
SKG_MT_717,0.6020408163265306,98
SKG_PAR_99,0.7073170731707317,41
SKG_MT_1223,0.7244897959183674,98
SKG_MT_339,0.7428571428571429,70
SKG_PAR_93,0.7454545454545455,55
SKG_PAR_88,0.6976744186046512,129
SKG_DIA_179,0.8333333333333334,30
SKG_PAR_86,0.7979094076655052,287
SKG_MT_709,0.7435897435897436,117
SKG_SA_367,0.7959183673469388,245
SKG_SA_381,0.6875,96
SKG_DIA_173,0.7848101265822784,79
SKG_MT_364,0.7272727272727273,66
SKG_PAR_76,0.788235294117647,85
SKG_DIA_166,0.7708333333333334,144
SKG_MT_701,0.7272727272727273,66
SKG_DIA_160,0.7386363636363636,88
SKG_SA_411,0.7631578947368421,190
SKG_PAR_68,0.6898148148148148,216
SKG_DIA_156,0.6481481481481481,54
SKG_MT_374,0.7828571428571428,175
SKG_MT_1271,0.7395833333333334,192
SKG_SA_459,0.6341463414634146,82
SKG_MT_377,0.8888888888888888,9
SKG_MT_380,0.7468354430379747,158
SKG_PAR_42,0.7796610169491526,118
SKG_MT_1278,0.7607655502392344,209
SKG_SA_487,0.7375886524822695,141
SKG_SA_488,0.8066666666666666,150
SKG_PAR_39,0.6808510638297872,141
SKG_SA_496,0.7659574468085106,188
SKG_MT_691,0.7111111111111111,180
SKG_MT_393,0.8319327731092437,119
SKG_MT_684,0.6545454545454545,55
SKG_SA_503,0.8031088082901554,193
SKG_PAR_38,0.8666666666666667,90
SKG_MT_1291,0.6041666666666666,96
SKG_DIA_141,0.6407766990291263,103
SKG_DIA_137,0.7637795275590551,127
SKG_MT_403,0.7722772277227723,101
SKG_DIA_128,0.7910447761194029,67
SKG_DIA_127,0.7025641025641025,195
SKG_DIA_9,0.7777777777777778,63
SKG_PAR_4,0.7573529411764706,136
SKG_PAR_0,0.6721311475409836,61
SKG_NLI_12,0.7763975155279503,161
SKG_SA_547,0.6981132075471698,106
SKG_MT_412,0.7254901960784313,153
SKG_SA_549,0.8043478260869565,138
SKG_MT_416,0.9,30
SKG_SA_551,0.8404255319148937,94
SKG_SA_552,0.7151162790697675,172
SKG_MT_672,0.6972477064220184,109
SKG_MT_669,0.7284768211920529,151
SKG_MT_425,0.79,100
SKG_SA_558,0.8235294117647058,34
SKG_NLI_10,0.6985294117647058,136
SKG_SA_584,0.5925925925925926,81
SKG_MT_432,0.76,250
SKG_NLI_4,0.6621621621621622,148
SKG_MT_662,0.7304964539007093,141
SKG_SA_585,0.7156862745098039,102
SKG_MT_659,0.8536585365853658,41
SKG_DIA_120,0.8172043010752689,93
SKG_SA_602,0.7484662576687117,163
SKG_MT_1475,0.7637362637362637,182
SKG_SA_629,0.8064516129032258,31
SKG_DIA_32,0.7604166666666666,192
SKG_DIA_34,0.7457627118644068,118
SKG_SA_631,0.7216494845360825,97
SKG_MT_452,0.7948717948717948,39
SKG_SA_632,0.84,100
SKG_SA_636,0.7951807228915663,83
SKG_MT_1452,0.6310679611650486,103
SKG_SUM_46,0.7538461538461538,130
SKG_MT_1443,0.7222222222222222,72
SKG_MT_1355,0.7901234567901234,81
SKG_SUM_54,0.7315436241610739,149
SKG_MT_1434,0.5909090909090909,66
SKG_MT_1433,0.728,125
SKG_SUM_61,0.7777777777777778,63
SKG_SUM_62,0.8333333333333334,132
SKG_MT_472,0.7657657657657657,111
SKG_MT_473,0.7653061224489796,98
SKG_MT_1369,0.7824074074074074,216
SKG_SUM_69,0.7872340425531915,47
SKG_DIA_89,0.7128205128205128,195
SKG_SUM_93,0.6972477064220184,109
SKG_SUM_100,0.8214285714285714,56
SKG_SUM_102,0.6835443037974683,79
SKG_MT_1372,0.7608695652173914,46
SKG_DIA_77,0.768,125
SKG_SUM_114,0.8260869565217391,92
SKG_DIA_54,0.6666666666666666,126
SKG_MT_1424,0.7837837837837838,222
SKG_MT_604,0.7407407407407407,27
SKG_SUM_117,0.6132075471698113,106
SKG_SUM_120,0.8214285714285714,168
SKG_SUM_122,0.7159090909090909,176
SKG_SUM_132,0.8,60
SKG_MT_589,0.7857142857142857,42
SKG_SUM_133,0.7835051546391752,97
SKG_DIA_58,0.8013698630136986,146
SKG_MT_587,0.8414634146341463,82
SKG_SUM_141,0.8205128205128205,156
SKG_SUM_152,0.7865168539325843,178
SKG_MT_502,0.6304347826086957,92
SKG_MT_505,0.6089743589743589,156
SKG_MT_575,0.7368421052631579,95
SKG_MT_507,0.6875,112
SKG_SUM_158,0.8461538461538461,39
SKG_SUM_163,0.7552447552447552,143
SKG_SUM_164,0.75,160
SKG_MT_566,0.7894736842105263,114
SKG_SUM_165,0.74,50
SKG_SUM_167,0.8302752293577982,218
SKG_MT_516,0.75,4
SKG_SUM_176,0.8529411764705882,68
SKG_MT_559,0.7058823529411765,68
SKG_MT_558,0.6526315789473685,190
SKG_SUM_179,0.7450980392156863,102
SKG_SUM_218,0.75,208
SKG_MT_1417,0.7181818181818181,110
SKG_MT_532,0.6363636363636364,143
SKG_MT_1402,0.7191011235955056,89
SKG_MT_540,0.7818181818181819,55
SKG_MT_1350,0.7294117647058823,85
SKG_SUM_21,0.6600985221674877,203
SKG_MT_539,0.7555555555555555,45
SKG_SUM_220,0.62,50
SKG_SUM_213,0.7463768115942029,138
SKG_MT_548,0.7333333333333333,15
SKG_MT_552,0.6433566433566433,143
SKG_MT_556,0.5795454545454546,176
SKG_SUM_210,0.7532467532467533,154
SKG_SUM_207,0.8169014084507042,71
SKG_MT_522,0.7659574468085106,47
SKG_SUM_202,0.8333333333333334,72
SKG_MT_519,0.7843137254901961,102
SKG_SUM_201,0.6909090909090909,165
SKG_MT_561,0.7731958762886598,194
SKG_MT_562,0.6428571428571429,140
SKG_MT_511,0.824,125
SKG_SUM_200,0.6381578947368421,152
SKG_MT_570,0.841025641025641,195
SKG_SUM_183,0.8333333333333334,126
SKG_MT_508,0.782608695652174,138
SKG_MT_506,0.6547619047619048,84
SKG_MT_577,0.625,56
SKG_MT_580,0.7894736842105263,38
SKG_SUM_182,0.7439024390243902,164
SKG_MT_501,0.7134146341463414,164
SKG_SUM_169,0.6836734693877551,196
SKG_SUM_168,0.768,125
SKG_SUM_161,0.6935483870967742,124
SKG_SUM_159,0.8238095238095238,210
SKG_MT_597,0.7124183006535948,153
SKG_MT_485,0.6582278481012658,158
SKG_MT_602,0.7171717171717171,99
SKG_SUM_156,0.7575757575757576,132
SKG_MT_482,0.6568627450980392,102
SKG_SUM_153,0.6666666666666666,27
SKG_MT_608,0.7948717948717948,78
SKG_MT_609,0.6888888888888889,180
SKG_SUM_149,0.704,125
SKG_SUM_137,0.8352941176470589,85
SKG_SUM_127,0.6935483870967742,124
SKG_SUM_126,0.0,31
SKG_SUM_125,0.6264367816091954,174
SKG_SUM_124,0.8717948717948718,117
SKG_MT_470,0.7642276422764228,123
SKG_MT_616,0.7023255813953488,215
SKG_MT_618,0.6167664670658682,167
SKG_MT_621,0.6428571428571429,112
SKG_MT_626,0.7205882352941176,68
SKG_SUM_115,0.7477477477477478,111
SKG_SUM_112,0.7317073170731707,164
SKG_SUM_101,0.7094594594594594,148
SKG_SUM_96,0.782608695652174,161
SKG_MT_640,0.6541353383458647,133
SKG_SUM_95,0.7437185929648241,199
SKG_MT_454,0.784688995215311,209
SKG_MT_649,0.7638888888888888,216
SKG_SUM_94,0.8645833333333334,96
SKG_MT_444,0.603448275862069,174
SKG_SUM_91,0.680672268907563,119
SKG_MT_654,0.7435897435897436,78
SKG_MT_655,0.6707317073170732,82
SKG_SUM_89,0.77,100
SKG_MT_439,0.7857142857142857,196
SKG_SUM_79,0.75,160
SKG_SUM_73,0.7457627118644068,59
SKG_SUM_58,0.691358024691358,81
SKG_SUM_57,0.6774193548387096,155
SKG_MT_424,0.7605633802816901,142
SKG_MT_419,0.7845303867403315,181
SKG_MT_674,0.6788321167883211,137
SKG_SUM_51,0.735,200
SKG_MT_414,0.7142857142857143,84
SKG_MT_411,0.7571428571428571,70
SKG_MT_683,0.6363636363636364,22
SKG_SUM_47,0.8378378378378378,37
SKG_SUM_37,0.7,30
SKG_SUM_31,0.7604562737642585,263
SKG_MT_687,0.7636363636363637,220
SKG_MT_690,0.6756756756756757,74
SKG_SUM_30,0.7741935483870968,93
SKG_SA_15,0.4007220216606498,277
SKG_MT_696,0.7341772151898734,79
SKG_SA_11,0.7130044843049327,223
SKG_SA_0,0.8058252427184466,103
SKG_SA_628,0.7518248175182481,137
SKG_SA_623,0.7849462365591398,93
SKG_MT_367,0.6805555555555556,72
SKG_MT_702,0.7169811320754716,53
SKG_MT_703,0.6694214876033058,121
SKG_MT_366,0.7100591715976331,169
SKG_SA_610,0.6544117647058824,272
SKG_SA_598,0.7525773195876289,97
SKG_MT_353,0.5,16
SKG_MT_347,0.7586206896551724,29
SKG_SA_587,0.7741935483870968,31
SKG_SA_581,0.6341463414634146,164
SKG_MT_336,0.6970954356846473,241
SKG_SA_576,0.7834394904458599,157
SKG_MT_721,0.7336956521739131,184
SKG_MT_334,0.7608695652173914,92
SKG_SA_555,0.8571428571428571,21
SKG_SA_553,0.0,134
SKG_MT_328,0.6372549019607843,102
SKG_MT_322,0.8333333333333334,72
SKG_SA_543,0.6971830985915493,142
SKG_SA_541,0.7037037037037037,135
SKG_SA_525,0.7132867132867133,143
SKG_MT_307,0.7169811320754716,53
SKG_MT_303,0.7027027027027027,74
SKG_MT_298,0.6494845360824743,97
SKG_MT_292,0.7092198581560284,141
SKG_MT_276,0.6872427983539094,243
SKG_MT_271,0.7215189873417721,79
SKG_SA_521,0.6428571428571429,98
SKG_SA_516,0.6587301587301587,252
SKG_SA_479,0.7388059701492538,134
SKG_MT_750,0.6728395061728395,162
SKG_MT_751,0.7565217391304347,115
SKG_SA_464,0.7435897435897436,156
SKG_MT_756,0.7522935779816514,109
SKG_SA_455,0.6956521739130435,230
SKG_MT_263,0.7077922077922078,154
SKG_MT_261,0.7792207792207793,154
SKG_SA_446,0.7580645161290323,124
SKG_MT_761,0.7788944723618091,199
SKG_MT_765,0.8048780487804879,82
SKG_SA_444,0.6756756756756757,111
SKG_SA_440,0.7582417582417582,182
SKG_MT_253,0.803921568627451,51
SKG_MT_251,0.6436781609195402,87
SKG_SA_436,0.75,204
SKG_MT_249,0.7528089887640449,89
SKG_MT_773,0.6,10
SKG_SA_399,0.776,125
SKG_SA_394,0.69377990430622,209
SKG_SA_392,0.7745098039215687,102
SKG_MT_248,0.6764705882352942,102
SKG_MT_780,0.7241379310344828,29
SKG_SA_383,0.7547892720306514,261
SKG_MT_242,0.625,48
SKG_MT_783,0.875,8
SKG_SA_378,0.7477477477477478,111
SKG_MT_235,0.754601226993865,163
SKG_MT_232,0.7419354838709677,155
SKG_MT_792,0.6692913385826772,127
SKG_SA_376,0.7553956834532374,139
SKG_SA_357,0.7242990654205608,214
SKG_MT_804,0.6582278481012658,79
SKG_MT_808,0.7913043478260869,115
SKG_SA_348,0.7105263157894737,38
SKG_MT_222,0.7164179104477612,67
SKG_MT_214,0.6842105263157895,133
SKG_MT_213,0.8037383177570093,107
SKG_SA_337,0.6717171717171717,198
SKG_SA_328,0.84375,32
SKG_SA_303,0.8145695364238411,151
SKG_MT_202,0.6928571428571428,140
SKG_SA_302,0.7348484848484849,132
SKG_MT_189,0.7924528301886793,159
SKG_SA_300,0.7586206896551724,116
SKG_SA_297,0.668918918918919,148
SKG_SA_294,0.7553956834532374,139
SKG_SA_279,0.8378378378378378,37
SKG_MT_172,0.6666666666666666,102
SKG_SA_272,0.6610169491525424,59
SKG_SA_271,0.6056338028169014,142
SKG_SA_267,0.7445255474452555,137
SKG_MT_830,0.7670454545454546,176
SKG_SA_236,0.782608695652174,46
SKG_SA_218,0.7245508982035929,167
SKG_SA_216,0.5833333333333334,36
SKG_SA_208,0.7384615384615385,195
SKG_MT_159,0.7307692307692307,156
SKG_MT_837,0.7829457364341085,129
SKG_MT_154,0.8271028037383178,214
SKG_SA_200,0.7121212121212122,132
SKG_MT_843,0.7473684210526316,190
SKG_SA_189,0.8571428571428571,28
SKG_SA_159,0.6857142857142857,70
SKG_MT_846,0.8289473684210527,76
SKG_SA_147,0.772972972972973,185
SKG_SA_141,0.7065217391304348,92
SKG_MT_142,0.7757009345794392,107
SKG_MT_852,0.7730496453900709,141
SKG_SA_139,0.7,80
SKG_MT_856,0.7246376811594203,69
SKG_MT_857,0.7323943661971831,142
SKG_SA_134,0.6428571428571429,154
SKG_SA_101,0.6106194690265486,113
SKG_SA_92,0.7037037037037037,108
SKG_MT_864,0.7451923076923077,208
SKG_SA_49,0.7117903930131004,229
SKG_MT_134,0.7864077669902912,206
SKG_MT_130,0.6296296296296297,108
SKG_MT_871,0.639344262295082,122
SKG_MT_128,0.7101449275362319,69
SKG_MT_125,0.49230769230769234,65
SKG_SA_39,0.7388888888888889,180
SKG_MT_875,0.7225806451612903,155
SKG_MT_876,0.743801652892562,242
SKG_MT_883,0.7477477477477478,111
SKG_SA_38,0.8097345132743363,226
SKG_SA_35,0.6923076923076923,52
SKG_SA_27,0.6550218340611353,229
SKG_MT_113,0.7523809523809524,105
SKG_MT_896,0.6507936507936508,126
SKG_MT_111,0.6844919786096256,187
SKG_MT_902,0.7022900763358778,131
SKG_MT_904,0.6770186335403726,161
SKG_MT_106,0.6846846846846847,111
SKG_MT_101,0.7413793103448276,116
SKG_QA_11,0.7142857142857143,301
SKG_MT_98,0.695364238410596,151
SKG_MT_918,0.7572815533980582,103
SKG_MT_95,0.7048192771084337,166
SKG_MT_921,0.7349397590361446,83
SKG_MT_90,0.6578947368421053,114
SKG_QA_489,0.8688524590163934,183
SKG_MT_933,0.6290322580645161,62
SKG_MT_75,0.7622950819672131,244
SKG_MT_935,0.6551724137931034,58
SKG_QA_482,0.8344827586206897,145
SKG_QA_484,0.8333333333333334,6
SKG_QA_481,0.7739130434782608,115
SKG_MT_73,0.6702127659574468,94
SKG_MT_70,0.7848101265822784,237
SKG_QA_475,0.7659574468085106,94
SKG_QA_473,0.6785714285714286,196
SKG_MT_951,0.7428571428571429,140
SKG_MT_68,0.6,100
SKG_MT_953,0.76,225
SKG_MT_67,0.6194690265486725,113
SKG_QA_466,0.8034934497816594,229
SKG_MT_60,0.8059701492537313,134
SKG_QA_457,0.6947368421052632,95
SKG_QA_454,0.6896551724137931,116
SKG_QA_452,0.5955056179775281,89
SKG_MT_970,0.6224489795918368,98
SKG_QA_449,0.732484076433121,157
SKG_MT_50,0.8032786885245902,61
SKG_MT_43,0.6888888888888889,45
SKG_QA_447,0.7966101694915254,118
SKG_QA_440,0.7674418604651163,43
SKG_QA_403,0.7115384615384616,104
SKG_QA_401,0.7982456140350878,114
SKG_QA_397,0.8125,144
SKG_QA_396,0.7373737373737373,99
SKG_MT_35,0.8317757009345794,107
SKG_MT_34,0.7976190476190477,84
SKG_MT_30,0.697986577181208,149
SKG_MT_987,0.7619047619047619,42
SKG_MT_20,0.75,80
SKG_MT_992,0.7954545454545454,88
SKG_MT_19,0.6333333333333333,60
SKG_QA_387,0.7903225806451613,62
SKG_QA_386,0.5604395604395604,91
SKG_QA_371,0.6333333333333333,30
SKG_QA_370,0.7391304347826086,92
SKG_QA_365,0.7058823529411765,68
SKG_QA_362,0.7697841726618705,139
SKG_MT_998,0.7843137254901961,102
SKG_QA_361,0.8146067415730337,178
SKG_QA_359,0.7310344827586207,145
SKG_QA_333,0.7301587301587301,63
SKG_QA_330,0.6458333333333334,96
SKG_MT_1011,0.7094594594594594,148
SKG_MT_1012,0.6951219512195121,82
SKG_DIA_6,0.7415730337078652,89
SKG_QA_329,0.7520661157024794,121
SKG_QA_319,0.6846846846846847,111
SKG_QA_314,0.7368421052631579,95
SKG_QA_311,0.7738095238095238,84
SKG_QA_310,0.6283783783783784,148
SKG_MT_1016,0.7567567567567568,148
SKG_QA_306,0.7924528301886793,159
SKG_DIA_0,0.7949640287769785,278
SKG_DIA_318,0.84375,96
SKG_MT_1022,0.6804733727810651,169
SKG_QA_299,0.7792207792207793,154
SKG_MT_1028,0.780373831775701,214
SKG_MT_1031,0.6293706293706294,143
SKG_QA_292,0.0,182
SKG_DIA_313,0.9032258064516129,31
SKG_QA_291,0.86,50
SKG_QA_284,0.735632183908046,87
SKG_QA_275,0.7310924369747899,119
SKG_DIA_308,0.8020833333333334,192
SKG_QA_267,0.7303370786516854,89
SKG_QA_265,0.7555555555555555,45
SKG_QA_263,0.6593406593406593,91
SKG_QA_262,0.7702702702702703,148
SKG_MT_1043,0.6372549019607843,204
SKG_QA_260,0.7164179104477612,67
SKG_QA_259,0.7560975609756098,82
SKG_QA_257,0.7049180327868853,183
SKG_DIA_304,0.7333333333333333,180
SKG_QA_252,0.6703910614525139,179
SKG_QA_249,0.7867647058823529,136
SKG_QA_231,0.7636363636363637,275
SKG_QA_221,0.8888888888888888,9
SKG_QA_218,0.5769230769230769,182
SKG_MT_1061,0.7906976744186046,129
SKG_DIA_284,0.7719298245614035,228
SKG_MT_1066,0.7272727272727273,99
SKG_QA_209,0.7583333333333333,120
SKG_MT_1070,0.8048780487804879,82
SKG_QA_206,0.6846846846846847,222
SKG_DIA_282,0.7093023255813954,86
SKG_DIA_279,0.7799043062200957,209
SKG_MT_1080,0.5945945945945946,148
SKG_MT_1083,0.7807017543859649,114
SKG_DIA_277,0.8367346938775511,49
SKG_DIA_276,0.7365269461077845,167
SKG_MT_1088,0.7883211678832117,137
SKG_QA_204,0.7589285714285714,112
SKG_DIA_271,0.7121212121212122,132
SKG_QA_194,0.6901408450704225,71
SKG_DIA_268,0.7837837837837838,185
SKG_DIA_266,0.7703703703703704,135
SKG_QA_187,0.7654320987654321,81
SKG_QA_186,0.6166666666666667,60
SKG_QA_160,0.5984251968503937,127
SKG_QA_153,0.759493670886076,158
SKG_QA_147,0.7621359223300971,206
SKG_QA_139,0.7073170731707317,123
SKG_DIA_261,0.7067307692307693,208
SKG_DIA_257,0.6911764705882353,68
SKG_QA_138,0.7846153846153846,130
SKG_DIA_247,0.6727272727272727,110
SKG_QA_123,0.8021978021978022,91
SKG_QA_115,0.676923076923077,130
SKG_QA_109,0.7407407407407407,81
SKG_MT_1134,0.788135593220339,118
SKG_MT_1135,0.8666666666666667,15
SKG_MT_1136,0.6707317073170732,164
SKG_MT_1139,0.6137931034482759,145
SKG_QA_102,0.8068181818181818,88
SKG_QA_100,0.7627118644067796,236
SKG_QA_99,0.7987421383647799,159
SKG_QA_98,0.8085106382978723,47
SKG_MT_1150,0.6764705882352942,68
SKG_QA_90,0.8453038674033149,181
SKG_DIA_234,0.7397260273972602,146
SKG_QA_89,0.7713004484304933,223
SKG_DIA_227,0.7857142857142857,182
SKG_QA_86,0.7850467289719626,107
SKG_QA_82,0.8288288288288288,111
SKG_DIA_225,0.8144329896907216,97
SKG_MT_1176,0.8469387755102041,98
SKG_QA_81,0.8115942028985508,69
SKG_QA_77,0.7469879518072289,166
SKG_MT_1179,0.6923076923076923,78
SKG_QA_68,0.7,30
SKG_QA_55,0.684931506849315,146
SKG_QA_51,0.7420634920634921,252
SKG_MT_1184,0.7445652173913043,184
SKG_MT_1185,0.75,16
SKG_QA_50,0.6767676767676768,99
SKG_QA_49,0.7547169811320755,159
SKG_DIA_203,0.6976744186046512,129
SKG_MT_1192,0.7319587628865979,97
SKG_DIA_202,0.6956521739130435,46
SKG_DIA_200,0.9047619047619048,21
SKG_MT_1196,0.6435643564356436,101
SKG_MT_1197,0.7567567567567568,37
SKG_MT_1198,0.75,68
SKG_DIA_196,0.6627906976744186,172
SKG_DIA_193,0.734375,192
SKG_QA_44,0.7388888888888889,180
SKG_MT_1216,0.7540983606557377,61
SKG_MT_1217,0.5869565217391305,92
SKG_QA_43,0.6764705882352942,34
SKG_QA_30,0.7735849056603774,53
SKG_DIA_188,0.9318181818181818,44
SKG_QA_29,0.7300884955752213,226
SKG_QA_27,0.6212121212121212,132
SKG_QA_25,0.5568181818181818,88
SKG_QA_19,0.7454545454545455,110
SKG_DIA_178,0.7727272727272727,176
SKG_MT_1234,0.7524752475247525,101
SKG_PAR_174,0.6666666666666666,42
SKG_PAR_101,0.6881720430107527,93
SKG_PAR_77,0.6707317073170732,82
SKG_MT_1241,0.5694444444444444,144
SKG_DIA_168,0.6901408450704225,142
SKG_DIA_4,0.7403846153846154,104
SKG_PAR_25,0.8024691358024691,162
SKG_DIA_8,0.8125,176
SKG_DIA_164,0.7788461538461539,104
SKG_DIA_23,0.7037037037037037,54
SKG_DIA_27,0.8421052631578947,95
SKG_DIA_30,0.7526881720430108,186
SKG_MT_1261,0.6395348837209303,86
SKG_DIA_36,0.753731343283582,134
SKG_MT_1469,0.7929292929292929,198
SKG_MT_1267,0.6507936507936508,189
SKG_MT_1465,0.6153846153846154,130
SKG_MT_1275,0.6216216216216216,37
SKG_MT_1463,0.8275862068965517,58
SKG_DIA_44,0.7741935483870968,93
SKG_DIA_150,0.7657657657657657,111
SKG_DIA_149,0.762962962962963,135
SKG_DIA_147,0.690677966101695,236
SKG_MT_1285,0.8876404494382022,89
SKG_MT_1445,0.5833333333333334,84
SKG_DIA_50,0.7555555555555555,90
SKG_DIA_51,0.7185185185185186,135
SKG_MT_1422,0.7659574468085106,94
SKG_MT_1420,0.7745901639344263,244
SKG_DIA_139,0.7534246575342466,73
SKG_DIA_129,0.6808510638297872,94
SKG_MT_1419,0.8297872340425532,47
SKG_MT_1296,0.6372549019607843,204
SKG_MT_1418,0.7333333333333333,150
SKG_MT_1301,0.6851851851851852,54
SKG_DIA_62,0.7938931297709924,131
SKG_DIA_123,0.8041666666666667,240
SKG_MT_1405,0.660377358490566,53
SKG_MT_1404,0.7372881355932204,118
SKG_DIA_66,0.6989247311827957,93
SKG_MT_1398,0.6987951807228916,166
SKG_MT_1321,0.652542372881356,118
SKG_MT_1397,0.796875,128
SKG_MT_1389,0.6724137931034483,232
SKG_DIA_113,0.6875,128
SKG_DIA_76,0.6597222222222222,144
SKG_DIA_111,0.9,20
SKG_DIA_84,0.8225806451612904,62
SKG_MT_1374,0.7677419354838709,155
SKG_DIA_106,0.7280701754385965,114
SKG_MT_1371,0.806060606060606,165
SKG_DIA_90,0.6833333333333333,120
SKG_DIA_96,0.7464788732394366,142
SKG_MT_1358,0.7040816326530612,98
SKG_MT_1357,0.696,125
SKG_MT_544,0.75,4
SKG_SUM_26,0.7,140
SKG_MT_140,0.541033434650456,329
SKG_MT_1345,0.7731481481481481,216
SKG_DIA_105,0.7217741935483871,248
SKG_DIA_103,0.7411764705882353,170
SKG_DIA_102,0.723404255319149,141
SKG_MT_1348,0.6705882352941176,85
SKG_DIA_101,0.6883116883116883,154
SKG_MT_1356,0.7328767123287672,146
SKG_MT_1342,0.7126436781609196,174
SKG_MT_1341,0.6761904761904762,210
SKG_DIA_99,0.6851851851851852,108
SKG_DIA_98,0.6944444444444444,144
SKG_MT_1362,0.6666666666666666,102
SKG_DIA_97,0.6162790697674418,86
SKG_MT_1368,0.7222222222222222,144
SKG_MT_1334,0.6238532110091743,109
SKG_DIA_88,0.8543689320388349,103
SKG_MT_1331,0.6243093922651933,181
SKG_DIA_107,0.7083333333333334,96
SKG_DIA_112,0.7862595419847328,131
SKG_DIA_75,0.8076923076923077,104
SKG_MT_1382,0.765625,64
SKG_DIA_73,0.6901408450704225,142
SKG_DIA_72,0.8176100628930818,159
SKG_DIA_70,0.7028985507246377,276
SKG_MT_1323,0.7157622739018088,387
SKG_MT_1391,0.728,125
SKG_MT_1393,0.68,75
SKG_DIA_115,0.7094972067039106,179
SKG_DIA_69,0.5263157894736842,76
SKG_DIA_116,0.743801652892562,121
SKG_DIA_65,0.7572815533980582,103
SKG_DIA_119,0.7295081967213115,122
SKG_MT_1407,0.7716535433070866,127
SKG_MT_1409,0.6666666666666666,42
SKG_DIA_124,0.7727272727272727,286
SKG_DIA_61,0.6645962732919255,161
SKG_DIA_126,0.75,188
SKG_DIA_143,0.8775510204081632,49
SKG_DIA_144,0.7441860465116279,129
SKG_DIA_60,0.7921348314606742,178
SKG_MT_1289,0.6911764705882353,136
SKG_DIA_55,0.7933884297520661,121
SKG_DIA_53,0.6598639455782312,147
SKG_MT_1428,0.8064516129032258,62
SKG_MT_1430,0.6434108527131783,129
SKG_MT_1431,0.6701030927835051,97
SKG_DIA_145,0.7272727272727273,198
SKG_DIA_49,0.8135593220338984,59
SKG_DIA_47,0.7727272727272727,22
SKG_DIA_45,0.7359550561797753,178
SKG_MT_1447,0.6666666666666666,27
SKG_MT_1450,0.6691729323308271,133
SKG_DIA_151,0.6846153846153846,130
SKG_DIA_42,0.855072463768116,69
SKG_DIA_41,0.7676767676767676,99
SKG_DIA_39,0.725,200
SKG_MT_1457,0.7801418439716312,141
SKG_MT_1274,0.7450980392156863,102
SKG_MT_1272,0.7804878048780488,41
SKG_DIA_154,0.7265625,128
SKG_MT_1468,0.5645161290322581,62
SKG_DIA_155,0.7864077669902912,103
SKG_MT_1269,0.5538461538461539,65
SKG_DIA_35,0.5548780487804879,164
SKG_DIA_159,0.7483443708609272,151
SKG_MT_1262,0.8351648351648352,91
SKG_DIA_29,0.7777777777777778,90
SKG_MT_1259,0.7264150943396226,106
SKG_MT_1258,0.6416666666666667,120
SKG_DIA_22,0.8078817733990148,203
SKG_MT_5,0.6331360946745562,169
SKG_MT_8,0.3774104683195592,363
SKG_MT_12,0.673469387755102,196
SKG_NLI_0,0.802547770700637,157
SKG_DIA_18,0.7516339869281046,153
SKG_NLI_3,0.7236842105263158,76
SKG_DIA_17,0.7435897435897436,117
SKG_NLI_5,0.6301369863013698,73
SKG_NLI_8,0.7096774193548387,124
SKG_DIA_16,0.7539267015706806,191
SKG_DIA_14,0.8181818181818182,22
SKG_DIA_13,0.7931034482758621,87
SKG_NLI_16,0.746268656716418,134
SKG_NLI_17,0.7410071942446043,139
SKG_NLI_18,0.6805555555555556,216
SKG_NLI_19,0.6666666666666666,132
SKG_PAR_1,0.7289719626168224,107
SKG_DIA_12,0.64,125
SKG_DIA_11,0.6583333333333333,120
SKG_DIA_10,0.8421052631578947,133
SKG_PAR_6,0.7375,80
SKG_PAR_8,0.7865853658536586,164
SKG_PAR_13,0.6567164179104478,201
SKG_PAR_16,0.6708860759493671,79
SKG_DIA_165,0.6448598130841121,107
SKG_MT_1251,0.8461538461538461,26
SKG_DIA_7,0.7692307692307693,52
SKG_PAR_21,0.6952380952380952,105
SKG_PAR_23,0.75,72
SKG_MT_1243,0.7167381974248928,233
SKG_PAR_26,0.7207792207792207,154
SKG_DIA_3,0.7677053824362606,353
SKG_PAR_32,0.83,100
SKG_DIA_2,0.7990654205607477,214
SKG_DIA_169,0.6504854368932039,103
SKG_MT_1240,0.75,76
SKG_DIA_177,0.7869565217391304,230
SKG_MT_543,0.6610169491525424,59
SKG_PAR_51,0.73125,160
SKG_MT_541,0.7666666666666667,30
SKG_MT_536,0.7758620689655172,58
SKG_SUM_19,0.7553956834532374,278
SKG_MT_531,0.6666666666666666,102
SKG_SUM_16,0.43661971830985913,284
SKG_SUM_14,0.7692307692307693,208
SKG_SUM_13,0.7004405286343612,227
SKG_PAR_64,0.7878787878787878,165
SKG_SUM_10,0.7593582887700535,187
SKG_SUM_9,0.737037037037037,270
SKG_SUM_3,0.6748466257668712,163
SKG_SUM_215,0.7411764705882353,85
SKG_PAR_70,0.8354430379746836,79
SKG_MT_526,0.7037037037037037,27
SKG_MT_525,0.7578947368421053,285
SKG_SUM_209,0.6457142857142857,175
SKG_MT_1238,0.6208791208791209,182
SKG_MT_521,0.7105263157894737,76
SKG_SUM_206,0.7204301075268817,93
SKG_PAR_81,0.7659574468085106,235
SKG_PAR_83,0.6326530612244898,196
SKG_MT_512,0.6387096774193548,155
SKG_MT_568,0.6904761904761905,84
SKG_MT_573,0.6631578947368421,95
SKG_SUM_199,0.768361581920904,177
SKG_SUM_192,0.7251908396946565,131
SKG_SUM_189,0.7236842105263158,76
SKG_SUM_184,0.796875,128
SKG_MT_579,0.7391304347826086,115
SKG_MT_499,0.6621621621621622,222
SKG_SUM_171,0.7284768211920529,151
SKG_SUM_170,0.615,200
SKG_PAR_111,0.6547619047619048,252
SKG_MT_495,0.6742424242424242,132
SKG_MT_490,0.7746478873239436,71
SKG_MT_594,0.6996047430830039,253
SKG_SUM_160,0.7264150943396226,106
SKG_MT_489,0.8688524590163934,61
SKG_MT_486,0.819672131147541,61
SKG_MT_483,0.7246376811594203,69
SKG_SUM_157,0.8,210
SKG_MT_479,0.5454545454545454,99
SKG_MT_477,0.8,350
SKG_SUM_150,0.7948717948717948,78
SKG_MT_611,0.6473988439306358,173
SKG_SUM_146,0.7071823204419889,181
SKG_PAR_131,0.6131386861313869,137
SKG_PAR_132,0.785234899328859,149
SKG_SUM_140,0.6774193548387096,217
SKG_PAR_137,0.8024691358024691,162
SKG_SUM_139,0.7817258883248731,197
SKG_PAR_146,0.7181208053691275,149
SKG_PAR_150,0.819672131147541,122
SKG_SUM_138,0.7951807228915663,166
SKG_SUM_135,0.7757009345794392,107
SKG_SUM_131,0.6344827586206897,145
SKG_PAR_163,0.8125,80
SKG_MT_612,0.7241379310344828,58
SKG_MT_614,0.9375,16
SKG_MT_628,0.7239583333333334,192
SKG_SUM_123,0.5943396226415094,106
SKG_SUM_121,0.8131868131868132,91
SKG_SUM_119,0.8035714285714286,112
SKG_SUM_118,0.75,68
SKG_MT_631,0.7246376811594203,207
SKG_SUM_106,0.7142857142857143,84
SKG_SUM_105,0.7310344827586207,145
SKG_SUM_104,0.647887323943662,71
SKG_MT_634,0.7014925373134329,67
SKG_MT_464,0.6666666666666666,174
SKG_SUM_99,0.8203592814371258,167
SKG_PAR_211,0.6733333333333333,150
SKG_PAR_213,0.8805970149253731,67
SKG_MT_456,0.6917808219178082,146
SKG_MT_455,0.5681818181818182,44
SKG_MT_450,0.7117117117117117,111
SKG_MT_442,0.6530612244897959,49
SKG_MT_656,0.7545454545454545,110
SKG_MT_438,0.7384615384615385,65
SKG_MT_436,0.6950354609929078,141
SKG_SUM_84,0.7368421052631579,133
SKG_QA_2,0.5681818181818182,44
SKG_MT_434,0.7333333333333333,105
SKG_SUM_75,0.8577777777777778,225
SKG_SUM_70,0.625,88
SKG_QA_16,0.6470588235294118,34
SKG_QA_18,0.7785714285714286,140
SKG_SUM_66,0.664179104477612,268
SKG_DIA_180,0.7818930041152263,243
SKG_DIA_185,0.6990291262135923,103
SKG_DIA_186,0.7058823529411765,153
SKG_DIA_187,0.8135593220338984,59
SKG_DIA_191,0.6715328467153284,137
SKG_QA_32,0.7476635514018691,107
SKG_QA_33,0.6958174904942965,263
SKG_MT_430,0.7912087912087912,91
SKG_MT_420,0.5882352941176471,68
SKG_MT_677,0.5507246376811594,69
SKG_SUM_56,0.7482517482517482,143
SKG_QA_41,0.6612903225806451,124
SKG_MT_1212,0.6633663366336634,101
SKG_SUM_55,0.85,60
SKG_SUM_53,0.6989247311827957,93
SKG_MT_418,0.7941176470588235,34
SKG_MT_407,0.7619047619047619,147
SKG_MT_1200,0.7022900763358778,131
SKG_DIA_197,0.6,15
SKG_DIA_206,0.7024793388429752,121
SKG_DIA_214,0.7791411042944786,163
SKG_MT_1188,0.7903225806451613,62
SKG_MT_1182,0.7555555555555555,135
SKG_QA_52,0.8545454545454545,55
SKG_MT_1181,0.7413793103448276,58
SKG_MT_1180,0.6932515337423313,163
SKG_MT_685,0.7159090909090909,88
SKG_QA_59,0.7424242424242424,66
SKG_MT_689,0.7066666666666667,75
SKG_MT_392,0.6675824175824175,364
SKG_QA_61,0.6821192052980133,151
SKG_MT_693,0.7115384615384616,52
SKG_QA_69,0.6785714285714286,84
SKG_SUM_28,0.6834862385321101,218
SKG_MT_1178,0.68,75
SKG_DIA_218,0.6666666666666666,78
SKG_DIA_226,0.7013888888888888,144
SKG_QA_88,0.7283950617283951,81
SKG_MT_1164,0.7203389830508474,118
SKG_DIA_230,0.6956521739130435,92
SKG_DIA_232,0.6518518518518519,135
SKG_DIA_236,0.7051282051282052,78
SKG_QA_91,0.7627906976744186,215
SKG_QA_94,0.6990291262135923,103
SKG_QA_96,0.7202072538860104,193
SKG_MT_1149,0.7,20
SKG_MT_1146,0.7398373983739838,123
SKG_MT_1145,0.6285714285714286,105
SKG_MT_1143,0.746268656716418,134
SKG_MT_1142,0.6206896551724138,29
SKG_DIA_237,0.6623376623376623,154
SKG_QA_103,0.8658536585365854,82
SKG_QA_105,0.6567164179104478,67
SKG_QA_114,0.8333333333333334,30
SKG_DIA_244,0.7481481481481481,135
SKG_MT_1128,0.7101449275362319,69
SKG_QA_120,0.6791044776119403,134
SKG_MT_1126,0.8131868131868132,91
NOVEL_MT_9,0.5094339622641509,53
SKG_QA_129,0.8181818181818182,55
SKG_QA_132,0.6544117647058824,136
SKG_MT_386,0.7338709677419355,124
SKG_QA_135,0.8109756097560976,164
SKG_MT_385,0.6666666666666666,78
SKG_SA_2,0.7269230769230769,260
SKG_DIA_248,0.6875,48
SKG_DIA_254,0.7659574468085106,94
SKG_DIA_262,0.6904761904761905,126
SKG_QA_142,0.6021505376344086,186
SKG_QA_144,0.7176470588235294,170
SKG_MT_383,0.7579617834394905,157
SKG_DIA_263,0.75,68
SKG_DIA_264,0.6617647058823529,204
SKG_DIA_265,0.7767441860465116,215
SKG_QA_154,0.6716417910447762,134
SKG_MT_361,0.5990990990990991,222
SKG_SA_620,0.7258687258687259,259
SKG_MT_1104,0.7350427350427351,117
SKG_QA_163,0.7555555555555555,45
SKG_QA_171,0.6111111111111112,36
SKG_MT_357,0.6067415730337079,89
SKG_QA_174,0.7361111111111112,72
SKG_MT_354,0.691358024691358,81
SKG_MT_343,0.7899159663865546,119
SKG_SA_591,0.8571428571428571,28
SKG_SA_586,0.6717557251908397,131
SKG_QA_178,0.6881720430107527,93
SKG_QA_181,0.6576576576576577,111
SKG_MT_714,0.7346938775510204,49
SKG_MT_718,0.7931034482758621,29
SKG_MT_330,0.62,100
SKG_QA_184,0.7719298245614035,114
SKG_QA_190,0.7954545454545454,44
SKG_QA_191,0.7368421052631579,133
SKG_DIA_270,0.8888888888888888,27
SKG_QA_195,0.6779661016949152,177
SKG_MT_730,0.6018518518518519,108
SKG_MT_329,0.7653061224489796,98
SKG_MT_1094,0.7894736842105263,76
SKG_DIA_273,0.7583333333333333,120
SKG_MT_1078,0.6857142857142857,105
SKG_MT_1076,0.9375,16
SKG_DIA_283,0.8,200
SKG_MT_318,0.6216216216216216,74
SKG_SA_548,0.7960526315789473,152
SKG_QA_214,0.702247191011236,178
SKG_QA_217,0.7323232323232324,198
SKG_DIA_286,0.8201438848920863,139
SKG_SA_546,0.8,65
SKG_MT_310,0.7972972972972973,74
SKG_QA_222,0.7894736842105263,114
SKG_MT_309,0.6619718309859155,142
SKG_QA_226,0.6666666666666666,69
SKG_SA_538,0.703125,192
SKG_QA_228,0.6846153846153846,130
SKG_DIA_289,0.8125,176
SKG_DIA_293,0.6285714285714286,70
SKG_QA_232,0.6857142857142857,70
SKG_DIA_297,0.5728643216080402,199
SKG_MT_302,0.6557377049180327,61
SKG_QA_237,0.7945736434108527,258
SKG_QA_239,0.7482517482517482,143
SKG_MT_291,0.7045454545454546,44
SKG_MT_269,0.59375,96
SKG_MT_267,0.6344827586206897,435
SKG_MT_746,0.6538461538461539,52
SKG_SA_519,0.7058823529411765,187
SKG_QA_244,0.7805907172995781,237
SKG_SA_518,0.72,75
SKG_QA_250,0.6607142857142857,56
SKG_MT_1051,0.7605633802816901,213
SKG_MT_749,0.684931506849315,73
SKG_SA_498,0.61875,160
SKG_DIA_305,0.7877094972067039,179
SKG_MT_1044,0.7073170731707317,164
NOVEL_MT_95,0.6629834254143646,181
SKG_MT_1041,0.6274509803921569,153
SKG_QA_264,0.7654320987654321,81
SKG_MT_1040,0.7441860465116279,215
SKG_DIA_309,0.7386363636363636,88
SKG_SA_478,0.61,100
SKG_QA_279,0.7975460122699386,163
SKG_QA_280,0.7551020408163265,147
SKG_QA_281,0.6610169491525424,59
SKG_QA_287,0.8611111111111112,72
SKG_DIA_311,0.7169811320754716,106
SKG_QA_290,0.6326530612244898,98
SKG_DIA_314,0.6601941747572816,103
SKG_DIA_315,0.6976744186046512,129
SKG_QA_293,0.7050359712230215,139
SKG_SA_470,0.7755102040816326,98
SKG_SA_467,0.7528735632183908,174
SKG_QA_297,0.7335640138408305,289
SKG_DIA_317,0.7077922077922078,154
SKG_QA_300,0.7419354838709677,186
SKG_QA_301,0.8137931034482758,145
SKG_MT_1021,1.0,6
SKG_MT_1018,0.7669172932330827,133
SKG_QA_307,0.7674418604651163,86
SKG_MT_1015,0.6954314720812182,197
SKG_MT_264,0.6595744680851063,188
SKG_QA_313,0.7448275862068966,145
SKG_MT_1014,0.7889908256880734,109
SKG_QA_317,0.6984924623115578,199
SKG_QA_318,0.7068965517241379,174
SKG_MT_760,0.7481481481481481,135
SKG_QA_323,0.6607142857142857,112
SKG_QA_325,0.6774193548387096,217
SKG_SA_453,0.8502673796791443,187
SKG_QA_326,0.9333333333333333,15
SKG_QA_331,0.8611111111111112,144
SKG_QA_332,0.7162162162162162,148
SKG_MT_1008,0.7898550724637681,138
SKG_MT_766,0.6129032258064516,155
SKG_MT_255,0.8103448275862069,58
SKG_SA_445,0.7761194029850746,67
SKG_MT_250,0.6436781609195402,87
SKG_MT_769,0.7712765957446809,188
SKG_QA_342,0.6623376623376623,77
SKG_QA_346,0.7045454545454546,176
SKG_MT_774,0.69,100
SKG_SA_413,0.7738095238095238,168
SKG_QA_351,0.6813186813186813,91
SKG_SA_408,0.757085020242915,247
SKG_QA_360,0.8461538461538461,52
SKG_MT_1002,0.620253164556962,79
SKG_QA_363,0.7792207792207793,77
SKG_MT_997,0.6495726495726496,117
SKG_SA_403,0.6060606060606061,99
SKG_SA_402,0.7301587301587301,189
SKG_QA_368,0.7878787878787878,132
SKG_MT_775,0.7342657342657343,143
SKG_MT_996,0.6538461538461539,130
SKG_QA_372,0.7666666666666667,210
SKG_QA_373,0.7954545454545454,44
SKG_QA_374,0.6875,48
SKG_MT_776,0.6344086021505376,186
SKG_MT_244,0.6891891891891891,148
SKG_SA_384,0.7564766839378239,193
SKG_MT_782,0.6336633663366337,101
SKG_QA_383,0.7592592592592593,54
SKG_MT_784,0.7747747747747747,111
SKG_MT_231,0.6610169491525424,118
SKG_MT_796,0.7469879518072289,83
SKG_MT_226,0.6266666666666667,225
SKG_SA_371,0.5984251968503937,127
SKG_QA_391,0.7916666666666666,120
SKG_QA_393,0.7714285714285715,140
NOVEL_MT_163,0.6804123711340206,194
SKG_SA_358,0.7962962962962963,54
SKG_QA_395,0.6141304347826086,184
SKG_MT_28,0.6976744186046512,43
SKG_MT_990,0.6666666666666666,63
SKG_MT_36,0.64,50
SKG_MT_37,0.673469387755102,98
SKG_MT_41,0.7443946188340808,223
SKG_MT_978,0.7741935483870968,62
SKG_QA_402,0.746031746031746,63
SKG_QA_406,0.6419753086419753,162
SKG_SA_350,0.7804878048780488,82
SKG_QA_408,0.7238095238095238,105
SKG_QA_409,0.7130434782608696,115
SKG_QA_412,0.7649769585253456,217
SKG_QA_413,0.7477477477477478,111
SKG_MT_208,0.6511627906976745,129
SKG_SA_345,0.6634146341463415,205
SKG_SA_344,0.6942148760330579,121
SKG_MT_811,0.6746987951807228,83
SKG_QA_422,0.7794117647058824,204
NOVEL_QA_38,0.75,84
SKG_MT_814,0.8027210884353742,147
SKG_SA_312,0.6402439024390244,328
SKG_MT_207,0.6363636363636364,44
SKG_MT_974,0.6901408450704225,71
SKG_QA_441,0.7444444444444445,90
SKG_MT_190,0.8068181818181818,88
SKG_QA_444,0.7901234567901234,81
SKG_MT_186,0.6942148760330579,121
SKG_MT_42,0.6739130434782609,92
SKG_MT_51,0.6818181818181818,132
SKG_MT_177,0.6851851851851852,54
SKG_SA_299,0.6375,160
SKG_MT_173,0.17708333333333334,288
SKG_MT_967,0.6666666666666666,117
SKG_MT_54,0.7,10
SKG_MT_965,0.6571428571428571,175
SKG_QA_458,0.7470355731225297,253
SKG_QA_460,0.5,106
SKG_MT_963,0.7468354430379747,79
SKG_MT_65,0.7014925373134329,134
SKG_SA_284,0.6680161943319838,247
SKG_MT_949,0.7253521126760564,142
SKG_MT_948,0.7083333333333334,144
SKG_QA_477,0.75,24
SKG_QA_479,0.688,125
SKG_MT_943,0.7070707070707071,99
SKG_MT_937,0.5862068965517241,174
SKG_QA_486,0.925,40
SKG_SA_280,0.7261904761904762,252
SKG_MT_76,0.7073170731707317,205
SKG_QA_492,0.75177304964539,141
SKG_MT_81,0.66,100
SKG_MT_99,0.8125,32
SKG_MT_166,0.7237762237762237,286
SKG_SA_276,0.7674418604651163,86
SKG_MT_105,0.6229508196721312,122
SKG_MT_826,0.7378640776699029,103
SKG_SA_263,0.7045454545454546,176
SKG_MT_163,0.7424242424242424,66
SKG_SA_235,0.6875,48
SKG_SA_233,0.8070175438596491,57
SKG_SA_231,0.722972972972973,148
SKG_MT_908,0.7549019607843137,102
SKG_MT_898,0.6942675159235668,157
SKG_MT_161,0.768361581920904,177
SKG_MT_833,0.7964071856287425,167
SKG_SA_214,0.8461538461538461,13
SKG_MT_152,0.7218543046357616,151
SKG_SA_205,0.7384615384615385,130
SKG_MT_112,0.5733333333333334,150
SKG_MT_114,0.7619047619047619,42
SKG_MT_145,0.7096774193548387,186
SKG_SA_156,0.6868686868686869,99
SKG_MT_848,0.7965116279069767,172
SKG_MT_115,0.725,120
SKG_SA_150,0.7509881422924901,253
SKG_MT_889,0.691358024691358,81
SKG_MT_118,0.7887931034482759,232
SKG_MT_129,0.5818181818181818,55
SKG_MT_132,0.7307692307692307,104
SKG_SA_137,0.6885245901639344,122
SKG_MT_859,0.7352941176470589,204
SKG_SA_54,0.7560975609756098,82
SKG_SA_55,0.6111111111111112,54
SKG_SA_57,0.6735537190082644,242
SKG_SA_58,0.7062146892655368,177
SKG_SA_133,0.808641975308642,162
SKG_SA_71,0.7931034482758621,29
SKG_SA_124,0.7092198581560284,141
SKG_SA_81,0.5,14
SKG_SA_102,0.76,100
SKG_SA_84,0.6666666666666666,111
SKG_SA_87,0.7380952380952381,42
SKG_SA_95,0.7023809523809523,84
SKG_SA_94,0.7899159663865546,119
SKG_SA_91,0.8181818181818182,33
NOVEL_MT_284,0.6889952153110048,209
NOVEL_DIA_0,0.7575757575757576,99
NOVEL_SUM_77,0.7582417582417582,91
NOVEL_MT_286,0.6810344827586207,116
NOVEL_MT_283,0.6666666666666666,90
NOVEL_MT_282,0.7164179104477612,67
NOVEL_MT_287,0.6703296703296703,91
NOVEL_MT_289,0.6666666666666666,114
NOVEL_MT_281,0.71875,32
NOVEL_DIA_2,0.6170212765957447,94
NOVEL_DIA_1,0.6212121212121212,132
NOVEL_MT_277,0.6792452830188679,159
NOVEL_MT_275,0.788135593220339,236
NOVEL_MT_274,0.7048458149779736,227
NOVEL_MT_271,0.6378205128205128,312
NOVEL_MT_290,0.6666666666666666,57
NOVEL_MT_291,0.5909090909090909,132
NOVEL_MT_270,0.5555555555555556,63
NOVEL_MT_269,0.7466666666666667,225
NOVEL_MT_268,0.8372093023255814,43
NOVEL_MT_295,0.6575342465753424,146
NOVEL_MT_298,0.8,25
NOVEL_MT_300,0.7458563535911602,181
NOVEL_MT_301,0.7540983606557377,61
NOVEL_MT_303,0.7006802721088435,147
NOVEL_MT_267,0.75,60
NOVEL_MT_266,0.6756756756756757,74
NOVEL_MT_265,0.673469387755102,49
NOVEL_MT_264,0.7112676056338029,284
NOVEL_MT_304,0.6081871345029239,171
NOVEL_MT_262,0.6428571428571429,70
NOVEL_MT_261,0.5698924731182796,93
NOVEL_MT_305,0.7857142857142857,98
NOVEL_QA_0,0.7215189873417721,79
NOVEL_MT_259,0.7320261437908496,153
NOVEL_QA_1,0.7325581395348837,86
NOVEL_QA_2,0.6884057971014492,138
NOVEL_MT_258,0.7704918032786885,122
NOVEL_MT_257,0.77,100
NOVEL_MT_256,0.6442307692307693,208
NOVEL_MT_255,0.5806451612903226,62
NOVEL_MT_254,0.7458333333333333,240
NOVEL_MT_253,0.6,60
NOVEL_MT_252,0.7028571428571428,175
NOVEL_MT_250,0.6556291390728477,151
NOVEL_MT_247,0.6666666666666666,165
NOVEL_MT_246,0.64,75
NOVEL_MT_245,0.7052631578947368,95
NOVEL_QA_3,0.6060606060606061,66
NOVEL_QA_4,0.7615384615384615,130
NOVEL_MT_243,0.6143790849673203,153
NOVEL_QA_5,0.75,12
NOVEL_QA_7,0.7142857142857143,21
NOVEL_QA_8,0.6682692307692307,208
NOVEL_QA_10,0.7833333333333333,120
NOVEL_QA_12,0.6986301369863014,146
NOVEL_MT_238,0.6111111111111112,126
NOVEL_MT_236,0.7012987012987013,154
NOVEL_MT_235,0.6808510638297872,47
NOVEL_MT_234,0.8666666666666667,75
NOVEL_QA_13,0.7666666666666667,30
NOVEL_QA_14,0.7898550724637681,138
NOVEL_MT_230,0.6842105263157895,190
NOVEL_QA_15,0.66,200
NOVEL_MT_228,0.7289156626506024,166
NOVEL_MT_227,0.6982248520710059,169
NOVEL_MT_224,0.7014925373134329,134
NOVEL_MT_221,0.6766467065868264,167
NOVEL_MT_219,0.6451612903225806,155
NOVEL_MT_218,0.6717557251908397,131
NOVEL_MT_215,0.6545454545454545,165
NOVEL_MT_214,0.7916666666666666,24
NOVEL_QA_16,0.7085714285714285,175
NOVEL_MT_213,0.6875,128
NOVEL_MT_210,0.6,230
NOVEL_QA_17,0.7897435897435897,195
NOVEL_MT_209,0.6291390728476821,151
NOVEL_MT_208,0.7043795620437956,274
NOVEL_QA_18,0.7105263157894737,38
NOVEL_QA_21,0.6692913385826772,127
NOVEL_QA_22,0.7916666666666666,120
NOVEL_QA_23,0.6333333333333333,120
NOVEL_QA_24,0.6881720430107527,93
NOVEL_QA_25,0.7583892617449665,149
NOVEL_MT_207,0.6470588235294118,102
NOVEL_MT_205,0.6496350364963503,137
NOVEL_MT_202,0.7094017094017094,117
NOVEL_QA_26,0.7714285714285715,35
NOVEL_QA_27,0.7573529411764706,136
NOVEL_MT_198,0.6973684210526315,228
NOVEL_QA_30,0.7777777777777778,225
NOVEL_QA_32,0.7916666666666666,168
NOVEL_QA_33,0.7115384615384616,52
NOVEL_QA_34,0.6946564885496184,131
NOVEL_QA_35,0.6834170854271356,199
NOVEL_MT_193,0.6829268292682927,41
NOVEL_MT_192,0.8,50
NOVEL_MT_190,0.7469879518072289,83
NOVEL_MT_189,0.6071428571428571,56
NOVEL_QA_36,0.8723404255319149,47
NOVEL_QA_37,0.74235807860262,229
NOVEL_MT_187,0.6923076923076923,78
NOVEL_MT_186,0.6518518518518519,135
NOVEL_MT_185,0.6743119266055045,218
NOVEL_MT_182,0.8,105
NOVEL_MT_183,1.0,4
NOVEL_MT_181,0.7714285714285715,35
NOVEL_MT_180,0.774390243902439,164
NOVEL_MT_179,0.6770833333333334,96
NOVEL_MT_177,0.782608695652174,92
NOVEL_MT_174,0.6323529411764706,68
NOVEL_MT_172,0.6859903381642513,207
NOVEL_MT_168,0.7419354838709677,155
NOVEL_QA_39,0.782608695652174,69
NOVEL_QA_40,0.75,208
NOVEL_MT_167,0.7205882352941176,204
NOVEL_QA_43,0.7301587301587301,63
NOVEL_QA_44,0.7983193277310925,119
NOVEL_QA_45,0.7875,160
NOVEL_MT_165,0.7339449541284404,109
NOVEL_QA_46,0.7346938775510204,147
NOVEL_QA_47,0.6886792452830188,106
NOVEL_QA_48,0.6838709677419355,155
NOVEL_QA_50,0.6698113207547169,106
NOVEL_MT_161,0.7037037037037037,27
NOVEL_MT_156,0.7322834645669292,127
NOVEL_MT_155,0.6,40
NOVEL_MT_154,0.7534246575342466,146
NOVEL_MT_153,0.5846994535519126,183
NOVEL_QA_52,0.7738095238095238,84
NOVEL_QA_53,0.7666666666666667,150
NOVEL_QA_54,0.6952380952380952,105
NOVEL_QA_55,0.6493506493506493,77
NOVEL_QA_57,0.7280701754385965,114
NOVEL_QA_58,0.6349206349206349,126
NOVEL_QA_59,0.6645962732919255,161
NOVEL_MT_150,0.6206896551724138,174
NOVEL_MT_148,0.71,200
NOVEL_QA_60,0.7631578947368421,114
NOVEL_QA_61,0.784,125
NOVEL_QA_62,0.7469879518072289,83
NOVEL_QA_63,0.5844155844155844,154
NOVEL_MT_144,0.7198275862068966,232
NOVEL_QA_64,0.609375,128
NOVEL_QA_65,0.6058394160583942,137
NOVEL_MT_141,0.6756756756756757,185
NOVEL_MT_140,0.7558139534883721,172
NOVEL_QA_66,0.6403508771929824,228
NOVEL_MT_139,0.6789473684210526,190
NOVEL_QA_67,0.6944444444444444,72
NOVEL_QA_69,0.7604166666666666,96
NOVEL_MT_137,0.7040816326530612,98
NOVEL_MT_133,0.6510067114093959,149
NOVEL_MT_132,0.6973684210526315,228
NOVEL_MT_130,0.7282608695652174,92
NOVEL_MT_128,0.8363636363636363,110
NOVEL_MT_127,0.6170212765957447,94
NOVEL_MT_125,0.64,150
NOVEL_QA_70,0.6744186046511628,129
NOVEL_QA_72,0.684931506849315,146
NOVEL_MT_124,0.7692307692307693,65
NOVEL_MT_122,0.6936170212765957,235
NOVEL_QA_74,0.7626262626262627,198
NOVEL_MT_121,0.7407407407407407,81
NOVEL_QA_75,0.7037037037037037,108
NOVEL_QA_76,0.6447368421052632,152
NOVEL_MT_120,0.6649484536082474,194
NOVEL_MT_118,0.6936936936936937,111
NOVEL_QA_77,0.7475728155339806,103
NOVEL_QA_79,0.7272727272727273,275
NOVEL_MT_117,0.7478991596638656,238
NOVEL_QA_80,0.5869565217391305,46
NOVEL_QA_81,0.6830357142857143,224
NOVEL_MT_116,0.6881720430107527,186
NOVEL_MT_115,0.7094017094017094,117
NOVEL_QA_83,0.6041666666666666,96
NOVEL_QA_84,0.6538461538461539,130
NOVEL_QA_86,0.6257309941520468,171
NOVEL_MT_113,0.7197452229299363,157
NOVEL_MT_112,0.8095238095238095,126
NOVEL_MT_110,0.7398373983739838,123
NOVEL_MT_109,0.6956521739130435,23
NOVEL_MT_108,0.6153846153846154,156
NOVEL_MT_107,0.7567567567567568,111
NOVEL_MT_105,0.8,40
NOVEL_MT_104,0.6329113924050633,158
NOVEL_MT_101,0.7619047619047619,21
NOVEL_MT_99,0.72,50
NOVEL_MT_96,0.628099173553719,121
NOVEL_SA_0,0.7431192660550459,109
NOVEL_MT_93,0.7077922077922078,308
NOVEL_SA_1,0.5845070422535211,142
NOVEL_SA_2,0.6733333333333333,150
NOVEL_MT_92,0.7236842105263158,76
NOVEL_MT_91,0.6844444444444444,225
NOVEL_MT_89,0.675,120
NOVEL_MT_88,0.7019230769230769,208
NOVEL_SA_3,0.8064516129032258,124
NOVEL_SA_4,0.5705521472392638,163
NOVEL_SA_7,0.8333333333333334,24
NOVEL_SA_8,0.7117903930131004,229
NOVEL_MT_86,0.6995515695067265,223
NOVEL_SA_9,0.6707317073170732,82
NOVEL_MT_83,0.5476190476190477,84
NOVEL_MT_82,0.7422222222222222,225
NOVEL_MT_81,0.7424242424242424,66
NOVEL_MT_78,0.7272727272727273,88
NOVEL_SA_10,0.6987951807228916,83
NOVEL_SA_11,0.7610062893081762,159
NOVEL_MT_77,0.6833333333333333,60
NOVEL_MT_74,0.7290076335877863,262
NOVEL_SA_12,0.60625,160
NOVEL_SA_13,0.7651245551601423,281
NOVEL_MT_71,0.5905511811023622,127
NOVEL_MT_67,0.7258064516129032,62
NOVEL_MT_66,0.7457627118644068,177
NOVEL_MT_64,0.6796875,128
NOVEL_SA_14,0.7394957983193278,119
NOVEL_SA_15,0.7666666666666667,30
NOVEL_MT_63,0.5411764705882353,170
NOVEL_SA_16,0.66,200
NOVEL_MT_62,0.8235294117647058,119
NOVEL_MT_61,0.6721311475409836,61
NOVEL_MT_54,0.6739130434782609,184
NOVEL_MT_53,0.7114093959731543,149
NOVEL_MT_52,0.6825396825396826,126
NOVEL_SA_17,0.7338709677419355,124
NOVEL_SA_18,0.7085714285714285,175
NOVEL_MT_49,0.664179104477612,134
NOVEL_MT_47,0.6494845360824743,97
NOVEL_SA_19,0.7272727272727273,99
NOVEL_MT_45,0.675,40
NOVEL_MT_42,0.7265625,128
NOVEL_MT_40,0.6625,80
NOVEL_MT_39,0.6549295774647887,142
NOVEL_MT_37,0.5822784810126582,158
NOVEL_SA_20,0.575,40
NOVEL_MT_35,0.8333333333333334,48
NOVEL_MT_31,0.7286245353159851,269
NOVEL_SA_21,0.823076923076923,130
NOVEL_SA_22,0.7972972972972973,74
NOVEL_SA_24,0.6333333333333333,120
NOVEL_SA_25,0.6821705426356589,129
NOVEL_SA_26,0.7054263565891473,129
NOVEL_MT_29,0.7263157894736842,95
NOVEL_MT_26,0.6148148148148148,135
NOVEL_SA_27,0.7916666666666666,168
NOVEL_MT_25,0.7021276595744681,141
NOVEL_MT_24,0.788235294117647,85
NOVEL_MT_23,0.7207207207207207,222
NOVEL_SA_28,0.8723404255319149,47
NOVEL_MT_21,0.84,25
NOVEL_MT_19,0.6159420289855072,138
NOVEL_MT_17,0.7520325203252033,246
NOVEL_MT_16,0.797979797979798,99
NOVEL_MT_15,0.7878787878787878,66
NOVEL_MT_11,0.7195121951219512,164
NOVEL_MT_10,0.6833333333333333,120
NOVEL_SA_29,0.7666666666666667,150
NOVEL_SA_30,0.8974358974358975,39
NOVEL_SA_31,0.74235807860262,229
NOVEL_MT_5,0.5955882352941176,136
NOVEL_MT_4,0.8333333333333334,30
NOVEL_SA_33,0.7027027027027027,185
NOVEL_SA_34,0.7514792899408284,169
NOVEL_SA_37,0.6838709677419355,155
NOVEL_MT_2,0.6212121212121212,132
NOVEL_SA_38,0.6363636363636364,66
NOVEL_SA_39,0.6493506493506493,77
NOVEL_SA_40,0.7280701754385965,114
NOVEL_SA_41,0.7619047619047619,168
NOVEL_SA_42,0.7631578947368421,114
NOVEL_SA_43,0.85,40
NOVEL_SA_44,0.7469879518072289,83
NOVEL_SA_45,0.723404255319149,94
NOVEL_SA_46,0.8045454545454546,220
NOVEL_MT_0,0.6164383561643836,73
NOVEL_DIA_71,0.6923076923076923,130
NOVEL_DIA_70,0.7878787878787878,99
NOVEL_DIA_69,0.7303370786516854,89
NOVEL_DIA_68,0.7012987012987013,154
NOVEL_SA_48,0.6779026217228464,267
NOVEL_DIA_67,0.6641221374045801,131
NOVEL_SA_49,0.7447916666666666,192
NOVEL_SA_50,0.7258064516129032,62
NOVEL_SA_51,0.7635135135135135,148
NOVEL_DIA_66,0.6428571428571429,196
NOVEL_DIA_65,0.672514619883041,171
NOVEL_DIA_63,0.6186440677966102,118
NOVEL_SA_52,0.7468879668049793,241
NOVEL_DIA_59,0.59375,160
NOVEL_SA_53,0.6354166666666666,96
NOVEL_SA_55,0.6645962732919255,161
NOVEL_SA_56,0.684931506849315,146
NOVEL_DIA_56,0.6,25
NOVEL_DIA_55,0.8387096774193549,93
NOVEL_SA_57,0.7312252964426877,253
NOVEL_DIA_54,0.7704918032786885,183
NOVEL_DIA_53,0.7089552238805971,134
NOVEL_SA_58,0.6875,144
NOVEL_SA_59,0.5886075949367089,158
NOVEL_DIA_52,0.7708333333333334,48
NOVEL_DIA_51,0.7786885245901639,122
NOVEL_SA_60,0.6282051282051282,234
NOVEL_SA_61,0.7777777777777778,63
NOVEL_SA_62,0.7631578947368421,76
NOVEL_DIA_50,0.6601941747572816,206
NOVEL_SA_64,0.6830357142857143,224
NOVEL_SA_63,0.75,4
NOVEL_SA_65,0.7261146496815286,157
NOVEL_SA_66,0.7557251908396947,131
NOVEL_SA_67,0.6428571428571429,98
NOVEL_DIA_47,0.6935483870967742,124
NOVEL_DIA_49,0.9375,16
NOVEL_DIA_45,0.8164251207729468,207
NOVEL_DIA_44,0.7278481012658228,158
NOVEL_SA_69,0.7857142857142857,98
NOVEL_SUM_3,0.6287425149700598,167
NOVEL_DIA_43,0.84,25
NOVEL_DIA_42,0.6538461538461539,156
NOVEL_DIA_41,0.75,152
NOVEL_SUM_6,0.7189189189189189,185
NOVEL_DIA_40,0.4827586206896552,29
NOVEL_DIA_39,0.63,100
NOVEL_SUM_7,0.6986301369863014,146
NOVEL_DIA_37,0.7772511848341233,211
NOVEL_SUM_8,0.7591623036649214,191
NOVEL_SUM_10,0.7155172413793104,232
NOVEL_SUM_11,0.6231884057971014,69
NOVEL_DIA_35,0.8,25
NOVEL_SUM_12,0.7285714285714285,70
NOVEL_SUM_13,0.7073170731707317,82
NOVEL_DIA_34,0.7616279069767442,172
NOVEL_SUM_14,0.7407407407407407,81
NOVEL_DIA_33,0.8918918918918919,37
NOVEL_SUM_15,0.575,40
NOVEL_DIA_31,0.7474226804123711,194
NOVEL_SUM_16,0.6818181818181818,110
NOVEL_SUM_17,0.7235772357723578,123
NOVEL_SUM_19,0.851063829787234,47
NOVEL_SUM_20,0.8173913043478261,115
NOVEL_SUM_21,0.6988636363636364,176
NOVEL_SUM_22,0.825,40
NOVEL_SUM_23,0.7,90
NOVEL_DIA_30,0.7023809523809523,84
NOVEL_DIA_29,0.75,60
NOVEL_SUM_24,0.6170212765957447,141
NOVEL_DIA_28,0.7193877551020408,196
NOVEL_SUM_26,0.7087378640776699,103
NOVEL_SUM_28,0.7115384615384616,52
NOVEL_SUM_30,0.6307692307692307,130
NOVEL_DIA_26,0.825,40
NOVEL_DIA_25,0.744,125
NOVEL_SUM_31,0.6538461538461539,130
NOVEL_SUM_32,0.6730769230769231,156
NOVEL_SUM_33,0.6071428571428571,140
NOVEL_SUM_36,0.6511627906976745,86
NOVEL_SUM_37,0.8,25
NOVEL_SUM_38,0.618421052631579,228
NOVEL_DIA_24,0.8148148148148148,54
NOVEL_DIA_23,0.6759259259259259,108
NOVEL_DIA_22,0.8571428571428571,35
NOVEL_DIA_21,0.851063829787234,47
NOVEL_DIA_20,0.8227848101265823,79
NOVEL_DIA_18,0.6645569620253164,158
NOVEL_DIA_17,0.6845637583892618,149
NOVEL_SUM_39,0.6810810810810811,185
NOVEL_SUM_41,0.7272727272727273,143
NOVEL_SUM_42,0.819047619047619,105
NOVEL_SUM_44,0.84,25
NOVEL_SUM_45,0.7819148936170213,188
NOVEL_DIA_16,0.7432432432432432,74
NOVEL_DIA_14,0.6388888888888888,72
NOVEL_DIA_13,0.6724137931034483,58
NOVEL_DIA_12,0.7121212121212122,132
NOVEL_DIA_11,0.746268656716418,67
NOVEL_DIA_10,0.7313432835820896,134
NOVEL_SUM_46,0.7872340425531915,141
NOVEL_SUM_47,0.5490196078431373,51
NOVEL_SUM_49,0.7440944881889764,254
NOVEL_DIA_8,0.6993865030674846,163
NOVEL_SUM_52,0.7094594594594594,148
NOVEL_DIA_6,0.7409638554216867,166
NOVEL_SUM_53,0.7064220183486238,109
NOVEL_SUM_54,0.6,25
NOVEL_SUM_56,0.651685393258427,89
NOVEL_SUM_58,0.7689243027888446,251
NOVEL_SUM_59,0.6796875,128
NOVEL_SUM_60,0.6763485477178424,241
NOVEL_SUM_61,0.7573529411764706,136
NOVEL_SUM_64,0.7682119205298014,151
NOVEL_SUM_66,0.670995670995671,231
NOVEL_DIA_5,0.6796116504854369,103
NOVEL_DIA_4,0.7572815533980582,206
NOVEL_DIA_3,0.6262135922330098,206
NOVEL_SUM_67,0.7844827586206896,116
NOVEL_SUM_68,0.6979166666666666,192
NOVEL_SUM_69,0.8080808080808081,99
NOVEL_SUM_70,0.6464088397790055,181
NOVEL_SUM_71,0.8888888888888888,27
NOVEL_SUM_72,0.6826923076923077,104
NOVEL_SUM_73,0.7037037037037037,135
NOVEL_SUM_75,0.6590909090909091,44
NOVEL_SUM_76,0.8421052631578947,38
NOVEL_MT_280,0.5535714285714286,56
NOVEL_MT_244,0.6923076923076923,117
NOVEL_MT_60,0.6133333333333333,75
NOVEL_MT_306,0.6741573033707865,89
NOVEL_MT_188,0.7105263157894737,76
