paper_id,n_citations,mean_link_prob,min_link_prob,max_link_prob,tgn_raw_unexp,tgn_unexpectedness
NOVEL_DIA_1,16,0.5909136094152927,0.5541541874408722,0.6096164047718048,0.4090863905847073,0.5731500552955823
NOVEL_DIA_10,6,0.6379105041424433,0.5934373537699381,0.6509904424349466,0.3620894958575567,0.5041927385310506
NOVEL_DIA_12,1,0.9742629170417786,0.9742629170417786,0.9742629170417786,0.025737082958221413,0.010671623668655327
NOVEL_DIA_13,2,0.7781823217868804,0.7769636154174804,0.7794010281562804,0.2218176782131196,0.29837556234098195
NOVEL_DIA_14,4,0.6536077752709388,0.6279394686222076,0.6806509554386139,0.34639222472906117,0.481160542386375
NOVEL_DIA_16,2,0.7313356995582581,0.7280895471572877,0.7345818519592284,0.26866430044174194,0.36711238819133357
NOVEL_DIA_17,4,0.6596894338726996,0.6150733411312103,0.6834888398647307,0.3403105661273004,0.4722370834836088
NOVEL_DIA_18,6,0.6339591930309931,0.5782544414202372,0.64905433456103,0.36604080696900687,0.5099903941746707
NOVEL_DIA_2,1,0.9373719751834869,0.9373719751834869,0.9373719751834869,0.06262802481651308,0.0648007396077665
NOVEL_DIA_20,2,0.7752267867326736,0.773733377456665,0.7767201960086823,0.22477321326732635,0.3027121417708538
NOVEL_DIA_21,9,0.6127356436517503,0.5591367330816056,0.6244240250852372,0.38726435634824974,0.541131154131448
NOVEL_DIA_22,3,0.6953009744485219,0.6558565278848012,0.7155706723531087,0.3046990255514781,0.4199851996470949
NOVEL_DIA_23,4,0.6541073143482208,0.5802406191825866,0.6807533621788024,0.3458926856517792,0.4804275817389029
NOVEL_DIA_24,1,0.9719502985477447,0.9719502985477447,0.9719502985477447,0.02804970145225527,0.014064868413323066
NOVEL_DIA_25,7,0.6094149325575148,0.5586674664701734,0.6336229239191328,0.3905850674424852,0.5460035468318194
NOVEL_DIA_26,7,0.619928218637194,0.5460333500589643,0.6461123619760786,0.38007178136280595,0.5305776766197229
NOVEL_DIA_28,6,0.6127873520056407,0.5433003226915996,0.6530174235502878,0.3872126479943593,0.5410552838136472
NOVEL_DIA_29,2,0.7468957573175431,0.7182495772838593,0.7755419373512269,0.2531042426824569,0.34428152164130266
NOVEL_DIA_3,4,0.6694074884057044,0.6611717343330383,0.6816459476947784,0.3305925115942956,0.45797803576018
NOVEL_DIA_30,4,0.6512894347310065,0.6234483957290649,0.6771821975708008,0.34871056526899347,0.48456218293961373
NOVEL_DIA_31,5,0.6452926659584045,0.6006600069999695,0.6609219300746918,0.3547073340415955,0.4933610852121308
NOVEL_DIA_33,3,0.6768524845441183,0.6511919875939687,0.7079857428868611,0.3231475154558817,0.44705418728023494
NOVEL_DIA_34,4,0.6281407594680786,0.5863642990589142,0.6768252491950988,0.37185924053192143,0.5185276298495096
NOVEL_DIA_35,2,0.724922439455986,0.7200562059879303,0.7297886729240417,0.275077560544014,0.3765223973192392
NOVEL_DIA_37,1,0.9344688594341278,0.9344688594341278,0.9344688594341278,0.06553114056587217,0.06906040556005764
NOVEL_DIA_4,4,0.6537123546004295,0.615719699859619,0.6697080254554748,0.34628764539957047,0.48100709586628937
NOVEL_DIA_41,9,0.5721054938104417,0.5653007533815171,0.5812360253598954,0.42789450618955827,0.6007467123308474
NOVEL_DIA_42,2,0.7485401302576066,0.7194531738758088,0.7776270866394044,0.2514598697423934,0.34186877615321676
NOVEL_DIA_43,9,0.5998911427126989,0.5632103827264573,0.6231149640348221,0.40010885728730106,0.5599775550496089
NOVEL_DIA_44,4,0.6801088720560073,0.6782009899616241,0.6821728408336639,0.31989112794399266,0.44227617489305326
NOVEL_DIA_45,3,0.685390039285024,0.6558457454045613,0.7011658867200216,0.31460996071497604,0.4345272560844373
NOVEL_DIA_49,10,0.5944689816236496,0.5413275921344757,0.6245785319805145,0.4055310183763504,0.5679333504683622
NOVEL_DIA_5,3,0.6775900026162466,0.6601728280385335,0.7079529305299123,0.3224099973837534,0.44597204626614073
NOVEL_DIA_50,3,0.660616793235143,0.613497366507848,0.7148587783177693,0.339383206764857,0.4708763933001015
NOVEL_DIA_51,2,0.75173519551754,0.7291063010692596,0.7743640899658204,0.24826480448246002,0.3371807403054931
NOVEL_DIA_52,3,0.669546922047933,0.6410842617352803,0.7099204738934835,0.330453077952067,0.45777344841689677
NOVEL_DIA_53,5,0.6345671665668486,0.5967315542697906,0.6673250782489777,0.36543283343315136,0.5090983304768489
NOVEL_DIA_54,7,0.6345451772212982,0.6308273647512709,0.6370080862726484,0.3654548227787018,0.5091305948695364
NOVEL_DIA_56,2,0.7777957618236542,0.7761416792869569,0.7794498443603515,0.22220423817634583,0.2989427516837552
NOVEL_DIA_59,4,0.6168419495224953,0.6118304252624511,0.6239490568637848,0.38315805047750473,0.5351060787237012
NOVEL_DIA_6,1,0.9191620111465454,0.9191620111465454,0.9191620111465454,0.08083798885345461,0.09151974446237168
NOVEL_DIA_63,3,0.6954043408234915,0.655881114800771,0.716625960667928,0.30459565917650855,0.4198335328635136
NOVEL_DIA_65,9,0.6056906547811296,0.5222731318738725,0.6267576720979477,0.3943093452188704,0.5514680823896747
NOVEL_DIA_66,1,0.9815099596977234,0.9815099596977234,0.9815099596977234,0.018490040302276634,3.822716589971924e-05
NOVEL_DIA_67,2,0.7501857012510299,0.7188587427139281,0.7815126597881317,0.2498142987489701,0.3394542727927115
NOVEL_DIA_68,1,0.9534182906150818,0.9534182906150818,0.9534182906150818,0.046581709384918235,0.04125639986906383
NOVEL_DIA_69,5,0.6250344169139861,0.5619196999073028,0.6609177815914153,0.3749655830860139,0.5230854851870869
NOVEL_DIA_70,1,0.9336718678474426,0.9336718678474426,0.9336718678474426,0.0663281321525574,0.07022981050948657
NOVEL_DIA_71,3,0.664831264813741,0.6359499414761861,0.7123287757237752,0.335168735186259,0.4646926091729216
NOVEL_DIA_8,2,0.7502391666173935,0.7228972375392915,0.7775810956954956,0.24976083338260646,0.3393758244563762
NOVEL_DIA_W1511604355,3,0.3,0.3,0.3,0.7,0.9999999999999997
NOVEL_DIA_W1859731298,95,0.3,0.3,0.3,0.7,0.9999999999999997
NOVEL_DIA_W1994546180,9,0.3,0.3,0.3,0.7,0.9999999999999997
NOVEL_DIA_W202708134,3,0.3,0.3,0.3,0.7,0.9999999999999997
NOVEL_DIA_W3205786327,302,0.3,0.3,0.3,0.7,0.9999999999999997
NOVEL_DIA_W4205178534,26,0.29999999999999993,0.3,0.3,0.7000000000000001,0.9999999999999999
NOVEL_DIA_W4205201623,98,0.29999999999999993,0.3,0.3,0.7000000000000001,0.9999999999999999
NOVEL_DIA_W4206806123,43,0.30000000000000004,0.3,0.3,0.7,0.9999999999999997
NOVEL_DIA_W4221055872,12,0.29999999999999993,0.3,0.3,0.7000000000000001,0.9999999999999999
NOVEL_DIA_W4223469331,99,0.29999999999999993,0.3,0.3,0.7000000000000001,0.9999999999999999
NOVEL_DIA_W4224293837,61,0.30000000000000004,0.3,0.3,0.7,0.9999999999999997
NOVEL_DIA_W4282824651,67,0.30000000000000004,0.3,0.3,0.7,0.9999999999999997
NOVEL_DIA_W4284991798,110,0.2999999999999999,0.3,0.3,0.7000000000000002,1.0
NOVEL_DIA_W4285091711,135,0.3,0.3,0.3,0.7,0.9999999999999997
NOVEL_DIA_W4285585446,313,0.3,0.3,0.3,0.7,0.9999999999999997
NOVEL_DIA_W4303696390,136,0.3,0.3,0.3,0.7,0.9999999999999997
NOVEL_DIA_W4308947461,47,0.3000000000000001,0.3,0.3,0.7,0.9999999999999997
NOVEL_DIA_W4309674289,99,0.29999999999999993,0.3,0.3,0.7000000000000001,0.9999999999999999
NOVEL_DIA_W4310436400,69,0.30000000000000004,0.3,0.3,0.7,0.9999999999999997
NOVEL_DIA_W4312090823,53,0.3000000000000001,0.3,0.3,0.7,0.9999999999999997
NOVEL_DIA_W4312204748,100,0.3,0.3,0.3,0.7,0.9999999999999997
NOVEL_DIA_W4312943102,11,0.29999999999999993,0.3,0.3,0.7000000000000001,0.9999999999999999
NOVEL_DIA_W4313678819,3,0.3,0.3,0.3,0.7,0.9999999999999997
NOVEL_DIA_W4315498228,26,0.29999999999999993,0.3,0.3,0.7000000000000001,0.9999999999999999
NOVEL_DIA_W4315784554,3,0.3,0.3,0.3,0.7,0.9999999999999997
NOVEL_DIA_W4315797044,4,0.3,0.3,0.3,0.7,0.9999999999999997
NOVEL_DIA_W4317390716,3,0.3,0.3,0.3,0.7,0.9999999999999997
NOVEL_DIA_W4317435136,3,0.3,0.3,0.3,0.7,0.9999999999999997
NOVEL_DIA_W4317757464,75,0.3,0.3,0.3,0.7,0.9999999999999997
NOVEL_DIA_W4317910584,94,0.3,0.3,0.3,0.7,0.9999999999999997
NOVEL_DIA_W4318014888,13,0.29999999999999993,0.3,0.3,0.7000000000000001,0.9999999999999999
NOVEL_DIA_W4318069287,11,0.29999999999999993,0.3,0.3,0.7000000000000001,0.9999999999999999
NOVEL_DIA_W4318612697,43,0.30000000000000004,0.3,0.3,0.7,0.9999999999999997
NOVEL_DIA_W4318671267,10,0.29999999999999993,0.3,0.3,0.7000000000000001,0.9999999999999999
NOVEL_DIA_W4318925155,4,0.3,0.3,0.3,0.7,0.9999999999999997
NOVEL_DIA_W4318931874,3,0.3,0.3,0.3,0.7,0.9999999999999997
NOVEL_DIA_W4319062614,4,0.3,0.3,0.3,0.7,0.9999999999999997
NOVEL_DIA_W4319083882,11,0.29999999999999993,0.3,0.3,0.7000000000000001,0.9999999999999999
NOVEL_DIA_W4319301446,2,0.3,0.3,0.3,0.7,0.9999999999999997
NOVEL_DIA_W4319301505,4,0.3,0.3,0.3,0.7,0.9999999999999997
NOVEL_DIA_W4319304408,107,0.29999999999999993,0.3,0.3,0.7000000000000001,0.9999999999999999
NOVEL_DIA_W4319332853,3,0.3,0.3,0.3,0.7,0.9999999999999997
NOVEL_DIA_W4319350602,10,0.29999999999999993,0.3,0.3,0.7000000000000001,0.9999999999999999
NOVEL_DIA_W4319439342,27,0.3,0.3,0.3,0.7,0.9999999999999997
NOVEL_DIA_W4319460874,21,0.29999999999999993,0.3,0.3,0.7000000000000001,0.9999999999999999
NOVEL_DIA_W4319662928,25,0.3,0.3,0.3,0.7,0.9999999999999997
NOVEL_DIA_W4319663047,2,0.3,0.3,0.3,0.7,0.9999999999999997
NOVEL_DIA_W4319790168,48,0.3,0.3,0.3,0.7,0.9999999999999997
NOVEL_DIA_W4320495408,22,0.29999999999999993,0.3,0.3,0.7000000000000001,0.9999999999999999
NOVEL_DIA_W4320920036,41,0.30000000000000004,0.3,0.3,0.7,0.9999999999999997
NOVEL_DIA_W4321106177,31,0.3000000000000001,0.3,0.3,0.7,0.9999999999999997
NOVEL_DIA_W4321351832,4,0.3,0.3,0.3,0.7,0.9999999999999997
NOVEL_DIA_W4321368061,9,0.3,0.3,0.3,0.7,0.9999999999999997
NOVEL_DIA_W4321446367,5,0.3,0.3,0.3,0.7,0.9999999999999997
NOVEL_DIA_W4321499901,34,0.30000000000000004,0.3,0.3,0.7,0.9999999999999997
NOVEL_DIA_W4321504196,4,0.3,0.3,0.3,0.7,0.9999999999999997
NOVEL_DIA_W4321605350,80,0.29999999999999993,0.3,0.3,0.7000000000000001,0.9999999999999999
NOVEL_DIA_W4321748146,36,0.30000000000000004,0.3,0.3,0.7,0.9999999999999997
NOVEL_DIA_W4322631505,7,0.3,0.3,0.3,0.7,0.9999999999999997
NOVEL_DIA_W4322719791,4,0.3,0.3,0.3,0.7,0.9999999999999997
NOVEL_DIA_W4322757547,16,0.3,0.3,0.3,0.7,0.9999999999999997
NOVEL_DIA_W4322761615,1,0.3,0.3,0.3,0.7,0.9999999999999997
NOVEL_DIA_W4323050332,17,0.3,0.3,0.3,0.7,0.9999999999999997
NOVEL_DIA_W4323256981,62,0.3000000000000001,0.3,0.3,0.7,0.9999999999999997
NOVEL_DIA_W4323313947,24,0.3,0.3,0.3,0.7,0.9999999999999997
NOVEL_DIA_W4323350039,10,0.29999999999999993,0.3,0.3,0.7000000000000001,0.9999999999999999
NOVEL_DIA_W4323359867,13,0.29999999999999993,0.3,0.3,0.7000000000000001,0.9999999999999999
NOVEL_DIA_W4323536358,65,0.3,0.3,0.3,0.7,0.9999999999999997
NOVEL_DIA_W4323568782,22,0.29999999999999993,0.3,0.3,0.7000000000000001,0.9999999999999999
NOVEL_DIA_W4323655724,74,0.3,0.3,0.3,0.7,0.9999999999999997
NOVEL_DIA_W4323848232,99,0.29999999999999993,0.3,0.3,0.7000000000000001,0.9999999999999999
NOVEL_DIA_W4324046518,25,0.3,0.3,0.3,0.7,0.9999999999999997
NOVEL_DIA_W4324130227,21,0.29999999999999993,0.3,0.3,0.7000000000000001,0.9999999999999999
NOVEL_DIA_W4324304837,4,0.3,0.3,0.3,0.7,0.9999999999999997
NOVEL_DIA_W4324387439,9,0.3,0.3,0.3,0.7,0.9999999999999997
NOVEL_DIA_W4327518740,24,0.3,0.3,0.3,0.7,0.9999999999999997
NOVEL_DIA_W4327681325,6,0.3,0.3,0.3,0.7,0.9999999999999997
NOVEL_DIA_W4327918021,26,0.29999999999999993,0.3,0.3,0.7000000000000001,0.9999999999999999
NOVEL_DIA_W4327946446,114,0.2999999999999999,0.3,0.3,0.7000000000000002,1.0
NOVEL_DIA_W4353016766,28,0.3,0.3,0.3,0.7,0.9999999999999997
NOVEL_DIA_W4360615722,27,0.3,0.3,0.3,0.7,0.9999999999999997
NOVEL_DIA_W4360620450,265,0.29999999999999993,0.3,0.3,0.7000000000000001,0.9999999999999999
NOVEL_DIA_W4360945746,71,0.30000000000000004,0.3,0.3,0.7,0.9999999999999997
NOVEL_DIA_W4360980141,19,0.3,0.3,0.3,0.7,0.9999999999999997
NOVEL_DIA_W4360980513,11,0.29999999999999993,0.3,0.3,0.7000000000000001,0.9999999999999999
NOVEL_DIA_W4361002760,15,0.29999999999999993,0.3,0.3,0.7000000000000001,0.9999999999999999
NOVEL_DIA_W4361028617,49,0.30000000000000004,0.3,0.3,0.7,0.9999999999999997
NOVEL_DIA_W4361204578,69,0.30000000000000004,0.3,0.3,0.7,0.9999999999999997
NOVEL_DIA_W4361282369,69,0.30000000000000004,0.3,0.3,0.7,0.9999999999999997
NOVEL_DIA_W4361289889,6,0.3,0.3,0.3,0.7,0.9999999999999997
NOVEL_DIA_W4361298490,11,0.29999999999999993,0.3,0.3,0.7000000000000001,0.9999999999999999
NOVEL_DIA_W4362466759,27,0.3,0.3,0.3,0.7,0.9999999999999997
NOVEL_DIA_W4362581834,79,0.30000000000000004,0.3,0.3,0.7,0.9999999999999997
NOVEL_DIA_W4362584541,24,0.3,0.3,0.3,0.7,0.9999999999999997
NOVEL_DIA_W4362585490,78,0.30000000000000004,0.3,0.3,0.7,0.9999999999999997
NOVEL_DIA_W4362722657,26,0.29999999999999993,0.3,0.3,0.7000000000000001,0.9999999999999999
NOVEL_DIA_W4364363895,6,0.3,0.3,0.3,0.7,0.9999999999999997
NOVEL_DIA_W4365512576,227,0.29999999999999993,0.3,0.3,0.7000000000000001,0.9999999999999999
NOVEL_DIA_W4366377796,38,0.3000000000000001,0.3,0.3,0.7,0.9999999999999997
NOVEL_DIA_W4366403195,70,0.30000000000000004,0.3,0.3,0.7,0.9999999999999997
NOVEL_DIA_W4366420437,64,0.3,0.3,0.3,0.7,0.9999999999999997
NOVEL_DIA_W4366422585,30,0.30000000000000004,0.3,0.3,0.7,0.9999999999999997
NOVEL_DIA_W4366489368,12,0.29999999999999993,0.3,0.3,0.7000000000000001,0.9999999999999999
NOVEL_DIA_W4366498198,92,0.3,0.3,0.3,0.7,0.9999999999999997
NOVEL_DIA_W4366548330,37,0.3000000000000001,0.3,0.3,0.7,0.9999999999999997
NOVEL_DIA_W4366703942,74,0.3,0.3,0.3,0.7,0.9999999999999997
NOVEL_DIA_W4366769280,39,0.3000000000000001,0.3,0.3,0.7,0.9999999999999997
NOVEL_DIA_W4366989525,65,0.3,0.3,0.3,0.7,0.9999999999999997
NOVEL_DIA_W4366989878,90,0.29999999999999993,0.3,0.3,0.7000000000000001,0.9999999999999999
NOVEL_DIA_W4367051110,20,0.29999999999999993,0.3,0.3,0.7000000000000001,0.9999999999999999
NOVEL_DIA_W4367175039,15,0.29999999999999993,0.3,0.3,0.7000000000000001,0.9999999999999999
NOVEL_DIA_W4367310920,19,0.3,0.3,0.3,0.7,0.9999999999999997
NOVEL_DIA_W4367595583,166,0.3,0.3,0.3,0.7,0.9999999999999997
NOVEL_DIA_W4367678106,41,0.30000000000000004,0.3,0.3,0.7,0.9999999999999997
NOVEL_DIA_W4367849331,76,0.3,0.3,0.3,0.7,0.9999999999999997
NOVEL_DIA_W4368340908,29,0.30000000000000004,0.3,0.3,0.7,0.9999999999999997
NOVEL_DIA_W4368367885,24,0.3,0.3,0.3,0.7,0.9999999999999997
NOVEL_DIA_W4375862891,57,0.30000000000000004,0.3,0.3,0.7,0.9999999999999997
NOVEL_DIA_W4376139682,124,0.2999999999999999,0.3,0.3,0.7000000000000002,1.0
NOVEL_DIA_W4376224599,9,0.3,0.3,0.3,0.7,0.9999999999999997
NOVEL_DIA_W4376255328,31,0.3000000000000001,0.3,0.3,0.7,0.9999999999999997
NOVEL_DIA_W4376626501,47,0.3000000000000001,0.3,0.3,0.7,0.9999999999999997
NOVEL_DIA_W4376640725,12,0.29999999999999993,0.3,0.3,0.7000000000000001,0.9999999999999999
NOVEL_DIA_W4376872703,44,0.30000000000000004,0.3,0.3,0.7,0.9999999999999997
NOVEL_DIA_W4377010595,10,0.29999999999999993,0.3,0.3,0.7000000000000001,0.9999999999999999
NOVEL_DIA_W4377041488,13,0.29999999999999993,0.3,0.3,0.7000000000000001,0.9999999999999999
NOVEL_DIA_W4377227441,27,0.3,0.3,0.3,0.7,0.9999999999999997
NOVEL_DIA_W4378189609,77,0.30000000000000004,0.3,0.3,0.7,0.9999999999999997
NOVEL_DIA_W4378193514,12,0.29999999999999993,0.3,0.3,0.7000000000000001,0.9999999999999999
NOVEL_DIA_W4378214315,50,0.30000000000000004,0.3,0.3,0.7,0.9999999999999997
NOVEL_DIA_W4378470708,44,0.30000000000000004,0.3,0.3,0.7,0.9999999999999997
NOVEL_DIA_W4378473491,95,0.3,0.3,0.3,0.7,0.9999999999999997
NOVEL_DIA_W4378574344,69,0.30000000000000004,0.3,0.3,0.7,0.9999999999999997
NOVEL_DIA_W4379010216,56,0.3,0.3,0.3,0.7,0.9999999999999997
NOVEL_DIA_W4379054888,40,0.3,0.3,0.3,0.7,0.9999999999999997
NOVEL_DIA_W4379057711,82,0.3,0.3,0.3,0.7,0.9999999999999997
NOVEL_DIA_W4379193309,44,0.30000000000000004,0.3,0.3,0.7,0.9999999999999997
NOVEL_DIA_W4379259169,103,0.3,0.3,0.3,0.7,0.9999999999999997
NOVEL_DIA_W4379416244,30,0.30000000000000004,0.3,0.3,0.7,0.9999999999999997
NOVEL_DIA_W4379598302,3,0.3,0.3,0.3,0.7,0.9999999999999997
NOVEL_DIA_W4379878854,48,0.3,0.3,0.3,0.7,0.9999999999999997
NOVEL_DIA_W4380291159,8,0.3,0.3,0.3,0.7,0.9999999999999997
NOVEL_DIA_W4380319827,52,0.30000000000000004,0.3,0.3,0.7,0.9999999999999997
NOVEL_DIA_W4380685958,21,0.29999999999999993,0.3,0.3,0.7000000000000001,0.9999999999999999
NOVEL_DIA_W4380995257,25,0.3,0.3,0.3,0.7,0.9999999999999997
NOVEL_DIA_W4380997513,24,0.3,0.3,0.3,0.7,0.9999999999999997
NOVEL_DIA_W4381252028,54,0.30000000000000004,0.3,0.3,0.7,0.9999999999999997
NOVEL_DIA_W4381252082,30,0.30000000000000004,0.3,0.3,0.7,0.9999999999999997
NOVEL_DIA_W4381332452,107,0.29999999999999993,0.3,0.3,0.7000000000000001,0.9999999999999999
NOVEL_DIA_W4381378655,57,0.30000000000000004,0.3,0.3,0.7,0.9999999999999997
NOVEL_DIA_W4381587418,138,0.3,0.3,0.3,0.7,0.9999999999999997
NOVEL_DIA_W4381930847,11,0.29999999999999993,0.3,0.3,0.7000000000000001,0.9999999999999999
NOVEL_DIA_W4381982883,54,0.30000000000000004,0.3,0.3,0.7,0.9999999999999997
NOVEL_DIA_W4382560004,146,0.3,0.3,0.3,0.7,0.9999999999999997
NOVEL_DIA_W4383818129,97,0.29999999999999993,0.3,0.3,0.7000000000000001,0.9999999999999999
NOVEL_DIA_W4383913712,107,0.29999999999999993,0.3,0.3,0.7000000000000001,0.9999999999999999
NOVEL_DIA_W4383959108,117,0.2999999999999998,0.3,0.3,0.7000000000000002,1.0
NOVEL_DIA_W4384154918,28,0.3,0.3,0.3,0.7,0.9999999999999997
NOVEL_DIA_W4384200891,23,0.29999999999999993,0.3,0.3,0.7000000000000001,0.9999999999999999
NOVEL_DIA_W4384662964,12,0.29999999999999993,0.3,0.3,0.7000000000000001,0.9999999999999999
NOVEL_DIA_W4384934594,44,0.30000000000000004,0.3,0.3,0.7,0.9999999999999997
NOVEL_DIA_W4385027818,59,0.30000000000000004,0.3,0.3,0.7,0.9999999999999997
NOVEL_DIA_W4385071300,86,0.3,0.3,0.3,0.7,0.9999999999999997
NOVEL_DIA_W4385227045,51,0.30000000000000004,0.3,0.3,0.7,0.9999999999999997
NOVEL_DIA_W4385242971,72,0.3,0.3,0.3,0.7,0.9999999999999997
NOVEL_DIA_W4385293522,38,0.3000000000000001,0.3,0.3,0.7,0.9999999999999997
NOVEL_DIA_W4385302156,26,0.29999999999999993,0.3,0.3,0.7000000000000001,0.9999999999999999
NOVEL_DIA_W4385346108,101,0.3,0.3,0.3,0.7,0.9999999999999997
NOVEL_DIA_W4385422591,29,0.30000000000000004,0.3,0.3,0.7,0.9999999999999997
NOVEL_DIA_W4385452929,9,0.3,0.3,0.3,0.7,0.9999999999999997
NOVEL_DIA_W4385469325,116,0.2999999999999999,0.3,0.3,0.7000000000000002,1.0
NOVEL_DIA_W4385632485,77,0.30000000000000004,0.3,0.3,0.7,0.9999999999999997
NOVEL_DIA_W4385878593,78,0.30000000000000004,0.3,0.3,0.7,0.9999999999999997
NOVEL_DIA_W4385988359,165,0.3,0.3,0.3,0.7,0.9999999999999997
NOVEL_DIA_W4386045865,27,0.3,0.3,0.3,0.7,0.9999999999999997
NOVEL_DIA_W4386067316,22,0.29999999999999993,0.3,0.3,0.7000000000000001,0.9999999999999999
NOVEL_DIA_W4386069852,32,0.3,0.3,0.3,0.7,0.9999999999999997
NOVEL_DIA_W4386072877,50,0.30000000000000004,0.3,0.3,0.7,0.9999999999999997
NOVEL_DIA_W4386091044,38,0.3000000000000001,0.3,0.3,0.7,0.9999999999999997
NOVEL_DIA_W4386098991,41,0.30000000000000004,0.3,0.3,0.7,0.9999999999999997
NOVEL_DIA_W4386110374,55,0.30000000000000004,0.3,0.3,0.7,0.9999999999999997
NOVEL_DIA_W4386141641,37,0.3000000000000001,0.3,0.3,0.7,0.9999999999999997
NOVEL_DIA_W4386251129,154,0.3,0.3,0.3,0.7,0.9999999999999997
NOVEL_DIA_W4386253646,51,0.30000000000000004,0.3,0.3,0.7,0.9999999999999997
NOVEL_DIA_W4386317922,17,0.3,0.3,0.3,0.7,0.9999999999999997
NOVEL_DIA_W4386347795,25,0.3,0.3,0.3,0.7,0.9999999999999997
NOVEL_DIA_W4386417345,56,0.3,0.3,0.3,0.7,0.9999999999999997
NOVEL_DIA_W4386421370,23,0.29999999999999993,0.3,0.3,0.7000000000000001,0.9999999999999999
NOVEL_DIA_W4386544117,103,0.3,0.3,0.3,0.7,0.9999999999999997
NOVEL_DIA_W4386580390,80,0.29999999999999993,0.3,0.3,0.7000000000000001,0.9999999999999999
NOVEL_DIA_W4386615720,91,0.3,0.3,0.3,0.7,0.9999999999999997
NOVEL_DIA_W4386867830,7,0.3,0.3,0.3,0.7,0.9999999999999997
NOVEL_DIA_W4386961654,152,0.3,0.3,0.3,0.7,0.9999999999999997
NOVEL_DIA_W4387163553,39,0.3000000000000001,0.3,0.3,0.7,0.9999999999999997
NOVEL_DIA_W4387169527,12,0.29999999999999993,0.3,0.3,0.7000000000000001,0.9999999999999999
NOVEL_DIA_W4387232979,14,0.29999999999999993,0.3,0.3,0.7000000000000001,0.9999999999999999
NOVEL_DIA_W4387242094,12,0.29999999999999993,0.3,0.3,0.7000000000000001,0.9999999999999999
NOVEL_DIA_W4387356888,22,0.29999999999999993,0.3,0.3,0.7000000000000001,0.9999999999999999
NOVEL_DIA_W4387379065,93,0.3,0.3,0.3,0.7,0.9999999999999997
NOVEL_DIA_W4387500346,63,0.3000000000000001,0.3,0.3,0.7,0.9999999999999997
NOVEL_DIA_W4387745889,146,0.3,0.3,0.3,0.7,0.9999999999999997
NOVEL_DIA_W4387835442,68,0.30000000000000004,0.3,0.3,0.7,0.9999999999999997
NOVEL_DIA_W4387873511,45,0.3000000000000001,0.3,0.3,0.7,0.9999999999999997
NOVEL_DIA_W4387954002,38,0.3000000000000001,0.3,0.3,0.7,0.9999999999999997
NOVEL_DIA_W4388095513,69,0.30000000000000004,0.3,0.3,0.7,0.9999999999999997
NOVEL_DIA_W4388103056,9,0.3,0.3,0.3,0.7,0.9999999999999997
NOVEL_DIA_W4388333366,37,0.3000000000000001,0.3,0.3,0.7,0.9999999999999997
NOVEL_DIA_W4388701278,37,0.3000000000000001,0.3,0.3,0.7,0.9999999999999997
NOVEL_DIA_W4388817859,104,0.29999999999999993,0.3,0.3,0.7000000000000001,0.9999999999999999
NOVEL_DIA_W4389203481,78,0.30000000000000004,0.3,0.3,0.7,0.9999999999999997
NOVEL_DIA_W4389437528,19,0.3,0.3,0.3,0.7,0.9999999999999997
NOVEL_DIA_W4389519254,35,0.30000000000000004,0.3,0.3,0.7,0.9999999999999997
NOVEL_DIA_W4389523957,14,0.29999999999999993,0.3,0.3,0.7000000000000001,0.9999999999999999
NOVEL_DIA_W4389793309,70,0.30000000000000004,0.3,0.3,0.7,0.9999999999999997
NOVEL_DIA_W4389934892,77,0.30000000000000004,0.3,0.3,0.7,0.9999999999999997
NOVEL_DIA_W4389977189,539,0.3,0.3,0.3,0.7,0.9999999999999997
NOVEL_DIA_W4390692489,238,0.2999999999999999,0.3,0.3,0.7000000000000002,1.0
NOVEL_DIA_W4390828922,354,0.3,0.3,0.3,0.7,0.9999999999999997
NOVEL_DIA_W4390912254,66,0.3,0.3,0.3,0.7,0.9999999999999997
NOVEL_DIA_W4391069573,157,0.3,0.3,0.3,0.7,0.9999999999999997
NOVEL_DIA_W4392240262,69,0.30000000000000004,0.3,0.3,0.7,0.9999999999999997
NOVEL_DIA_W4392669753,72,0.3,0.3,0.3,0.7,0.9999999999999997
NOVEL_DIA_W4393353064,202,0.29999999999999993,0.3,0.3,0.7000000000000001,0.9999999999999999
NOVEL_DIA_W4394828156,61,0.30000000000000004,0.3,0.3,0.7,0.9999999999999997
NOVEL_DIA_W4398233424,31,0.3000000000000001,0.3,0.3,0.7,0.9999999999999997
NOVEL_DIA_W4399790131,111,0.2999999999999998,0.3,0.3,0.7000000000000002,1.0
NOVEL_DIA_W4402604581,60,0.30000000000000004,0.3,0.3,0.7,0.9999999999999997
NOVEL_DIA_W4404046121,70,0.30000000000000004,0.3,0.3,0.7,0.9999999999999997
NOVEL_DIA_W4404658388,328,0.29999999999999993,0.3,0.3,0.7000000000000001,0.9999999999999999
NOVEL_MT_0,4,0.6629320099949837,0.6225350856781006,0.6788538932800292,0.3370679900050163,0.46747933618784393
NOVEL_MT_10,5,0.6294595718383789,0.5821419823169709,0.6671100902557372,0.37054042816162114,0.516592570886577
NOVEL_MT_101,3,0.6857845326264699,0.6564131935437519,0.7071104844411213,0.3142154673735301,0.4339484263029056
NOVEL_MT_104,1,0.9756672322750092,0.9756672322750092,0.9756672322750092,0.024332767724990823,0.008611108587023887
NOVEL_MT_105,3,0.6872265895207722,0.649560381968816,0.7080920120080312,0.3127734104792278,0.43183253386724146
NOVEL_MT_107,7,0.6239790337426321,0.6218195591654097,0.6269046519483839,0.3760209662573679,0.5246340213633073
NOVEL_MT_108,3,0.6734926064809162,0.6550937612851461,0.7096384843190511,0.32650739351908376,0.451984048651705
NOVEL_MT_109,2,0.7685043394565583,0.7681788802146912,0.7688297986984254,0.23149566054344173,0.312575813167512
NOVEL_MT_11,6,0.5896479437748591,0.5783260921637217,0.5993032733599345,0.4103520562251409,0.5750071334491936
NOVEL_MT_112,6,0.6228498677412669,0.5967974642912547,0.6415345470110575,0.37715013225873306,0.5262908171598792
NOVEL_MT_113,8,0.6062287740409374,0.5684172332286835,0.6328824818134308,0.39377122595906255,0.55067851404753
NOVEL_MT_115,3,0.6949133117993672,0.6631450374921163,0.7127889355023701,0.3050866882006328,0.42055400693214506
NOVEL_MT_116,11,0.6017192347483201,0.5592823494564403,0.6224032033573498,0.3982807652516799,0.5572952433286555
NOVEL_MT_117,6,0.6340579966704051,0.5889870683352152,0.6476629654566447,0.3659420033295949,0.5098454221738614
NOVEL_MT_118,5,0.6309221589565277,0.6046994674205779,0.6575366604328154,0.3690778410434723,0.5144465549894107
NOVEL_MT_120,2,0.7791070759296417,0.7785947561264037,0.7796193957328796,0.22089292407035832,0.2970186947283041
NOVEL_MT_121,4,0.6413646265864372,0.6256838023662566,0.6769155859947205,0.3586353734135628,0.49912459483992366
NOVEL_MT_122,13,0.6002896185104662,0.5381600100260514,0.6154012996416826,0.39971038148953375,0.5593928819138801
NOVEL_MT_124,3,0.661094089349111,0.6493745406468708,0.671126933892568,0.33890591065088904,0.47017606917204047
NOVEL_MT_125,8,0.5859705612063408,0.35,0.6328953385353089,0.41402943879365917,0.5804028608927598
NOVEL_MT_127,4,0.6703408882021903,0.6406971096992492,0.6848350763320923,0.3296591117978097,0.4566084826054895
NOVEL_MT_128,2,0.7294217646121979,0.721690547466278,0.7371529817581177,0.2705782353878021,0.3699206549738181
NOVEL_MT_130,2,0.7513970673084259,0.723911738395691,0.7788823962211608,0.24860293269157407,0.3376768669997836
NOVEL_MT_132,5,0.6491967427730561,0.6449359464645386,0.6540460872650147,0.35080325722694394,0.48763273521913725
NOVEL_MT_133,1,0.971911084651947,0.971911084651947,0.971911084651947,0.028088915348053023,0.014122405938936109
NOVEL_MT_137,4,0.6469662502408027,0.6019074141979217,0.6834840297698974,0.3530337497591973,0.4909054786840084
NOVEL_MT_139,11,0.5933204287832434,0.5680930842052806,0.6357331384312023,0.4066795712167566,0.5696185920677596
NOVEL_MT_140,2,0.7693289935588837,0.7670377254486085,0.771620261669159,0.23067100644111627,0.31136581973102273
NOVEL_MT_141,3,0.6859866698582966,0.6511767526467641,0.7106289704640706,0.3140133301417034,0.4336518356195018
NOVEL_MT_144,4,0.6455763921141624,0.624477219581604,0.6919768333435058,0.3544236078858376,0.49294478123054714
NOVEL_MT_148,3,0.694078501065572,0.6554135163625081,0.7138388951619465,0.305921498934428,0.4217789029288478
NOVEL_MT_15,3,0.6812068541844685,0.6592857321103414,0.7197702606519063,0.31879314581553153,0.4406651343791287
NOVEL_MT_150,7,0.610300212247031,0.5780366097177778,0.6441637550081526,0.389699787752969,0.544704599053895
NOVEL_MT_153,6,0.632831064860026,0.6152346471945445,0.6454619447390239,0.36716893513997395,0.5116456671897924
NOVEL_MT_154,4,0.6416582524776459,0.6218832194805145,0.6852148771286011,0.35834174752235415,0.49869376523494885
NOVEL_MT_155,2,0.7724222868680954,0.7715905606746674,0.7732540130615235,0.22757771313190456,0.30682711120980444
NOVEL_MT_156,2,0.738246974349022,0.7039561033248902,0.7725378453731537,0.261753025650978,0.3569716551118329
NOVEL_MT_16,2,0.7770045012235641,0.7755539000034333,0.778455102443695,0.22299549877643587,0.30010374770616227
NOVEL_MT_161,2,0.7252964735031128,0.7234977304935455,0.72709521651268,0.27470352649688723,0.3759735869261657
NOVEL_MT_163,3,0.7022366007169086,0.6911928792794545,0.7159696420033772,0.29776339928309137,0.40980873628018116
NOVEL_MT_165,7,0.6098567843437195,0.5740723405565534,0.6389791165079389,0.3901432156562805,0.5453552292406001
NOVEL_MT_167,2,0.7616737723350524,0.731370711326599,0.7919768333435058,0.2383262276649476,0.3225981259908093
NOVEL_MT_168,7,0.6222026603562492,0.5763645921434675,0.6331246767725264,0.37779733964375084,0.5272404476603648
NOVEL_MT_17,2,0.7660515934228896,0.7626193404197692,0.7694838464260101,0.23394840657711036,0.3161746633930126
NOVEL_MT_172,3,0.6767597635587056,0.6531795938809712,0.7142521699269612,0.3232402364412944,0.4471902343616207
NOVEL_MT_177,6,0.6421727339426676,0.6325477878252664,0.6467678229014079,0.3578272660573324,0.49793888001202175
NOVEL_MT_179,11,0.585356911204078,0.5547731448303569,0.6357331384312023,0.41464308879592204,0.5813032535215552
NOVEL_MT_180,5,0.6027125942707061,0.5904022562503815,0.6115596282482147,0.3972874057292939,0.5558377128334192
NOVEL_MT_181,9,0.6121966805722978,0.5779416110780503,0.6239192333486344,0.3878033194277022,0.541921960588129
NOVEL_MT_182,8,0.6145982004702091,0.5710850119590759,0.6331442832946778,0.3854017995297909,0.5383982731343508
NOVEL_MT_183,13,0.5990659975088559,0.5638051826220292,0.6100919026594895,0.4009340024911441,0.5611882690665345
NOVEL_MT_185,4,0.6263220384716988,0.6026843070983886,0.6397763788700104,0.37367796152830124,0.521196191689218
NOVEL_MT_186,6,0.5948124984900156,0.5916083733240763,0.597634760538737,0.4051875015099844,0.5674293171379584
NOVEL_MT_187,5,0.609204967021942,0.5911363589763641,0.6206266927719115,0.39079503297805795,0.5463116237809493
NOVEL_MT_189,3,0.6812594612439473,0.6642675240834554,0.713206394513448,0.3187405387560527,0.4405879454140791
NOVEL_MT_19,3,0.7050018032391865,0.7028688748677571,0.7076865514119466,0.2949981967608135,0.4057514268057184
NOVEL_MT_190,2,0.7504474937915803,0.7243630647659303,0.7765319228172303,0.24955250620841973,0.339070151432138
NOVEL_MT_193,1,0.9729823768138885,0.9729823768138885,0.9729823768138885,0.02701762318611145,0.012550526916135748
NOVEL_MT_198,6,0.6043105135361352,0.5920873979727427,0.6399796346823374,0.3956894864638648,0.5534931276094367
NOVEL_MT_2,16,0.5909136105328798,0.5541541695594787,0.6096164047718048,0.40908638946712017,0.5731500536557759
NOVEL_MT_202,12,0.5863973697026571,0.5492206533749898,0.624974908431371,0.4136026302973429,0.579776615928084
NOVEL_MT_205,9,0.6034519639280106,0.5626359429624345,0.6270118024614122,0.3965480360719894,0.5547528550367322
NOVEL_MT_207,2,0.7333544820547104,0.7313161373138428,0.735392826795578,0.26664551794528957,0.36415028133523664
NOVEL_MT_208,5,0.6359094762802124,0.6128508794307708,0.6649303126335144,0.36409052371978756,0.5071287944758446
NOVEL_MT_21,5,0.5858713042736052,0.38,0.6528603363037109,0.41412869572639477,0.5805484979990295
NOVEL_MT_210,2,0.7747354865074159,0.7712495088577271,0.7782214641571046,0.22526451349258414,0.3034330137658287
NOVEL_MT_213,6,0.5978306750456492,0.5907747785250346,0.6081947604815164,0.40216932495435076,0.563000825468319
NOVEL_MT_214,2,0.7665137559175492,0.7642243564128877,0.7688031554222108,0.23348624408245078,0.3154965444294949
NOVEL_MT_215,1,0.9151020050048828,0.9151020050048828,0.9151020050048828,0.08489799499511719,0.09747688548630469
NOVEL_MT_218,4,0.6817519664764404,0.6792109489440917,0.6841869115829468,0.31824803352355957,0.43986530534344487
NOVEL_MT_221,3,0.7108248551686605,0.7093240042527517,0.7134313424428304,0.28917514483133955,0.39720741472219073
NOVEL_MT_224,16,0.5576882123947143,0.325,0.6220610499382019,0.44231178760528567,0.6219008129845096
NOVEL_MT_227,6,0.6428762863079706,0.6342213789621989,0.6476310829321543,0.35712371369202944,0.496906575992867
NOVEL_MT_228,7,0.6036556039537703,0.584737161227635,0.6390681300844465,0.39634439604622973,0.5544540593430215
NOVEL_MT_23,6,0.6383786390225091,0.6313519517580668,0.6453614513079325,0.36162136097749087,0.5035058564423373
NOVEL_MT_230,6,0.6311603138844172,0.6173776427904765,0.6353464404741923,0.3688396861155828,0.5140971164808272
NOVEL_MT_234,2,0.7470689564943314,0.7466629505157472,0.7474749624729156,0.25293104350566864,0.34402739101061985
NOVEL_MT_235,3,0.6185890575249989,0.43333333333333335,0.7135934909184773,0.38141094247500107,0.5325425927604277
NOVEL_MT_236,7,0.6151924082211085,0.5655746911253248,0.637429461308888,0.38480759177889146,0.5375264076134351
NOVEL_MT_238,9,0.6169822401470608,0.5718821790483262,0.6279313531186845,0.3830177598529392,0.5349002339526068
NOVEL_MT_24,3,0.6970058520634969,0.6508620222409566,0.7283670981725057,0.30299414793650314,0.4174836772290048
NOVEL_MT_243,9,0.589537732468711,0.5528118160035874,0.6336829569604661,0.410462267531289,0.5751688436216041
NOVEL_MT_244,5,0.6332410502433776,0.5995875525474548,0.6575709748268128,0.3667589497566224,0.5110441063395972
NOVEL_MT_245,7,0.5915794151169914,0.5760520969118391,0.6328965280737195,0.4084205848830086,0.5721731359705455
NOVEL_MT_246,2,0.752846622467041,0.7280802488327027,0.7776129961013794,0.24715337753295896,0.3355499725566379
NOVEL_MT_247,3,0.7089821000893911,0.6935860892136891,0.7183210094769795,0.2910178999106089,0.3999112411443057
NOVEL_MT_25,7,0.6292724626404897,0.5892994914736066,0.6408425722803388,0.37072753735951025,0.5168671113280956
NOVEL_MT_250,5,0.6059715175628663,0.5955907392501831,0.6132071661949157,0.39402848243713373,0.5510559797620431
NOVEL_MT_252,7,0.5910614345754895,0.5705057535852704,0.636024466582707,0.40893856542451046,0.5729331552970474
NOVEL_MT_254,2,0.7659771710634231,0.7369205772876739,0.7950337648391723,0.2340228289365769,0.3162838613782389
NOVEL_MT_255,11,0.5639486437494106,0.5438667822967876,0.6174970139156688,0.43605135625058944,0.6127150454882798
NOVEL_MT_256,4,0.6590473979711533,0.6433015882968902,0.6786581099033355,0.3409526020288467,0.4731791260014
NOVEL_MT_257,8,0.6121425174176693,0.5412030577659607,0.6301495432853699,0.38785748258233066,0.5420014327709693
NOVEL_MT_258,4,0.6413646265864372,0.6256838023662566,0.6769155859947205,0.3586353734135628,0.49912459483992366
NOVEL_MT_259,7,0.6360866912773677,0.6236004744257245,0.6418418739523206,0.3639133087226323,0.5068687715367715
NOVEL_MT_26,10,0.5976664716005324,0.5726196551322937,0.620097508430481,0.40233352839946757,0.5632417568967566
NOVEL_MT_261,4,0.6287989243865013,0.6246115088462829,0.6327379405498504,0.3712010756134987,0.5175619216463088
NOVEL_MT_262,4,0.6826200455427169,0.681359577178955,0.683697497844696,0.31737995445728306,0.43859159559097255
NOVEL_MT_264,7,0.6111536145210267,0.5780564938272749,0.6369361673082624,0.3888463854789733,0.543452424175594
NOVEL_MT_266,3,0.6778992017110189,0.6567419966061909,0.710772415002187,0.3221007982889811,0.44551836650612026
NOVEL_MT_267,17,0.5662284528507906,0.52854223391589,0.6191065385061152,0.4337715471492094,0.6093699411089536
NOVEL_MT_268,6,0.6376065532366434,0.5970439950625102,0.6509532670180003,0.3623934467633566,0.5046387177603975
NOVEL_MT_270,3,0.7128137846787771,0.709798397620519,0.7157779177029927,0.2871862153212229,0.3942891103736227
NOVEL_MT_271,10,0.6034270322322846,0.5520734333992005,0.6198660516738892,0.39657296776771545,0.5547894366630213
NOVEL_MT_274,1,0.9804728209972382,0.9804728209972382,0.9804728209972382,0.019527179002761796,0.0015599937062918694
NOVEL_MT_275,8,0.6335767693817616,0.6230778098106384,0.6398861050605774,0.36642323061823845,0.5105515144118994
NOVEL_MT_277,2,0.7752487987279892,0.7702301442623138,0.7802674531936646,0.22475120127201076,0.30267984414475724
NOVEL_MT_280,4,0.6315267175436019,0.6059033513069152,0.6906992793083191,0.3684732824563981,0.5135595019567875
NOVEL_MT_282,9,0.6049410906102921,0.5507739093568589,0.6271342184808518,0.3950589093897079,0.5525678983299377
NOVEL_MT_284,12,0.5756891926129659,0.542471464474996,0.6259834190209707,0.4243108073870341,0.5954884446314803
NOVEL_MT_286,3,0.7055380841096243,0.7012805779774983,0.7119667669137318,0.29446191589037574,0.4049645558843047
NOVEL_MT_287,2,0.7652681827545166,0.7571449160575867,0.7733914494514464,0.23473181724548342,0.3173241414155362
NOVEL_MT_289,2,0.7745920866727829,0.7738338351249694,0.7753503382205964,0.2254079133272171,0.3036434205996882
NOVEL_MT_29,2,0.7664258420467377,0.766402792930603,0.7664488911628724,0.2335741579532623,0.3156255381571176
NOVEL_MT_290,4,0.6315336912870406,0.6222142577171326,0.64172203540802,0.3684663087129594,0.5135492695650916
NOVEL_MT_291,2,0.7657455086708069,0.7635521054267884,0.7679389119148254,0.23425449132919307,0.3166237735593055
NOVEL_MT_295,13,0.5707622234637919,0.5396558064680833,0.6201368111830491,0.4292377765362081,0.6027176578439948
NOVEL_MT_298,3,0.6857845385869344,0.6564131935437519,0.7071104844411213,0.31421546141306556,0.43394841755727154
NOVEL_MT_300,2,0.775069198012352,0.7739117980003356,0.7762265980243683,0.22493080198764803,0.30294336758627904
NOVEL_MT_301,1,0.9143603205680847,0.9143603205680847,0.9143603205680847,0.0856396794319153,0.09856513969851469
NOVEL_MT_303,1,0.9771443247795105,0.9771443247795105,0.9771443247795105,0.02285567522048948,0.00644380931513027
NOVEL_MT_304,10,0.6120324242115021,0.5858480954170228,0.6197668099403382,0.38796757578849794,0.542162969658361
NOVEL_MT_305,2,0.7585663706064224,0.7314866185188293,0.7856461226940155,0.2414336293935776,0.32715753542753534
NOVEL_MT_31,8,0.6045539110898972,0.580798989534378,0.624156254529953,0.3954460889101028,0.5531359967327708
NOVEL_MT_35,1,0.9615000009536743,0.9615000009536743,0.9615000009536743,0.03849999904632573,0.029398317264819774
NOVEL_MT_37,14,0.5582703075238636,0.5370522933346884,0.6041259186608451,0.44172969247613636,0.621046719997284
NOVEL_MT_39,12,0.5852551390727361,0.5346422215302785,0.6139048775037129,0.4147448609272639,0.5814525811130798
NOVEL_MT_4,1,0.9320512771606445,0.9320512771606445,0.9320512771606445,0.06794872283935549,0.07260766091819934
NOVEL_MT_40,2,0.7271677613258362,0.7251372933387756,0.7291982293128967,0.27283223867416384,0.37322789515443683
NOVEL_MT_42,3,0.6725702007611591,0.65706960161527,0.7009683509667713,0.32742979923884086,0.45333747048461515
NOVEL_MT_47,2,0.7331204056739807,0.7328871607780456,0.7333536505699159,0.26687959432601926,0.3644937354980443
NOVEL_MT_49,1,0.9697426795959473,0.9697426795959473,0.9697426795959473,0.030257320404052712,0.01730405007071316
NOVEL_MT_5,3,0.6927999635537464,0.6577442487080891,0.7131783207257588,0.3072000364462536,0.4236548676433284
NOVEL_MT_52,5,0.6602593171596526,0.6572947430610656,0.6636628794670105,0.3397406828403474,0.471400908613644
NOVEL_MT_54,8,0.6045291721820831,0.5515170812606812,0.6420553684234619,0.39547082781791687,0.5531722954863896
NOVEL_MT_61,4,0.6774533912539482,0.6755186378955841,0.67858567237854,0.3225466087460518,0.44617249255175884
NOVEL_MT_62,8,0.6040476597845554,0.5583680331707,0.6344006478786469,0.39595234021544456,0.5538788060572504
NOVEL_MT_63,6,0.5989375154177348,0.5807303349177042,0.6460626165072123,0.40106248458226523,0.5613767874847715
NOVEL_MT_64,5,0.5913834583759308,0.38,0.663824098110199,0.40861654162406924,0.5724606581811919
NOVEL_MT_66,7,0.6019816219806672,0.5722910140241896,0.6450567875589643,0.3980183780193328,0.5569102493923334
NOVEL_MT_67,2,0.7794367372989655,0.7777420639991761,0.7811314105987548,0.22056326270103455,0.2965349912070083
NOVEL_MT_71,1,0.979108202457428,0.979108202457428,0.979108202457428,0.020891797542571977,0.0035622628659621233
NOVEL_MT_74,5,0.6321082925796508,0.5905087578296662,0.6632196354866027,0.36789170742034916,0.5127061720885908
NOVEL_MT_77,5,0.6447423088550567,0.6200770187377929,0.6637440252304077,0.3552576911449433,0.49416860982262895
NOVEL_MT_78,5,0.6319074988365173,0.607838385105133,0.6659436333179474,0.3680925011634827,0.5130007915061072
NOVEL_MT_81,10,0.6095013523101807,0.5696134531497955,0.6200291657447815,0.39049864768981934,0.5458767453847474
NOVEL_MT_82,1,0.9803067028522492,0.9803067028522492,0.9803067028522492,0.01969329714775081,0.0018037345238681867
NOVEL_MT_83,4,0.6685526013374329,0.6639136850833892,0.6740672945976257,0.3314473986625671,0.45923238923836085
NOVEL_MT_86,1,0.9192683339118958,0.9192683339118958,0.9192683339118958,0.08073166608810423,0.09136373984436205
NOVEL_MT_88,8,0.6027185335755348,0.5550673425197602,0.6327697575092316,0.39728146642446516,0.5558289982464915
NOVEL_MT_89,3,0.6858799656232198,0.664115568002065,0.7175599952538808,0.31412003437678016,0.43380839995808257
NOVEL_MT_9,4,0.6130441784858702,0.4,0.6864224612712859,0.38695582151412977,0.540678449023742
NOVEL_MT_91,3,0.7051233073075611,0.6992301722367604,0.7082914431889852,0.2948766926924389,0.405573147058094
NOVEL_MT_92,8,0.6152520067989826,0.5702648818492889,0.6287486970424653,0.3847479932010174,0.5374389601759599
NOVEL_MT_93,10,0.6131432110071183,0.5609036946296692,0.6257297897338867,0.3868567889928817,0.5405331411905895
NOVEL_MT_95,12,0.6056080629428227,0.576465888818105,0.6186175187428792,0.39439193705717734,0.5515892672379368
NOVEL_MT_96,10,0.5802588975429536,0.5660277152061463,0.6146177017688751,0.41974110245704643,0.588783435881284
NOVEL_MT_99,4,0.6451886385679244,0.6288755416870117,0.6770324230194091,0.3548113614320756,0.4935137218865147
NOVEL_MT_W2626778328,28,0.3,0.3,0.3,0.7,0.9999999999999997
NOVEL_MT_W3039695075,50,0.30000000000000004,0.3,0.3,0.7,0.9999999999999997
NOVEL_MT_W3140679530,10,0.29999999999999993,0.3,0.3,0.7000000000000001,0.9999999999999999
NOVEL_MT_W3155072588,140,0.3,0.3,0.3,0.7,0.9999999999999997
NOVEL_MT_W3163465952,126,0.2999999999999998,0.3,0.3,0.7000000000000002,1.0
NOVEL_MT_W3173594637,1525,0.29999999999999993,0.3,0.3,0.7000000000000001,0.9999999999999999
NOVEL_MT_W3212407416,332,0.3,0.3,0.3,0.7,0.9999999999999997
NOVEL_MT_W3212516020,43,0.30000000000000004,0.3,0.3,0.7,0.9999999999999997
NOVEL_MT_W3213029956,84,0.3,0.3,0.3,0.7,0.9999999999999997
NOVEL_MT_W4205647138,173,0.29999999999999993,0.3,0.3,0.7000000000000001,0.9999999999999999
NOVEL_MT_W4205713819,47,0.3000000000000001,0.3,0.3,0.7,0.9999999999999997
NOVEL_MT_W4206779940,137,0.29999999999999993,0.3,0.3,0.7000000000000001,0.9999999999999999
NOVEL_MT_W4207043059,66,0.3,0.3,0.3,0.7,0.9999999999999997
NOVEL_MT_W4210521984,173,0.29999999999999993,0.3,0.3,0.7000000000000001,0.9999999999999999
NOVEL_MT_W4210920041,45,0.3000000000000001,0.3,0.3,0.7,0.9999999999999997
NOVEL_MT_W4211089684,66,0.3,0.3,0.3,0.7,0.9999999999999997
NOVEL_MT_W4211159471,301,0.29999999999999993,0.3,0.3,0.7000000000000001,0.9999999999999999
NOVEL_MT_W4214706752,60,0.30000000000000004,0.3,0.3,0.7,0.9999999999999997
NOVEL_MT_W4214767244,200,0.29999999999999993,0.3,0.3,0.7000000000000001,0.9999999999999999
NOVEL_MT_W4214917757,183,0.29999999999999993,0.3,0.3,0.7000000000000001,0.9999999999999999
NOVEL_MT_W4220660335,285,0.3,0.3,0.3,0.7,0.9999999999999997
NOVEL_MT_W4220743473,244,0.2999999999999999,0.3,0.3,0.7000000000000002,1.0
NOVEL_MT_W4220877964,252,0.3,0.3,0.3,0.7,0.9999999999999997
NOVEL_MT_W4220897376,176,0.29999999999999993,0.3,0.3,0.7000000000000001,0.9999999999999999
NOVEL_MT_W4220991830,119,0.29999999999999977,0.3,0.3,0.7000000000000002,1.0
NOVEL_MT_W4224050897,2093,0.29999999999999993,0.3,0.3,0.7000000000000001,0.9999999999999999
NOVEL_MT_W4225910596,36,0.30000000000000004,0.3,0.3,0.7,0.9999999999999997
NOVEL_MT_W4226115138,60,0.30000000000000004,0.3,0.3,0.7,0.9999999999999997
NOVEL_MT_W4280531467,208,0.29999999999999993,0.3,0.3,0.7000000000000001,0.9999999999999999
NOVEL_MT_W4280552086,74,0.3,0.3,0.3,0.7,0.9999999999999997
NOVEL_MT_W4281560571,51,0.30000000000000004,0.3,0.3,0.7,0.9999999999999997
NOVEL_MT_W4281630788,291,0.29999999999999993,0.3,0.3,0.7000000000000001,0.9999999999999999
NOVEL_MT_W4281683632,229,0.2999999999999999,0.3,0.3,0.7000000000000002,1.0
NOVEL_MT_W4281901970,36,0.30000000000000004,0.3,0.3,0.7,0.9999999999999997
NOVEL_MT_W4282015487,185,0.29999999999999993,0.3,0.3,0.7000000000000001,0.9999999999999999
NOVEL_MT_W4282020692,91,0.3,0.3,0.3,0.7,0.9999999999999997
NOVEL_MT_W4282921641,828,0.29999999999999993,0.3,0.3,0.7000000000000001,0.9999999999999999
NOVEL_MT_W4283692078,135,0.3,0.3,0.3,0.7,0.9999999999999997
NOVEL_MT_W4283721142,16,0.3,0.3,0.3,0.7,0.9999999999999997
NOVEL_MT_W4283757722,441,0.2999999999999999,0.3,0.3,0.7000000000000002,1.0
NOVEL_MT_W4283799942,298,0.3,0.3,0.3,0.7,0.9999999999999997
NOVEL_MT_W4284675316,200,0.29999999999999993,0.3,0.3,0.7000000000000001,0.9999999999999999
NOVEL_MT_W4285082442,28,0.3,0.3,0.3,0.7,0.9999999999999997
NOVEL_MT_W4289261621,116,0.2999999999999999,0.3,0.3,0.7000000000000002,1.0
NOVEL_MT_W4289920177,665,0.29999999999999993,0.3,0.3,0.7000000000000001,0.9999999999999999
NOVEL_MT_W4292731246,57,0.30000000000000004,0.3,0.3,0.7,0.9999999999999997
NOVEL_MT_W4294031309,353,0.29999999999999993,0.3,0.3,0.7000000000000001,0.9999999999999999
NOVEL_MT_W4294992918,312,0.3,0.3,0.3,0.7,0.9999999999999997
NOVEL_MT_W4296268709,167,0.3,0.3,0.3,0.7,0.9999999999999997
NOVEL_MT_W4307034884,53,0.3000000000000001,0.3,0.3,0.7,0.9999999999999997
NOVEL_MT_W4307112113,36,0.30000000000000004,0.3,0.3,0.7,0.9999999999999997
NOVEL_MT_W4307773742,154,0.3,0.3,0.3,0.7,0.9999999999999997
NOVEL_MT_W4308165701,247,0.2999999999999999,0.3,0.3,0.7000000000000002,1.0
NOVEL_MT_W4309472441,56,0.3,0.3,0.3,0.7,0.9999999999999997
NOVEL_MT_W4309674289,99,0.29999999999999993,0.3,0.3,0.7000000000000001,0.9999999999999999
NOVEL_MT_W4309782713,25,0.3,0.3,0.3,0.7,0.9999999999999997
NOVEL_MT_W4310569000,67,0.30000000000000004,0.3,0.3,0.7,0.9999999999999997
NOVEL_MT_W4312045033,315,0.29999999999999993,0.3,0.3,0.7000000000000001,0.9999999999999999
NOVEL_MT_W4312731878,74,0.3,0.3,0.3,0.7,0.9999999999999997
NOVEL_MT_W4315642941,97,0.29999999999999993,0.3,0.3,0.7000000000000001,0.9999999999999999
NOVEL_MT_W4315865958,167,0.3,0.3,0.3,0.7,0.9999999999999997
NOVEL_MT_W4323313312,45,0.3000000000000001,0.3,0.3,0.7,0.9999999999999997
NOVEL_MT_W4323666400,107,0.29999999999999993,0.3,0.3,0.7000000000000001,0.9999999999999999
NOVEL_MT_W4327811717,51,0.30000000000000004,0.3,0.3,0.7,0.9999999999999997
NOVEL_MT_W4361002760,15,0.29999999999999993,0.3,0.3,0.7000000000000001,0.9999999999999999
NOVEL_MT_W4362657000,766,0.29999999999999993,0.3,0.3,0.7000000000000001,0.9999999999999999
NOVEL_MT_W4365479119,267,0.3,0.3,0.3,0.7,0.9999999999999997
NOVEL_MT_W4366278627,247,0.2999999999999999,0.3,0.3,0.7000000000000002,1.0
NOVEL_MT_W4367676419,1520,0.29999999999999993,0.3,0.3,0.7000000000000001,0.9999999999999999
NOVEL_MT_W4376132442,62,0.3000000000000001,0.3,0.3,0.7,0.9999999999999997
NOVEL_MT_W4376869874,120,0.29999999999999993,0.3,0.3,0.7000000000000001,0.9999999999999999
NOVEL_MT_W4376871556,27,0.3,0.3,0.3,0.7,0.9999999999999997
NOVEL_MT_W4382007903,196,0.29999999999999993,0.3,0.3,0.7000000000000001,0.9999999999999999
NOVEL_MT_W4382372079,94,0.3,0.3,0.3,0.7,0.9999999999999997
NOVEL_MT_W4383737134,212,0.29999999999999993,0.3,0.3,0.7000000000000001,0.9999999999999999
NOVEL_MT_W4384296800,263,0.3,0.3,0.3,0.7,0.9999999999999997
NOVEL_MT_W4385527149,21,0.29999999999999993,0.3,0.3,0.7000000000000001,0.9999999999999999
NOVEL_MT_W4385613852,407,0.29999999999999993,0.3,0.3,0.7000000000000001,0.9999999999999999
NOVEL_MT_W4385614625,529,0.3,0.3,0.3,0.7,0.9999999999999997
NOVEL_MT_W4385799520,12,0.29999999999999993,0.3,0.3,0.7000000000000001,0.9999999999999999
NOVEL_MT_W4385827828,11,0.29999999999999993,0.3,0.3,0.7000000000000001,0.9999999999999999
NOVEL_MT_W4386030674,217,0.29999999999999993,0.3,0.3,0.7000000000000001,0.9999999999999999
NOVEL_MT_W4386075553,53,0.3000000000000001,0.3,0.3,0.7,0.9999999999999997
NOVEL_MT_W4386113271,76,0.3,0.3,0.3,0.7,0.9999999999999997
NOVEL_MT_W4386332584,217,0.29999999999999993,0.3,0.3,0.7000000000000001,0.9999999999999999
NOVEL_MT_W4387164156,44,0.30000000000000004,0.3,0.3,0.7,0.9999999999999997
NOVEL_MT_W4387204689,133,0.30000000000000004,0.3,0.3,0.7,0.9999999999999997
NOVEL_MT_W4387230320,378,0.29999999999999993,0.3,0.3,0.7000000000000001,0.9999999999999999
NOVEL_MT_W4387452756,349,0.3,0.3,0.3,0.7,0.9999999999999997
NOVEL_MT_W4387815597,87,0.3,0.3,0.3,0.7,0.9999999999999997
NOVEL_MT_W4388290259,250,0.3,0.3,0.3,0.7,0.9999999999999997
NOVEL_MT_W4388590203,291,0.29999999999999993,0.3,0.3,0.7000000000000001,0.9999999999999999
NOVEL_MT_W4388616071,56,0.3,0.3,0.3,0.7,0.9999999999999997
NOVEL_MT_W4390621251,32,0.3,0.3,0.3,0.7,0.9999999999999997
NOVEL_MT_W4391855109,230,0.2999999999999999,0.3,0.3,0.7000000000000002,1.0
NOVEL_MT_W4392343318,625,0.3,0.3,0.3,0.7,0.9999999999999997
NOVEL_MT_W4392757206,503,0.29999999999999993,0.3,0.3,0.7000000000000001,0.9999999999999999
NOVEL_MT_W4392851477,65,0.3,0.3,0.3,0.7,0.9999999999999997
NOVEL_MT_W4395445997,717,0.29999999999999993,0.3,0.3,0.7000000000000001,0.9999999999999999
NOVEL_MT_W4396936983,456,0.3,0.3,0.3,0.7,0.9999999999999997
NOVEL_MT_W4401349719,540,0.3,0.3,0.3,0.7,0.9999999999999997
NOVEL_MT_W4403369705,1017,0.29999999999999993,0.3,0.3,0.7000000000000001,0.9999999999999999
NOVEL_MT_W4409430637,16,0.3,0.3,0.3,0.7,0.9999999999999997
NOVEL_QA_0,3,0.6466690202554066,0.6358280976613362,0.6526845296223958,0.3533309797445934,0.4913415964822984
NOVEL_QA_10,7,0.5890879494803292,0.5543893252100263,0.6338826869215284,0.41091205051967084,0.5758287984587314
NOVEL_QA_12,7,0.6212539272648947,0.580178085395268,0.6438840900148665,0.3787460727351053,0.5286324989583355
NOVEL_QA_13,7,0.6359752697604043,0.6326542351927076,0.640739164182118,0.3640247302395957,0.5070322574199184
NOVEL_QA_14,9,0.5957479165660009,0.5477749672200944,0.637800469663408,0.4042520834339991,0.5660568026144462
NOVEL_QA_15,17,0.5883421417544871,0.5403727783876306,0.6094929470735437,0.41165785824551293,0.5769231026653159
NOVEL_QA_16,7,0.6102378674915858,0.5388436709131513,0.6362881813730512,0.3897621325084142,0.5447960758860304
NOVEL_QA_17,1,0.9631790816783905,0.9631790816783905,0.9631790816783905,0.0368209183216095,0.026934645950370435
NOVEL_QA_18,2,0.7211931854486465,0.7185589969158173,0.7238273739814758,0.2788068145513535,0.3819942343708677
NOVEL_QA_2,2,0.7221741408109664,0.7088172852993011,0.7355309963226317,0.2778258591890336,0.38055490417588184
NOVEL_QA_21,3,0.6855406244595845,0.6631845374902089,0.7219778259595234,0.3144593755404155,0.43430630638887757
NOVEL_QA_22,9,0.5929850982295142,0.5599249985482957,0.6211202588346268,0.4070149017704858,0.5701106138353376
NOVEL_QA_23,1,0.9704398393630982,0.9704398393630982,0.9704398393630982,0.02956016063690181,0.016281125743946124
NOVEL_QA_25,3,0.6900343080361684,0.6552484889825184,0.709186299641927,0.3099656919638316,0.42771284178596947
NOVEL_QA_26,5,0.6309855484962463,0.601720266342163,0.663092999458313,0.36901445150375367,0.5143535451725852
NOVEL_QA_27,6,0.619880003730456,0.5687440971533457,0.6451936880747476,0.38011999626954396,0.5306484210937144
NOVEL_QA_3,2,0.7476907730102539,0.7185279726982117,0.7768535733222961,0.2523092269897461,0.34311501586952114
NOVEL_QA_30,5,0.634384239912033,0.5923638987541198,0.6583544480800629,0.36561576008796703,0.5093667339821025
NOVEL_QA_33,3,0.6882687469323475,0.6416890819867451,0.7126592238744099,0.3117312530676525,0.4303034035030817
NOVEL_QA_34,4,0.6797806501388549,0.6779169619083404,0.6820135354995727,0.3202193498611451,0.44275776634375535
NOVEL_QA_35,2,0.7280521124601365,0.720157790184021,0.7359464347362519,0.27194788753986354,0.37193030982134057
NOVEL_QA_36,20,0.582633153796196,0.5280884218215942,0.6014381122589111,0.41736684620380404,0.5852997516616025
NOVEL_QA_37,4,0.6201306864619255,0.5955940842628479,0.6705010831356049,0.3798693135380745,0.5302806008659803
NOVEL_QA_38,2,0.770784056186676,0.7701042413711547,0.7714638710021973,0.229215943813324,0.30923084432212755
NOVEL_QA_39,4,0.6646206483244895,0.6224186241626739,0.6813576459884643,0.3353793516755105,0.4650016412493911
NOVEL_QA_4,8,0.5967326365411282,0.5622869551181794,0.6292993187904358,0.4032673634588718,0.5646119487013646
NOVEL_QA_40,8,0.5943083688616754,0.565531212091446,0.6272799909114838,0.4056916311383246,0.5681690133811607
NOVEL_QA_43,1,0.9127601861953736,0.9127601861953736,0.9127601861953736,0.08723981380462642,0.1009129750915861
NOVEL_QA_44,4,0.6626374006271362,0.6061707139015198,0.6873430490493774,0.33736259937286384,0.46791160882241706
NOVEL_QA_45,6,0.6334987411896388,0.5759930173556009,0.647640041510264,0.3665012588103612,0.5106660031412508
NOVEL_QA_46,4,0.6797281861305238,0.6765070676803588,0.6834132194519043,0.32027181386947623,0.4428347454135903
NOVEL_QA_48,11,0.5876143249598417,0.5459660042415966,0.6190399993549693,0.41238567504015833,0.5779910092482142
NOVEL_QA_5,1,0.9180852472782135,0.9180852472782135,0.9180852472782135,0.0819147527217865,0.09309965197711795
NOVEL_QA_50,4,0.6508837282657622,0.614496898651123,0.6820284485816955,0.34911627173423776,0.48515746544497274
NOVEL_QA_53,9,0.6005953179465399,0.5570372429158952,0.6258464005258347,0.39940468205346014,0.5589443371117085
NOVEL_QA_54,3,0.6124231417973837,0.5947883864243825,0.640631075700124,0.38757685820261634,0.5415896799444015
NOVEL_QA_55,6,0.6181273142496745,0.5930973927179972,0.6413468102614085,0.3818726857503255,0.5332200966143589
NOVEL_QA_57,2,0.7722420513629913,0.7685876131057738,0.7758964896202087,0.2277579486370087,0.3070915660613396
NOVEL_QA_58,2,0.74960697889328,0.7198867440223693,0.7793272137641907,0.25039302110672,0.34030341700051003
NOVEL_QA_59,5,0.6029683482646943,0.5715587902069093,0.6605535912513734,0.39703165173530575,0.5554624516745783
NOVEL_QA_60,7,0.6227110079356601,0.5308418188776288,0.6421639714922224,0.37728899206433986,0.5264945625276675
NOVEL_QA_61,4,0.6565300777554511,0.6246715545654297,0.6884641051292419,0.34346992224454886,0.47687272423846927
NOVEL_QA_62,2,0.7504474937915803,0.7243630647659303,0.7765319228172303,0.24955250620841973,0.339070151432138
NOVEL_QA_63,2,0.7376000970602036,0.7373084247112274,0.7378917694091798,0.2623999029397964,0.3579208012707824
NOVEL_QA_64,8,0.5805675372481347,0.5580092251300812,0.6312811851501465,0.4194324627518653,0.5883305768990076
NOVEL_QA_65,8,0.594829508662224,0.5653952956199646,0.6393935441970825,0.40517049133777605,0.567404358556333
NOVEL_QA_66,6,0.6296127716700236,0.5957650999228159,0.6483716944853465,0.3703872283299764,0.516367784772934
NOVEL_QA_67,2,0.7499547988176346,0.7211735606193543,0.7787360370159149,0.2500452011823654,0.33979306990545227
NOVEL_QA_69,2,0.7325390636920929,0.7246790826320648,0.7403990447521209,0.2674609363079071,0.36534672341195434
NOVEL_QA_7,4,0.6727650955319404,0.6371067225933075,0.6899720788002014,0.3272349044680596,0.4530515064752367
NOVEL_QA_70,6,0.5974186221758525,0.5729283253351847,0.6445292870203654,0.4025813778241475,0.5636054198874028
NOVEL_QA_72,6,0.6288638422886531,0.5530963758627574,0.6499908725420633,0.3711361577113469,0.5174666693031835
NOVEL_QA_74,7,0.6106509174619402,0.5731462274278913,0.6394127402986799,0.3893490825380598,0.5441900184473278
NOVEL_QA_75,5,0.6289100193977355,0.5988329756259918,0.6645469355583191,0.3710899806022645,0.5173989148364948
NOVEL_QA_76,4,0.6225857123732566,0.6151957035064697,0.6296057641506194,0.37741428762674345,0.5266784054355025
NOVEL_QA_79,6,0.6210388193527857,0.5894062439600626,0.6498776296774545,0.3789611806472143,0.5289481211823138
NOVEL_QA_8,1,0.9815360128879547,0.9815360128879547,0.9815360128879547,0.018463987112045332,0.0
NOVEL_QA_81,5,0.6421819651126862,0.6128952610492706,0.6604587304592133,0.3578180348873138,0.49792533535723604
NOVEL_QA_83,4,0.6602091521024704,0.6249273300170898,0.6758598148822784,0.33979084789752956,0.47147451449247285
NOVEL_QA_84,2,0.7771015703678131,0.7756589174270629,0.7785442233085633,0.22289842963218687,0.299961320684826
NOVEL_QA_86,6,0.6216854105393091,0.5939524094263712,0.6504626194636026,0.37831458946069085,0.5279993948137929
NOVEL_QA_W4207072548,169,0.29999999999999993,0.3,0.3,0.7000000000000001,0.9999999999999999
NOVEL_QA_W4226115138,60,0.30000000000000004,0.3,0.3,0.7,0.9999999999999997
NOVEL_QA_W4304013646,17,0.3,0.3,0.3,0.7,0.9999999999999997
NOVEL_QA_W4309674289,99,0.29999999999999993,0.3,0.3,0.7000000000000001,0.9999999999999999
NOVEL_QA_W4319460874,21,0.29999999999999993,0.3,0.3,0.7000000000000001,0.9999999999999999
NOVEL_QA_W4364377616,41,0.30000000000000004,0.3,0.3,0.7,0.9999999999999997
NOVEL_QA_W4379259169,103,0.3,0.3,0.3,0.7,0.9999999999999997
NOVEL_QA_W4379929708,110,0.2999999999999999,0.3,0.3,0.7000000000000002,1.0
NOVEL_QA_W4381587418,138,0.3,0.3,0.3,0.7,0.9999999999999997
NOVEL_QA_W4381598461,128,0.29999999999999993,0.3,0.3,0.7000000000000001,0.9999999999999999
NOVEL_QA_W4384071683,91,0.3,0.3,0.3,0.7,0.9999999999999997
NOVEL_QA_W4386071687,99,0.29999999999999993,0.3,0.3,0.7000000000000001,0.9999999999999999
NOVEL_QA_W4388424540,90,0.29999999999999993,0.3,0.3,0.7000000000000001,0.9999999999999999
NOVEL_QA_W4390692489,238,0.2999999999999999,0.3,0.3,0.7000000000000002,1.0
NOVEL_QA_W4391855109,230,0.2999999999999999,0.3,0.3,0.7000000000000002,1.0
NOVEL_QA_W4391876619,55,0.30000000000000004,0.3,0.3,0.7,0.9999999999999997
NOVEL_QA_W4392044798,27,0.3,0.3,0.3,0.7,0.9999999999999997
NOVEL_QA_W4403420208,71,0.30000000000000004,0.3,0.3,0.7,0.9999999999999997
NOVEL_QA_W4406152279,57,0.30000000000000004,0.3,0.3,0.7,0.9999999999999997
NOVEL_SA_0,3,0.6723716219266255,0.6512645681699116,0.7121809502442678,0.3276283780733745,0.4536288400245639
NOVEL_SA_1,4,0.6645172089338303,0.6117055058479308,0.6863456785678863,0.33548279106616974,0.46515341516698777
NOVEL_SA_10,3,0.6774208267529804,0.6614756842454274,0.7083123823006947,0.32257917324701957,0.4462202735939224
NOVEL_SA_11,11,0.5987120379101145,0.5213354755531657,0.6182263959537853,0.4012879620898855,0.5617076247455419
NOVEL_SA_12,11,0.5946180408651178,0.557571064342152,0.6135106254707683,0.4053819591348822,0.5677146397345939
NOVEL_SA_13,17,0.5549284829812892,0.521719141216839,0.5989075913148768,0.44507151701871084,0.62595009190923
NOVEL_SA_14,14,0.5505124126161848,0.5309088008744376,0.5684462802750724,0.4494875873838152,0.6324296766730514
NOVEL_SA_15,7,0.6359752672059196,0.6326542351927076,0.640739164182118,0.36402473279408043,0.5070322611680472
NOVEL_SA_16,17,0.5883421491174137,0.5403727783876306,0.6094929470735437,0.41165785088258633,0.5769230918618858
NOVEL_SA_17,20,0.5530383345484734,0.5253227782249451,0.601718099117279,0.4469616654515266,0.6287234573617854
NOVEL_SA_18,7,0.6102378700460706,0.5388436709131513,0.6362881813730512,0.38976212995392945,0.5447960721379016
NOVEL_SA_19,2,0.7591393977403641,0.7368986368179322,0.781380158662796,0.2408606022596359,0.326316747672955
NOVEL_SA_2,6,0.6099295775095621,0.591172049442927,0.6432489077250162,0.3900704224904379,0.5452484217286475
NOVEL_SA_20,5,0.6201382768154143,0.5975725698471068,0.6683594989776611,0.37986172318458566,0.5302694637384546
NOVEL_SA_21,3,0.6948065241177876,0.6710437496503193,0.7124133904774983,0.30519347588221235,0.42071069370960096
NOVEL_SA_22,15,0.5970858124891917,0.5735058383146922,0.6077931062380472,0.4029141875108083,0.5640937428525394
NOVEL_SA_24,1,0.9704398393630982,0.9704398393630982,0.9704398393630982,0.02956016063690181,0.016281125743946124
NOVEL_SA_25,4,0.573791716992855,0.4,0.6433799266815186,0.426208283007145,0.5982725610746753
NOVEL_SA_26,5,0.6393932723999022,0.5848071146011353,0.6598463284969329,0.3606067276000978,0.5020171113750097
NOVEL_SA_28,20,0.5826331529021264,0.5280884397029877,0.6014381122589111,0.41736684709787364,0.5852997529734475
NOVEL_SA_29,1,0.9215455293655396,0.9215455293655396,0.9215455293655396,0.07845447063446043,0.08802247040212911
NOVEL_SA_3,3,0.66214994986852,0.6489230891068776,0.6709575970967611,0.33785005013147995,0.46862683259548016
NOVEL_SA_30,8,0.6088186882436276,0.5809942901134492,0.6273996710777283,0.3911813117563724,0.546878400548442
NOVEL_SA_31,4,0.6201306909322739,0.5955940842628479,0.6705010831356049,0.3798693090677261,0.5302805943067548
NOVEL_SA_33,4,0.6530990496277809,0.6295924425125121,0.6768518388271332,0.34690095037221913,0.4819069822421389
NOVEL_SA_34,3,0.660002322991689,0.6233496566613514,0.7017970462640126,0.33999767700831096,0.47177798944738386
NOVEL_SA_37,11,0.5876143038272859,0.5459660042415966,0.6190399635921825,0.41238569617271414,0.5779910402554618
NOVEL_SA_38,7,0.6117258650915963,0.5776380692209516,0.638266453572682,0.3882741349084037,0.5426127758521772
NOVEL_SA_39,6,0.6181273082892099,0.5930973927179972,0.6413468102614085,0.3818726917107901,0.5332201053599929
NOVEL_SA_40,2,0.7722420513629913,0.7685876131057738,0.7758964896202087,0.2277579486370087,0.3070915660613396
NOVEL_SA_41,2,0.7297741264104843,0.7244139015674591,0.7351343512535096,0.27022587358951566,0.36940364370570716
NOVEL_SA_42,7,0.622711020708084,0.5308418009962355,0.6421639893736159,0.37728897929191596,0.5264945437870233
NOVEL_SA_44,2,0.7504474937915803,0.7243630647659303,0.7765319228172303,0.24955250620841973,0.339070151432138
NOVEL_SA_45,3,0.6956396540006001,0.6531066556771595,0.7205681999524434,0.3043603459993999,0.419488263981666
NOVEL_SA_46,8,0.5809968382120133,0.5496143937110901,0.6270439028739929,0.4190031617879867,0.5877006748017443
NOVEL_SA_48,17,0.556661982045454,0.5220288648324855,0.6063498987871058,0.44333801795454597,0.6234065739859155
NOVEL_SA_49,3,0.6850621600945791,0.6659217675526936,0.7218736668427784,0.3149378399054209,0.4350083446611884
NOVEL_SA_50,4,0.6651026099920272,0.6294981718063354,0.6823142290115356,0.3348973900079728,0.4642944714763729
NOVEL_SA_51,3,0.6943947394688923,0.6671179970105489,0.7097406943639119,0.3056052605311077,0.4213148945751582
NOVEL_SA_52,13,0.5822124980963193,0.517450513289525,0.6179833728533525,0.41778750190368075,0.5859169687886832
NOVEL_SA_53,10,0.5721952903270722,0.5554188454151153,0.6186396741867065,0.42780470967292783,0.6006149562461617
NOVEL_SA_55,5,0.6451526796817779,0.6050750124454498,0.674745695590973,0.3548473203182221,0.4935664834214395
NOVEL_SA_56,6,0.6288638422886531,0.5530963758627574,0.6499908725420633,0.3711361577113469,0.5174666693031835
NOVEL_SA_57,6,0.6324089149634043,0.5939314345518748,0.6444427053133647,0.36759108503659566,0.5122650767127506
NOVEL_SA_58,21,0.5723647358871643,0.5095690023331415,0.6040939103989375,0.4276352641128357,0.6003663331992678
NOVEL_SA_59,2,0.7488367646932601,0.7205046355724334,0.7771688938140868,0.2511632353067399,0.34143353218951694
NOVEL_SA_60,9,0.5635496881273058,0.5504272964265611,0.5768944766786362,0.43645031187269423,0.613300422657733
NOVEL_SA_61,1,0.939600121974945,0.939600121974945,0.939600121974945,0.060399878025054976,0.06153143798712797
NOVEL_SA_62,1,0.97311230301857,0.97311230301857,0.97311230301857,0.02688769698143001,0.012359889587770826
NOVEL_SA_64,5,0.6421819615364075,0.6128952610492706,0.6604587304592133,0.3578180384635925,0.4979253406046164
NOVEL_SA_67,1,0.978972339630127,0.978972339630127,0.978972339630127,0.021027660369873025,0.0037616108457194067
NOVEL_SA_69,2,0.7585663706064224,0.7314866185188293,0.7856461226940155,0.2414336293935776,0.32715753542753534
NOVEL_SA_7,14,0.5526683888265065,0.5338021712643759,0.5597896116120474,0.4473316111734935,0.6292662690620788
NOVEL_SA_8,2,0.7307686984539031,0.7206453800201416,0.7408920168876647,0.26923130154609687,0.36794433411001265
NOVEL_SA_9,8,0.5956302799284459,0.5363652467727661,0.6292883574962617,0.40436972007155414,0.5662294077817897
NOVEL_SA_W3140416091,66,0.3,0.3,0.3,0.7,0.9999999999999997
NOVEL_SA_W3159301005,70,0.30000000000000004,0.3,0.3,0.7,0.9999999999999997
NOVEL_SA_W4206670862,136,0.3,0.3,0.3,0.7,0.9999999999999997
NOVEL_SA_W4210827551,208,0.29999999999999993,0.3,0.3,0.7000000000000001,0.9999999999999999
NOVEL_SA_W4213050051,75,0.3,0.3,0.3,0.7,0.9999999999999997
NOVEL_SA_W4213072767,29,0.30000000000000004,0.3,0.3,0.7,0.9999999999999997
NOVEL_SA_W4213436352,143,0.30000000000000004,0.3,0.3,0.7,0.9999999999999997
NOVEL_SA_W4220825176,682,0.29999999999999993,0.3,0.3,0.7000000000000001,0.9999999999999999
NOVEL_SA_W4220866631,227,0.29999999999999993,0.3,0.3,0.7000000000000001,0.9999999999999999
NOVEL_SA_W4220887861,459,0.29999999999999993,0.3,0.3,0.7000000000000001,0.9999999999999999
NOVEL_SA_W4224234154,30,0.30000000000000004,0.3,0.3,0.7,0.9999999999999997
NOVEL_SA_W4226442993,54,0.30000000000000004,0.3,0.3,0.7,0.9999999999999997
NOVEL_SA_W4229024336,173,0.29999999999999993,0.3,0.3,0.7000000000000001,0.9999999999999999
NOVEL_SA_W4281553262,180,0.29999999999999993,0.3,0.3,0.7000000000000001,0.9999999999999999
NOVEL_SA_W4283168218,46,0.3000000000000001,0.3,0.3,0.7,0.9999999999999997
NOVEL_SA_W4283824584,326,0.29999999999999993,0.3,0.3,0.7000000000000001,0.9999999999999999
NOVEL_SA_W4285250231,62,0.3000000000000001,0.3,0.3,0.7,0.9999999999999997
NOVEL_SA_W4286593299,28,0.3,0.3,0.3,0.7,0.9999999999999997
NOVEL_SA_W4290932423,142,0.3,0.3,0.3,0.7,0.9999999999999997
NOVEL_SA_W4293105742,56,0.3,0.3,0.3,0.7,0.9999999999999997
NOVEL_SA_W4295048810,522,0.29999999999999993,0.3,0.3,0.7000000000000001,0.9999999999999999
NOVEL_SA_W4295749386,156,0.3,0.3,0.3,0.7,0.9999999999999997
NOVEL_SA_W4295795036,80,0.29999999999999993,0.3,0.3,0.7000000000000001,0.9999999999999999
NOVEL_SA_W4297256710,404,0.29999999999999993,0.3,0.3,0.7000000000000001,0.9999999999999999
NOVEL_SA_W4297499129,109,0.2999999999999999,0.3,0.3,0.7000000000000002,1.0
NOVEL_SA_W4302362254,77,0.30000000000000004,0.3,0.3,0.7,0.9999999999999997
NOVEL_SA_W4312597583,47,0.3000000000000001,0.3,0.3,0.7,0.9999999999999997
NOVEL_SA_W4312908198,236,0.29999999999999993,0.3,0.3,0.7000000000000001,0.9999999999999999
NOVEL_SA_W4315436281,96,0.29999999999999993,0.3,0.3,0.7000000000000001,0.9999999999999999
NOVEL_SA_W4319831789,42,0.30000000000000004,0.3,0.3,0.7,0.9999999999999997
NOVEL_SA_W4322502716,58,0.30000000000000004,0.3,0.3,0.7,0.9999999999999997
NOVEL_SA_W4324309277,730,0.29999999999999993,0.3,0.3,0.7000000000000001,0.9999999999999999
NOVEL_SA_W4353016766,28,0.3,0.3,0.3,0.7,0.9999999999999997
NOVEL_SA_W4361002760,15,0.29999999999999993,0.3,0.3,0.7000000000000001,0.9999999999999999
NOVEL_SA_W4361019934,66,0.3,0.3,0.3,0.7,0.9999999999999997
NOVEL_SA_W4361282369,69,0.30000000000000004,0.3,0.3,0.7,0.9999999999999997
NOVEL_SA_W4367849331,76,0.3,0.3,0.3,0.7,0.9999999999999997
NOVEL_SA_W4376138804,8,0.3,0.3,0.3,0.7,0.9999999999999997
NOVEL_SA_W4378470708,44,0.30000000000000004,0.3,0.3,0.7,0.9999999999999997
NOVEL_SA_W4379259169,103,0.3,0.3,0.3,0.7,0.9999999999999997
NOVEL_SA_W4384277430,109,0.2999999999999999,0.3,0.3,0.7000000000000002,1.0
NOVEL_SA_W4384498679,86,0.3,0.3,0.3,0.7,0.9999999999999997
NOVEL_SA_W4385414156,59,0.30000000000000004,0.3,0.3,0.7,0.9999999999999997
NOVEL_SA_W4385827828,11,0.29999999999999993,0.3,0.3,0.7000000000000001,0.9999999999999999
NOVEL_SA_W4386421370,23,0.29999999999999993,0.3,0.3,0.7000000000000001,0.9999999999999999
NOVEL_SA_W4386800155,337,0.29999999999999993,0.3,0.3,0.7000000000000001,0.9999999999999999
NOVEL_SA_W4396560090,831,0.29999999999999993,0.3,0.3,0.7000000000000001,0.9999999999999999
NOVEL_SA_W4396583326,34,0.30000000000000004,0.3,0.3,0.7,0.9999999999999997
NOVEL_SA_W4403939428,7,0.3,0.3,0.3,0.7,0.9999999999999997
NOVEL_SUM_10,2,0.7547018527984619,0.7243826627731322,0.7850210428237916,0.24529814720153809,0.3328278415227113
NOVEL_SUM_11,2,0.7468004584312439,0.7099495351314544,0.7836513817310333,0.2531995415687561,0.34442135120936235
NOVEL_SUM_12,5,0.6160234141349792,0.6010939884185791,0.6545374143123626,0.3839765858650208,0.5363070943296816
NOVEL_SUM_13,4,0.6657331794500351,0.6297561109066009,0.6838269591331482,0.3342668205499649,0.4633692533718506
NOVEL_SUM_14,9,0.6129911707507238,0.5630181219842698,0.6237604286935594,0.38700882924927615,0.5407562258897388
NOVEL_SUM_15,5,0.6201382768154143,0.5975725698471068,0.6683594989776611,0.37986172318458566,0.5302694637384546
NOVEL_SUM_16,7,0.6194087871483395,0.5696794722761427,0.6428034458841596,0.38059121285166053,0.531339824883398
NOVEL_SUM_17,9,0.6016865756776597,0.5527304199006822,0.6264475372102525,0.3983134243223403,0.5573431631304604
NOVEL_SUM_19,9,0.6127356416649288,0.5591367509629991,0.6244240072038438,0.3872643583350712,0.5411311570466593
NOVEL_SUM_20,4,0.6764838263392448,0.6699399828910827,0.682411503791809,0.32351617366075525,0.4475951098403083
NOVEL_SUM_21,5,0.6198298406600952,0.6068752932548522,0.6546055603027343,0.38017015933990483,0.5307220240573323
NOVEL_SUM_22,7,0.6199282007558005,0.5460333321775709,0.6461123440946851,0.38007179924419954,0.530577702856625
NOVEL_SUM_23,2,0.7625902384519577,0.738919448852539,0.7862610280513764,0.23740976154804228,0.3212534191821083
NOVEL_SUM_24,11,0.5727363391356035,0.5456875551830639,0.6146586824547161,0.4272636608643965,0.5998210894536518
NOVEL_SUM_26,6,0.6290549377600352,0.5890664259592692,0.6465304831663767,0.3709450622399648,0.5171862799066316
NOVEL_SUM_28,3,0.6882687409718832,0.6416890819867451,0.7126592238744099,0.3117312590281168,0.4303034122487155
NOVEL_SUM_3,7,0.6090996146202087,0.5736946855272566,0.6393452738012586,0.3909003853797913,0.5464662046097554
NOVEL_SUM_30,7,0.6090762742928096,0.5707134102072035,0.6361545358385359,0.39092372570719036,0.5465004512628414
NOVEL_SUM_31,7,0.6198145389556885,0.5719243739332471,0.6397744808878217,0.3801854610443115,0.5307444758487524
NOVEL_SUM_32,11,0.6110159938985652,0.5656750370155681,0.6201877881180157,0.3889840061014348,0.5436543513223024
NOVEL_SUM_33,5,0.6412177252769469,0.6087660360336304,0.6613516557216643,0.35878227472305313,0.4993401392964343
NOVEL_SUM_36,2,0.7703931868076325,0.7660957336425782,0.7746906399726867,0.22960681319236753,0.30980435675823087
NOVEL_SUM_37,7,0.6117342974458422,0.5572969470705305,0.6406724129404341,0.3882657025541578,0.5426004032789215
NOVEL_SUM_38,3,0.6612703045209248,0.6561031838258107,0.6649856944878896,0.33872969547907517,0.46991751325059006
NOVEL_SUM_39,6,0.6092839787403742,0.5803862969080607,0.6489273230234781,0.3907160212596258,0.5461956919491194
NOVEL_SUM_41,1,0.9765000581741333,0.9765000581741333,0.9765000581741333,0.023499941825866677,0.0073891248864192596
NOVEL_SUM_42,4,0.6389052778482437,0.6160765945911407,0.6887075424194335,0.3610947221517563,0.502733133041408
NOVEL_SUM_44,9,0.5998911367522345,0.5632103827264573,0.6231149640348221,0.4001088632477655,0.5599775637952429
NOVEL_SUM_45,2,0.7474562138319015,0.7234210014343261,0.771491426229477,0.25254378616809847,0.3434591784286769
NOVEL_SUM_46,13,0.5908195046278146,0.5514572400313157,0.6141180950861711,0.40918049537218537,0.5732881327936139
NOVEL_SUM_47,5,0.6436272966861725,0.6021056640148164,0.6769548702239989,0.35637270331382753,0.49580463807029185
NOVEL_SUM_49,5,0.6393643152713775,0.6035899448394775,0.670925371646881,0.3606356847286225,0.5020595994137591
NOVEL_SUM_52,2,0.741660076379776,0.7061105251312256,0.7772096276283265,0.25833992362022395,0.35196369960220203
NOVEL_SUM_53,4,0.6357947066426277,0.6147047519683837,0.6732580542564391,0.3642052933573723,0.5072971929689755
NOVEL_SUM_54,2,0.7777957528829574,0.7761416614055634,0.7794498443603515,0.22220424711704256,0.29894276480220616
NOVEL_SUM_56,2,0.7815166920423507,0.7813084900379181,0.7817248940467834,0.21848330795764925,0.2934831279099074
NOVEL_SUM_58,5,0.6018345856666565,0.5887030947208405,0.6155179786682128,0.3981654143333435,0.5571259919374524
NOVEL_SUM_59,7,0.6173943102359771,0.5727950905050551,0.6426944766725813,0.38260568976402287,0.5342956142683583
NOVEL_SUM_6,1,0.8993694186210632,0.8993694186210632,0.8993694186210632,0.10063058137893677,0.1205608987832015
NOVEL_SUM_60,11,0.5730883489955555,0.5482545543800701,0.6190240491520275,0.4269116510044445,0.5993045945754716
NOVEL_SUM_61,10,0.6008950251340867,0.5596119248867035,0.6177111649513245,0.39910497486591334,0.5585045845793709
NOVEL_SUM_64,2,0.7382333844900131,0.7041766166687011,0.772290152311325,0.2617666155099869,0.3569915951571891
NOVEL_SUM_66,6,0.6340728054443995,0.5900863448778788,0.6501762847105662,0.3659271945556005,0.5098236936463671
NOVEL_SUM_68,7,0.6296150573662349,0.5698685322489058,0.6448501144136701,0.3703849426337651,0.516364431030552
NOVEL_SUM_69,3,0.6891582866509754,0.6507907648881276,0.7140198906262715,0.31084171334902455,0.4289982050956512
NOVEL_SUM_7,7,0.6212539272648947,0.580178085395268,0.6438840900148665,0.3787460727351053,0.5286324989583355
NOVEL_SUM_70,4,0.6409408867359161,0.6258384943008423,0.673860478401184,0.3590591132640839,0.49974633726073214
NOVEL_SUM_71,4,0.6608872413635254,0.6149782836437225,0.6801320910453796,0.3391127586364746,0.4704795718214589
NOVEL_SUM_72,8,0.59036073833704,0.5705071926116944,0.6404532670974732,0.40963926166296005,0.5739612685958303
NOVEL_SUM_73,1,0.9756551086902618,0.9756551086902618,0.9756551086902618,0.02434489130973816,0.008628897206433686
NOVEL_SUM_75,4,0.6698846846818924,0.6363581538200378,0.682775193452835,0.33011531531810756,0.45727785812148714
NOVEL_SUM_76,2,0.778879714012146,0.7777497708797454,0.7800096571445465,0.22112028598785405,0.2973522969344917
NOVEL_SUM_8,2,0.7706440627574921,0.7639257729053497,0.7773623526096345,0.2293559372425079,0.3094362530261969
NOVEL_SUM_W4285744692,210,0.29999999999999993,0.3,0.3,0.7000000000000001,0.9999999999999999
NOVEL_SUM_W4309674289,99,0.29999999999999993,0.3,0.3,0.7000000000000001,0.9999999999999999
NOVEL_SUM_W4319831789,42,0.30000000000000004,0.3,0.3,0.7,0.9999999999999997
NOVEL_SUM_W4381587418,138,0.3,0.3,0.3,0.7,0.9999999999999997
NOVEL_SUM_W4384937545,379,0.29999999999999993,0.3,0.3,0.7000000000000001,0.9999999999999999
NOVEL_SUM_W4385027818,59,0.30000000000000004,0.3,0.3,0.7,0.9999999999999997
NOVEL_SUM_W4386120650,23,0.29999999999999993,0.3,0.3,0.7000000000000001,0.9999999999999999
NOVEL_SUM_W4388522045,14,0.29999999999999993,0.3,0.3,0.7000000000000001,0.9999999999999999
NOVEL_SUM_W4389519254,35,0.30000000000000004,0.3,0.3,0.7,0.9999999999999997
NOVEL_SUM_W4392044798,27,0.3,0.3,0.3,0.7,0.9999999999999997
NOVEL_SUM_W4392193048,77,0.30000000000000004,0.3,0.3,0.7,0.9999999999999997
NOVEL_SUM_W4402061574,52,0.30000000000000004,0.3,0.3,0.7,0.9999999999999997
