paper_id,n_triples,mean_dist,min_dist,max_dist,std_dist,pct_unseen_entity,pct_unseen_pred,transe_unexpectedness
NOVEL_DIA_0,99,2.223738,1.4809476,2.7374272,0.47562945,0.0,0.0,0.71006274
NOVEL_DIA_1,132,2.0680594,1.4007527,2.7693346,0.4844812,0.0,0.0,0.55335355
NOVEL_DIA_10,134,2.0908988,1.456547,2.808419,0.45215067,0.0,0.0,0.5763441
NOVEL_DIA_11,67,2.0835743,1.434995,2.7341034,0.44765827,0.0,0.0,0.5689711
NOVEL_DIA_12,132,2.051442,1.4442235,2.70996,0.47017616,0.0,0.0,0.536626
NOVEL_DIA_13,58,1.962354,1.4238869,2.7712922,0.47084835,0.0,0.0,0.44694823
NOVEL_DIA_14,72,2.0299988,1.4644088,2.7506106,0.48239943,0.0,0.0,0.51504093
NOVEL_DIA_16,74,2.1327293,1.4496813,2.7919874,0.4893351,0.0,0.0,0.61845154
NOVEL_DIA_17,149,2.1085443,1.4130012,2.8271835,0.49725738,0.0,0.0,0.5941065
NOVEL_DIA_18,158,2.0357723,1.3492754,2.85335,0.4580242,0.0,0.0,0.5208527
NOVEL_DIA_2,94,2.0214436,1.5104892,2.8808777,0.4784464,0.0,0.0,0.5064291
NOVEL_DIA_20,79,2.2606556,1.4724188,2.8959963,0.4453283,0.0,0.0,0.7472248
NOVEL_DIA_21,47,2.271885,1.4984769,2.654482,0.4164597,0.0,0.0,0.7585285
NOVEL_DIA_22,35,2.225833,1.540372,2.8299007,0.39514434,0.0,0.0,0.71217155
NOVEL_DIA_23,108,2.1090589,1.413722,2.7532582,0.49251285,0.0,0.0,0.5946244
NOVEL_DIA_24,54,2.1189878,1.4892707,2.7904234,0.46361428,0.0,0.0,0.6046191
NOVEL_DIA_25,125,2.1195297,1.432429,2.827327,0.47177696,0.0,0.0,0.6051646
NOVEL_DIA_26,40,2.1887445,1.4822354,2.887386,0.4692557,0.0,0.0,0.67483765
NOVEL_DIA_28,196,2.1784353,1.4525547,2.7673938,0.46971148,0.0,0.0,0.6644602
NOVEL_DIA_29,60,2.1951928,1.4747341,2.8594627,0.47039208,0.0,0.0,0.6813286
NOVEL_DIA_3,206,2.067686,1.4339361,2.8206296,0.4918597,0.0,0.0,0.55297774
NOVEL_DIA_30,84,2.0653026,1.5064243,2.7003822,0.48336217,0.0,0.0,0.5505785
NOVEL_DIA_31,194,2.0890527,1.3537844,2.7304223,0.45826057,0.0,0.0,0.5744858
NOVEL_DIA_33,37,2.2190766,1.5241907,2.6976683,0.45823532,0.0,0.0,0.70537055
NOVEL_DIA_34,172,2.1643534,1.4207841,2.850696,0.462826,0.0,0.0,0.650285
NOVEL_DIA_35,25,2.1773667,1.4760089,2.6732974,0.4476535,0.0,0.0,0.6633845
NOVEL_DIA_37,211,2.2235136,1.4205141,2.8086836,0.4686416,0.0,0.0,0.7098369
NOVEL_DIA_39,100,1.9899652,1.3655978,2.8585503,0.47181153,0.0,0.0,0.4747423
NOVEL_DIA_4,206,2.1866047,1.4537172,2.85376,0.45695096,0.0,0.0,0.67268366
NOVEL_DIA_40,29,1.7968518,1.4773909,2.6388443,0.39297315,0.0,0.0,0.28035036
NOVEL_DIA_41,152,2.1671953,1.4727666,2.823424,0.47557476,0.0,0.0,0.65314573
NOVEL_DIA_42,156,2.0829756,1.4433079,2.7398589,0.4667914,0.0,0.0,0.5683685
NOVEL_DIA_43,25,2.1830077,1.4491725,2.642538,0.4845452,0.0,0.0,0.66906285
NOVEL_DIA_44,158,2.1085594,1.4579551,2.9671478,0.48617032,0.0,0.0,0.59412163
NOVEL_DIA_45,207,2.2461398,1.2726692,2.7462883,0.45125455,0.0,0.0,0.73261285
NOVEL_DIA_47,124,2.0758696,1.3917445,2.7734585,0.47238547,0.0,0.0,0.5612154
NOVEL_DIA_49,16,2.5117683,1.554746,2.6337967,0.26031,0.0,0.0,1.0
NOVEL_DIA_5,103,2.1399944,1.474432,2.6955795,0.45890474,0.0,0.0,0.6257647
NOVEL_DIA_50,206,2.1114202,1.2888637,2.8281388,0.4529371,0.0,0.0,0.5970013
NOVEL_DIA_51,122,2.2079723,1.4674172,2.8015552,0.4490109,0.0,0.0,0.6941927
NOVEL_DIA_52,48,2.2930596,1.486746,2.7991605,0.4543763,0.0,0.0,0.7798433
NOVEL_DIA_53,134,2.1592948,1.5086386,2.803771,0.45047125,0.0,0.0,0.645193
NOVEL_DIA_54,183,2.1423037,1.447274,2.9726937,0.4861694,0.0,0.0,0.62808937
NOVEL_DIA_55,93,2.2874248,1.3199514,2.7550435,0.4514507,0.0,0.0,0.77417123
NOVEL_DIA_56,25,2.0840163,1.5182308,2.6816616,0.51514477,0.0,0.0,0.5694161
NOVEL_DIA_59,160,2.0613081,1.4532158,2.9009733,0.48130935,0.0,0.0,0.54655755
NOVEL_DIA_6,166,2.1433382,1.4116497,2.8724105,0.47183764,0.0,0.0,0.6291307
NOVEL_DIA_63,118,2.041571,1.4849725,2.8202822,0.466519,0.0,0.0,0.52668965
NOVEL_DIA_65,171,2.1300514,1.436384,2.810806,0.4894852,0.0,0.0,0.6157559
NOVEL_DIA_66,196,1.9858224,1.4265379,2.7295067,0.46629286,0.0,0.0,0.4705721
NOVEL_DIA_67,131,2.152334,1.4493951,2.752295,0.50084394,0.0,0.0,0.63818604
NOVEL_DIA_68,154,2.1611416,1.4022609,2.7750854,0.4704733,0.0,0.0,0.647052
NOVEL_DIA_69,89,2.1898212,1.4819086,2.7244966,0.47492516,0.0,0.0,0.6759215
NOVEL_DIA_70,99,2.239502,1.4966292,2.8171864,0.48394555,0.0,0.0,0.7259311
NOVEL_DIA_71,130,2.0560317,1.466697,2.7109084,0.45398384,0.0,0.0,0.5412462
NOVEL_DIA_8,163,2.0981777,1.408031,2.8744502,0.47605604,0.0,0.0,0.58367115
NOVEL_DIA_W3205786327,1549,1.9894309,1.2913405,2.7420292,0.33558318,0.0,0.0,0.47420445
NOVEL_DIA_W4284991798,358,1.8765709,1.3316698,2.6367767,0.29314145,0.0,0.0,0.3605973
NOVEL_DIA_W4308947461,209,1.7342199,1.3919282,2.3438687,0.20479982,0.0,0.0,0.21730386
NOVEL_DIA_W4312212221,87,1.8994102,1.293421,2.6039097,0.37317982,0.0,0.0,0.38358784
NOVEL_DIA_W4313479734,27,1.7949127,1.285815,2.38769,0.34797817,0.0,0.0,0.27839845
NOVEL_DIA_W4315797044,72,1.8210068,1.353396,2.6766927,0.33764094,0.0,0.0,0.3046653
NOVEL_DIA_W4317435136,43,1.9649237,1.391555,2.6820638,0.34627566,0.0,0.0,0.44953504
NOVEL_DIA_W4317853296,20,1.8178746,1.4003416,2.212063,0.2797489,0.0,0.0,0.30151233
NOVEL_DIA_W4319350602,52,1.5804517,1.4284977,1.9932414,0.13968192,0.0,0.0,0.062517665
NOVEL_DIA_W4319460874,169,1.5853285,1.3183529,2.2500167,0.14635247,0.0,0.0,0.06742668
NOVEL_DIA_W4319662928,197,1.6074406,1.3165762,2.5070264,0.16043547,0.0,0.0,0.0896852
NOVEL_DIA_W4319663047,47,2.009768,1.3768623,2.6357665,0.36912015,0.0,0.0,0.4946762
NOVEL_DIA_W4320495408,77,1.7897682,1.3627313,2.3398356,0.2788018,0.0,0.0,0.2732199
NOVEL_DIA_W4321351832,63,1.914285,1.348295,2.6211529,0.36738634,0.0,0.0,0.398561
NOVEL_DIA_W4321499901,222,1.8880403,1.3263541,2.7150335,0.34029737,0.0,0.0,0.3721426
NOVEL_DIA_W4321504196,34,1.9254586,1.3445015,2.5892518,0.3606947,0.0,0.0,0.40980858
NOVEL_DIA_W4321748146,177,1.9031638,1.3335384,2.4947293,0.32511565,0.0,0.0,0.38736624
NOVEL_DIA_W4322631505,65,1.7931646,1.3029099,2.5326242,0.33209237,0.0,0.0,0.2766388
NOVEL_DIA_W4322761615,251,1.8935779,1.3096527,2.8379922,0.33827725,0.0,0.0,0.3777169
NOVEL_DIA_W4323050332,104,1.547247,1.349802,1.8644441,0.105676614,0.0,0.0,0.029093158
NOVEL_DIA_W4323313947,301,1.6831613,1.3018209,2.4511318,0.19479704,0.0,0.0,0.16590717
NOVEL_DIA_W4323359867,117,1.6230137,1.3595725,1.9577073,0.13500251,0.0,0.0,0.10536145
NOVEL_DIA_W4323568782,107,1.8930199,1.3416648,2.5863016,0.34103662,0.0,0.0,0.37715518
NOVEL_DIA_W4323655724,189,1.8274772,1.2398787,2.5755668,0.33265346,0.0,0.0,0.31117857
NOVEL_DIA_W4323848232,156,1.7958724,1.3460132,2.4929354,0.29407516,0.0,0.0,0.27936456
NOVEL_DIA_W4327672398,2036,1.6442837,1.3781849,2.4407072,0.14627297,0.0,0.0,0.12677218
NOVEL_DIA_W4353016766,208,1.7065684,1.1635724,2.358557,0.19564986,0.0,0.0,0.18946925
NOVEL_DIA_W4360980141,202,1.5792117,1.1911741,2.6385734,0.17231977,0.0,0.0,0.061269436
NOVEL_DIA_W4360980513,154,1.5494086,1.3251026,2.051903,0.13889131,0.0,0.0,0.03126897
NOVEL_DIA_W4361282369,172,1.8608998,1.3337097,2.4463348,0.28678647,0.0,0.0,0.34482244
NOVEL_DIA_W4362581834,181,1.5836588,1.3805555,2.3551443,0.14832161,0.0,0.0,0.06574598
NOVEL_DIA_W4364363895,92,1.818305,1.3355649,2.5062108,0.31670925,0.0,0.0,0.30194566
NOVEL_DIA_W4366703942,367,1.6133436,1.3165652,2.1454089,0.13637775,0.0,0.0,0.09562729
NOVEL_DIA_W4366989525,140,1.8155824,1.2938937,2.6037862,0.34335166,0.0,0.0,0.299205
NOVEL_DIA_W4367051110,107,1.6373918,1.3748176,2.2837243,0.17734547,0.0,0.0,0.119834706
NOVEL_DIA_W4368367885,85,1.8088447,1.3464341,2.4575121,0.3270655,0.0,0.0,0.29242268
NOVEL_DIA_W4376626501,307,1.686822,1.3594625,2.283105,0.19739734,0.0,0.0,0.16959222
NOVEL_DIA_W4376872703,246,1.9208974,1.3187625,2.6337125,0.33229128,0.0,0.0,0.4052172
NOVEL_DIA_W4377010595,149,1.8456367,1.3285291,2.5611777,0.33996212,0.0,0.0,0.3294583
NOVEL_DIA_W4377041488,89,1.7738979,1.3047323,2.575742,0.35808322,0.0,0.0,0.25724453
NOVEL_DIA_W4378214315,207,1.9097867,1.3206228,2.6498725,0.37089595,0.0,0.0,0.39403298
NOVEL_DIA_W4378470708,197,1.6754434,1.2152375,2.559906,0.21226197,0.0,0.0,0.15813823
NOVEL_DIA_W4379010216,208,1.55193,1.3239335,2.184406,0.13596039,0.0,0.0,0.033807058
NOVEL_DIA_W4379054888,217,1.6312118,1.3118602,2.4775121,0.17032143,0.0,0.0,0.11361375
NOVEL_DIA_W4379416244,103,1.9413342,1.3975643,2.6102488,0.31435704,0.0,0.0,0.4257894
NOVEL_DIA_W4380685958,69,1.8647826,1.3757765,2.680958,0.32573327,0.0,0.0,0.3487309
NOVEL_DIA_W4380995257,97,1.7129823,1.3740603,2.1591685,0.21350472,0.0,0.0,0.19592564
NOVEL_DIA_W4380997513,119,1.9453328,1.3203758,2.6922626,0.36914504,0.0,0.0,0.42981437
NOVEL_DIA_W4381930847,81,1.6762458,1.3547258,2.317412,0.21484025,0.0,0.0,0.15894595
NOVEL_DIA_W4384200891,151,1.8703197,1.3083388,2.673827,0.3445037,0.0,0.0,0.3543047
NOVEL_DIA_W4385242971,153,1.9126681,1.3052518,2.5338292,0.33521602,0.0,0.0,0.39693347
NOVEL_DIA_W4385346108,222,1.9392434,1.3326663,2.6333613,0.32893175,0.0,0.0,0.42368472
NOVEL_DIA_W4386045865,172,1.6627914,1.4051397,2.129176,0.13974312,0.0,0.0,0.14540243
NOVEL_DIA_W4386072877,119,1.8426541,1.3810487,2.6823146,0.33794478,0.0,0.0,0.32645595
NOVEL_DIA_W4386091044,251,1.859561,1.2637327,2.6449916,0.34884876,0.0,0.0,0.34347472
NOVEL_DIA_W4386317922,160,1.5546916,1.3069639,2.2814193,0.16117233,0.0,0.0,0.036586944
NOVEL_DIA_W4386347795,8,1.8911037,1.2990102,2.5772421,0.39672583,0.0,0.0,0.37522632
NOVEL_DIA_W4386544117,316,1.8762101,1.3075886,3.033951,0.3330617,0.0,0.0,0.36023408
NOVEL_DIA_W4386867830,89,1.6674798,1.3174683,2.4078302,0.20910381,0.0,0.0,0.15012185
NOVEL_DIA_W4387232979,104,1.8246435,1.3284892,2.6794724,0.36006573,0.0,0.0,0.3083261
NOVEL_DIA_W4387356888,174,1.5723175,1.2957073,2.3290164,0.18060054,0.0,0.0,0.054329563
NOVEL_DIA_W4387500346,163,1.8676713,1.3594103,2.76965,0.34573153,0.0,0.0,0.3516387
NOVEL_DIA_W4387954002,262,1.7009305,1.3828831,2.4409893,0.19309027,0.0,0.0,0.18379404
NOVEL_DIA_W4388095513,228,1.8371193,1.2841628,2.6221354,0.33155295,0.0,0.0,0.32088453
NOVEL_DIA_W4388701278,209,1.8903049,1.3258944,2.6726327,0.3401968,0.0,0.0,0.37442222
NOVEL_DIA_W4389203481,252,1.720734,1.3455738,2.5667207,0.22747543,0.0,0.0,0.20372866
NOVEL_DIA_W4389519254,140,1.6793332,1.3489726,2.6273298,0.18184836,0.0,0.0,0.16205378
NOVEL_DIA_W4389523957,589,1.5431057,1.29623,2.1577277,0.13170084,0.0,0.0,0.02492441
NOVEL_DIA_W4389793309,446,1.7019967,1.3562796,2.8517933,0.20923243,0.0,0.0,0.18486731
NOVEL_DIA_W4389934892,231,1.9021424,1.3495337,2.7930076,0.34164238,0.0,0.0,0.38633808
NOVEL_DIA_W4392669753,638,1.5183452,1.3184168,2.383158,0.12742518,0.0,0.0,0.0
NOVEL_DIA_W4399790131,420,1.8745666,1.2764162,2.7126317,0.36044708,0.0,0.0,0.35857967
NOVEL_MT_0,73,2.0777168,1.4633083,2.7524748,0.4732345,0.0,0.0,0.5630749
NOVEL_MT_10,120,2.0531433,1.4261234,2.7658083,0.45074627,0.0,0.0,0.5383386
NOVEL_MT_101,21,2.1568067,1.4710894,2.6650336,0.4669267,0.0,0.0,0.6426884
NOVEL_MT_104,158,2.0590277,1.4501104,2.7082229,0.46748623,0.0,0.0,0.544262
NOVEL_MT_105,40,2.0782938,1.5005189,2.692111,0.44535175,0.0,0.0,0.5636557
NOVEL_MT_107,111,2.1475213,1.4576323,2.8294547,0.4566481,0.0,0.0,0.63334143
NOVEL_MT_108,156,1.9920901,1.494783,2.6693711,0.45967996,0.0,0.0,0.47688127
NOVEL_MT_109,23,2.060281,1.5005977,2.6813118,0.4645817,0.0,0.0,0.54552364
NOVEL_MT_11,164,2.011525,1.3537811,2.7489622,0.43572697,0.0,0.0,0.49644473
NOVEL_MT_110,123,2.0919547,1.3934342,2.8809948,0.4990192,0.0,0.0,0.577407
NOVEL_MT_112,126,2.1981702,1.4765682,2.7169201,0.41796452,0.0,0.0,0.6843257
NOVEL_MT_113,157,2.1332228,1.4819291,2.7002873,0.46751013,0.0,0.0,0.61894834
NOVEL_MT_115,117,2.0800247,1.4811782,2.734017,0.45959356,0.0,0.0,0.56539804
NOVEL_MT_116,186,1.957394,1.4374927,2.7260313,0.4511478,0.0,0.0,0.44195545
NOVEL_MT_117,238,2.165643,1.4549105,2.7734718,0.46883363,0.0,0.0,0.65158314
NOVEL_MT_118,111,2.1495197,1.4934967,2.7948687,0.45911273,0.0,0.0,0.6353531
NOVEL_MT_120,194,2.0211997,1.4159783,2.7178168,0.47723982,0.0,0.0,0.50618356
NOVEL_MT_121,81,2.0162911,1.4344193,2.7150776,0.48514137,0.0,0.0,0.5012425
NOVEL_MT_122,235,2.136654,1.4576151,2.830161,0.49761492,0.0,0.0,0.62240213
NOVEL_MT_124,65,2.0978267,1.411203,2.6616907,0.4682709,0.0,0.0,0.5833179
NOVEL_MT_125,150,2.0323846,1.4506898,2.8892622,0.46201017,0.0,0.0,0.5174426
NOVEL_MT_127,94,2.008576,1.4931251,2.7741766,0.478583,0.0,0.0,0.4934762
NOVEL_MT_128,110,2.2084856,1.4703813,2.7904696,0.43426135,0.0,0.0,0.6947094
NOVEL_MT_130,92,2.0925336,1.4621438,2.6831355,0.46844283,0.0,0.0,0.57798976
NOVEL_MT_132,228,2.1709833,1.5123527,2.7609878,0.46237588,0.0,0.0,0.6569588
NOVEL_MT_133,149,2.0507514,1.4420602,2.811497,0.5011616,0.0,0.0,0.535931
NOVEL_MT_137,98,2.0871382,1.466546,2.7044008,0.46744472,0.0,0.0,0.5725586
NOVEL_MT_139,190,2.052594,1.4420573,2.8121147,0.47745633,0.0,0.0,0.53778565
NOVEL_MT_140,172,2.1888824,1.3653555,2.9893007,0.4714936,0.0,0.0,0.67497635
NOVEL_MT_141,185,2.008481,1.4084811,2.8015893,0.4781573,0.0,0.0,0.4933807
NOVEL_MT_144,232,2.0719488,1.4217869,2.7617974,0.4530169,0.0,0.0,0.5572686
NOVEL_MT_148,200,2.1276002,1.4769785,2.7405632,0.4885613,0.0,0.0,0.61328846
NOVEL_MT_15,66,2.2707138,1.4754113,2.7484784,0.42800745,0.0,0.0,0.75734955
NOVEL_MT_150,174,2.0661783,1.444428,2.767319,0.47784466,0.0,0.0,0.55145997
NOVEL_MT_153,183,1.9497108,1.456635,2.8179438,0.46656376,0.0,0.0,0.43422145
NOVEL_MT_154,146,2.1565115,1.4459254,2.7744815,0.49161994,0.0,0.0,0.64239126
NOVEL_MT_155,40,1.9630725,1.4648817,2.6302168,0.462954,0.0,0.0,0.4476716
NOVEL_MT_156,127,2.1503806,1.3402108,2.9225366,0.48134682,0.0,0.0,0.63621974
NOVEL_MT_16,99,2.2003493,1.4493921,2.8136635,0.48419386,0.0,0.0,0.68651927
NOVEL_MT_161,27,1.9342405,1.4468727,2.724091,0.4331314,0.0,0.0,0.41864863
NOVEL_MT_163,194,1.9767973,1.4416542,2.7120268,0.44401354,0.0,0.0,0.46148726
NOVEL_MT_165,109,2.1015518,1.3890258,2.7757196,0.48080382,0.0,0.0,0.5870676
NOVEL_MT_167,204,2.137013,1.4319135,2.8314083,0.45795152,0.0,0.0,0.6227636
NOVEL_MT_168,155,2.219326,1.4612236,2.8177598,0.4721287,0.0,0.0,0.7056216
NOVEL_MT_17,246,2.1875896,1.4236662,2.8322616,0.48411,0.0,0.0,0.6736751
NOVEL_MT_172,207,2.0698211,1.4161175,2.7983747,0.47565508,0.0,0.0,0.5551269
NOVEL_MT_174,68,2.0580225,1.4797958,2.689909,0.48302555,0.0,0.0,0.54325014
NOVEL_MT_177,92,2.2256773,1.3851303,2.7514286,0.46659824,0.0,0.0,0.71201485
NOVEL_MT_179,96,2.0830646,1.4527544,2.8090167,0.5122798,0.0,0.0,0.568458
NOVEL_MT_180,164,2.0882163,1.4505146,2.721711,0.46183762,0.0,0.0,0.57364386
NOVEL_MT_181,35,2.256153,1.4841617,2.8012238,0.46781474,0.0,0.0,0.7426925
NOVEL_MT_182,105,2.2088857,1.4724748,2.695657,0.44307843,0.0,0.0,0.6951121
NOVEL_MT_183,4,2.471696,2.2478037,2.5935342,0.15317872,0.0,0.0,0.95966226
NOVEL_MT_185,218,2.0152407,1.4392997,2.8363712,0.46327013,0.0,0.0,0.5001851
NOVEL_MT_186,135,2.0620174,1.4886303,2.8988178,0.4697206,0.0,0.0,0.54727155
NOVEL_MT_187,78,2.1333263,1.4807394,2.6676874,0.48934683,0.0,0.0,0.61905247
NOVEL_MT_188,76,2.128749,1.4941213,2.703026,0.4696391,0.0,0.0,0.6144448
NOVEL_MT_189,56,1.98205,1.4574976,2.6394775,0.47535127,0.0,0.0,0.46677464
NOVEL_MT_19,138,1.9945549,1.4525151,2.7506568,0.4802563,0.0,0.0,0.47936237
NOVEL_MT_190,83,2.0957177,1.4764103,2.7975962,0.4692048,0.0,0.0,0.5811949
NOVEL_MT_192,50,2.0550494,1.4955822,2.745336,0.5050365,0.0,0.0,0.5402574
NOVEL_MT_193,41,2.0826077,1.4776038,2.685603,0.48288444,0.0,0.0,0.5679982
NOVEL_MT_198,228,2.1054914,1.4608041,2.8635106,0.4695288,0.0,0.0,0.59103334
NOVEL_MT_2,132,2.0625877,1.430577,2.7722669,0.48393092,0.0,0.0,0.5478456
NOVEL_MT_202,117,2.1211193,1.3512427,2.740372,0.47249958,0.0,0.0,0.6067647
NOVEL_MT_205,137,2.0854564,1.5041159,2.7270458,0.4519225,0.0,0.0,0.57086563
NOVEL_MT_207,102,2.195776,1.5300453,2.784322,0.48414826,0.0,0.0,0.68191564
NOVEL_MT_208,274,2.0276794,1.4544874,2.7767696,0.45008025,0.0,0.0,0.5127062
NOVEL_MT_209,151,2.0052629,1.4054285,2.7233644,0.46569434,0.0,0.0,0.4901412
NOVEL_MT_21,25,2.2012813,1.4723841,2.7034461,0.47395334,0.0,0.0,0.6874574
NOVEL_MT_210,230,1.9738958,1.2222276,2.8914206,0.46316254,0.0,0.0,0.4585665
NOVEL_MT_213,128,2.0998085,1.5148196,2.8345006,0.47711673,0.0,0.0,0.5853128
NOVEL_MT_214,24,2.1943545,1.4806013,2.7826686,0.5183933,0.0,0.0,0.6804848
NOVEL_MT_215,165,2.0231314,1.3775065,2.7382164,0.47627315,0.0,0.0,0.50812805
NOVEL_MT_218,131,2.1139193,1.4461317,2.7401183,0.47090587,0.0,0.0,0.599517
NOVEL_MT_219,155,2.0289555,1.4188812,2.88929,0.46779165,0.0,0.0,0.5139907
NOVEL_MT_221,167,2.0872424,1.4303023,2.8129938,0.48772877,0.0,0.0,0.5726635
NOVEL_MT_224,134,2.01783,1.4105462,2.6903083,0.47768342,0.0,0.0,0.50279146
NOVEL_MT_227,169,2.0742452,1.3486302,2.8552089,0.49350068,0.0,0.0,0.55958027
NOVEL_MT_228,166,2.140721,1.4693427,2.8458486,0.4588764,0.0,0.0,0.62649626
NOVEL_MT_23,222,2.0964463,1.4382442,2.8317435,0.47315416,0.0,0.0,0.5819283
NOVEL_MT_230,190,2.115233,1.3730978,2.8245072,0.49093106,0.0,0.0,0.6008394
NOVEL_MT_234,75,2.3254235,1.4344826,2.7589533,0.42325318,0.0,0.0,0.81242144
NOVEL_MT_235,47,2.1881914,1.4604123,2.8226228,0.4966974,0.0,0.0,0.6742808
NOVEL_MT_236,154,2.0497122,1.4759344,2.7549806,0.47766548,0.0,0.0,0.5348848
NOVEL_MT_238,126,2.0025644,1.5085834,2.815017,0.46972808,0.0,0.0,0.48742494
NOVEL_MT_24,85,2.0508814,1.4720219,2.743597,0.40245965,0.0,0.0,0.53606176
NOVEL_MT_243,153,1.9924005,1.473332,2.7713935,0.4705914,0.0,0.0,0.47719374
NOVEL_MT_244,117,2.0658517,1.4709164,2.6906922,0.45978254,0.0,0.0,0.5511312
NOVEL_MT_245,95,2.002899,1.2738589,2.8006942,0.45802876,0.0,0.0,0.48776165
NOVEL_MT_246,75,1.8608162,1.4652233,2.777984,0.40539226,0.0,0.0,0.3447383
NOVEL_MT_247,165,2.008853,1.4377716,2.7363422,0.45227173,0.0,0.0,0.4937551
NOVEL_MT_25,141,2.0448873,1.465218,2.730186,0.46109977,0.0,0.0,0.530028
NOVEL_MT_250,151,1.9992121,1.4582492,2.7958782,0.43796974,0.0,0.0,0.48405045
NOVEL_MT_252,175,2.1325788,1.4737741,2.7716768,0.4771164,0.0,0.0,0.6183001
NOVEL_MT_253,60,2.0306973,1.516384,2.7011795,0.47317922,0.0,0.0,0.5157441
NOVEL_MT_254,240,2.1999884,1.403844,2.8498428,0.478243,0.0,0.0,0.6861559
NOVEL_MT_255,62,1.9875557,1.4533776,2.7483199,0.47509888,0.0,0.0,0.4723169
NOVEL_MT_256,208,2.0301223,1.4443994,2.8231397,0.48083636,0.0,0.0,0.5151652
NOVEL_MT_257,100,2.1452765,1.3776909,2.70721,0.46589085,0.0,0.0,0.6310819
NOVEL_MT_258,122,2.1565826,1.4809481,2.8600287,0.46525267,0.0,0.0,0.6424628
NOVEL_MT_259,153,2.071828,1.4064589,2.7879224,0.46958348,0.0,0.0,0.55714697
NOVEL_MT_26,135,1.9730073,1.399687,2.7552223,0.4633393,0.0,0.0,0.45767215
NOVEL_MT_261,93,1.9788667,1.4676092,2.7377303,0.4768637,0.0,0.0,0.46357033
NOVEL_MT_262,70,2.1380186,1.5725349,2.8552423,0.47193417,0.0,0.0,0.6237759
NOVEL_MT_264,284,2.150605,1.445413,2.8536868,0.48134592,0.0,0.0,0.6364456
NOVEL_MT_265,49,2.1380322,1.5168153,2.6922786,0.4585849,0.0,0.0,0.62378955
NOVEL_MT_266,74,1.9494765,1.45072,2.6430545,0.45798165,0.0,0.0,0.43398553
NOVEL_MT_267,60,2.153544,1.4798129,2.8178823,0.45209137,0.0,0.0,0.639404
NOVEL_MT_268,43,2.2602038,1.495166,2.746897,0.42836526,0.0,0.0,0.74677
NOVEL_MT_269,225,2.0938356,1.311999,2.6733787,0.48102614,0.0,0.0,0.57930034
NOVEL_MT_270,63,2.0050886,1.5017624,2.768177,0.49887487,0.0,0.0,0.4899658
NOVEL_MT_271,312,1.9761499,1.4320929,2.781725,0.46922866,0.0,0.0,0.46083555
NOVEL_MT_274,227,2.0854163,1.337154,2.8531888,0.46177202,0.0,0.0,0.57082534
NOVEL_MT_275,236,2.2483256,1.4391518,2.7679324,0.4532187,0.0,0.0,0.73481315
NOVEL_MT_277,159,2.0601268,1.4987246,2.6883397,0.4662432,0.0,0.0,0.5453684
NOVEL_MT_280,56,2.0829976,1.4881986,2.786903,0.48736784,0.0,0.0,0.56839055
NOVEL_MT_281,32,2.0596752,1.5479407,2.6290317,0.44087663,0.0,0.0,0.5449138
NOVEL_MT_282,67,2.054185,1.4225254,2.8111029,0.48059344,0.0,0.0,0.53938717
NOVEL_MT_283,90,2.0405145,1.382508,2.6727598,0.47065026,0.0,0.0,0.52562624
NOVEL_MT_284,209,2.0586226,1.4450481,2.785942,0.45898446,0.0,0.0,0.54385424
NOVEL_MT_286,116,2.0621293,1.4805797,2.8961523,0.46816108,0.0,0.0,0.5473841
NOVEL_MT_287,91,1.997231,1.4483347,2.7334354,0.46628436,0.0,0.0,0.4820562
NOVEL_MT_289,114,2.0591905,1.4335002,2.7147167,0.48316258,0.0,0.0,0.5444259
NOVEL_MT_29,95,2.1347535,1.4692001,2.7563512,0.4628406,0.0,0.0,0.6204891
NOVEL_MT_290,57,2.1105394,1.4733578,2.6907187,0.48964512,0.0,0.0,0.59611475
NOVEL_MT_291,132,1.9105728,1.4745892,2.8148365,0.46072716,0.0,0.0,0.39482424
NOVEL_MT_295,146,2.0606205,1.4577277,2.7728415,0.5031935,0.0,0.0,0.5458654
NOVEL_MT_298,25,2.010997,1.4030572,2.63553,0.43238425,0.0,0.0,0.4959134
NOVEL_MT_300,181,2.0501108,1.4306208,2.8476193,0.4840044,0.0,0.0,0.5352861
NOVEL_MT_301,61,2.2217884,1.438241,2.8700848,0.4719305,0.0,0.0,0.70810026
NOVEL_MT_303,147,2.1205964,1.4937599,2.7627947,0.4723172,0.0,0.0,0.60623837
NOVEL_MT_304,171,2.0758874,1.4771388,2.8382626,0.48894727,0.0,0.0,0.5612334
NOVEL_MT_305,98,2.2069485,1.4985188,2.9346378,0.44341564,0.0,0.0,0.69316214
NOVEL_MT_306,89,2.0984256,1.422641,2.6847117,0.47189328,0.0,0.0,0.5839208
NOVEL_MT_31,269,2.0883286,1.4032102,2.7952669,0.477814,0.0,0.0,0.5737569
NOVEL_MT_35,48,2.0840242,1.5425665,2.7180188,0.4201349,0.0,0.0,0.569424
NOVEL_MT_37,158,2.1066122,1.4950058,2.9121504,0.4926569,0.0,0.0,0.59216154
NOVEL_MT_39,142,1.9987363,1.323907,2.8088746,0.46392736,0.0,0.0,0.4835714
NOVEL_MT_4,30,2.2499545,1.5105871,2.6963663,0.43075076,0.0,0.0,0.7364528
NOVEL_MT_40,80,2.0773952,1.489096,2.856089,0.49129048,0.0,0.0,0.5627511
NOVEL_MT_42,128,2.1053443,1.4002311,2.679432,0.45923385,0.0,0.0,0.5908852
NOVEL_MT_45,40,2.0900116,1.4711598,2.6838737,0.4625733,0.0,0.0,0.575451
NOVEL_MT_47,97,2.1412537,1.47817,2.798578,0.48736003,0.0,0.0,0.6270324
NOVEL_MT_49,134,2.0330384,1.4113613,2.7301016,0.4785585,0.0,0.0,0.5181006
NOVEL_MT_5,136,1.9192355,1.4586874,2.7527523,0.4752161,0.0,0.0,0.4035443
NOVEL_MT_52,126,2.0568097,1.4413532,2.720709,0.46013027,0.0,0.0,0.5420293
NOVEL_MT_53,149,2.0807552,1.4866581,2.740416,0.47760156,0.0,0.0,0.5661334
NOVEL_MT_54,184,2.0759609,1.4758642,2.8530385,0.4958666,0.0,0.0,0.5613073
NOVEL_MT_60,75,2.0030608,1.4425052,2.6787665,0.47077686,0.0,0.0,0.4879246
NOVEL_MT_61,61,2.0447824,1.4459485,2.7466059,0.49993727,0.0,0.0,0.5299224
NOVEL_MT_62,119,2.1823897,1.4788334,2.791964,0.44204068,0.0,0.0,0.66844076
NOVEL_MT_63,170,1.8851007,1.4438577,2.7268455,0.4489321,0.0,0.0,0.36918357
NOVEL_MT_64,128,2.0718205,1.4534197,2.7428398,0.48647055,0.0,0.0,0.5571395
NOVEL_MT_66,177,2.0976276,1.4781079,2.82395,0.46051216,0.0,0.0,0.5831175
NOVEL_MT_67,62,2.0829172,1.5126431,2.7717848,0.48169842,0.0,0.0,0.56830966
NOVEL_MT_71,127,1.9530038,1.4249257,2.709033,0.45158708,0.0,0.0,0.43753615
NOVEL_MT_74,262,2.0693762,1.3889803,2.692543,0.46691367,0.0,0.0,0.55467904
NOVEL_MT_77,60,2.030006,1.4293765,2.6324399,0.48578674,0.0,0.0,0.5150481
NOVEL_MT_78,88,2.0824368,1.4557737,2.7281454,0.48208517,0.0,0.0,0.5678261
NOVEL_MT_81,66,2.0912912,1.4517531,2.7255487,0.48482674,0.0,0.0,0.57673913
NOVEL_MT_82,225,2.1538844,1.4520373,2.8350008,0.46258155,0.0,0.0,0.6397467
NOVEL_MT_83,84,1.9346464,1.5149422,2.802896,0.44254407,0.0,0.0,0.41905722
NOVEL_MT_86,223,2.0956419,1.4786216,2.8638227,0.4798078,0.0,0.0,0.5811186
NOVEL_MT_88,208,1.9575146,1.4548919,2.7410038,0.4334854,0.0,0.0,0.4420769
NOVEL_MT_89,120,2.0077586,1.4223799,2.8859534,0.47367406,0.0,0.0,0.49265352
NOVEL_MT_9,53,1.8923337,1.4804885,2.595977,0.41545513,0.0,0.0,0.3764645
NOVEL_MT_91,225,2.088101,1.2751368,2.7709568,0.48026484,0.0,0.0,0.5735277
NOVEL_MT_92,76,2.0800154,1.4829565,2.770766,0.4607629,0.0,0.0,0.5653887
NOVEL_MT_93,308,2.0529795,1.4577093,2.8192172,0.48385,0.0,0.0,0.53817374
NOVEL_MT_95,181,1.9826827,1.4384465,2.7810967,0.46321484,0.0,0.0,0.46741158
NOVEL_MT_96,121,1.9962922,1.3945636,2.693035,0.43633083,0.0,0.0,0.48111123
NOVEL_MT_99,50,2.111943,1.4657037,2.8094616,0.5060091,0.0,0.0,0.5975276
NOVEL_MT_W3039695075,206,1.5884094,1.3148612,2.39757,0.16481028,0.0,0.0,0.070528045
NOVEL_MT_W3163465952,195,1.6730958,1.1713874,2.2650952,0.22995684,0.0,0.0,0.1557751
NOVEL_MT_W4220897376,95,1.9687858,1.3355997,2.7224605,0.35989037,0.0,0.0,0.45342264
NOVEL_MT_W4220991830,472,1.9209884,1.2804456,2.7880983,0.31509057,0.0,0.0,0.40530887
NOVEL_MT_W4280531467,246,2.02076,1.4056641,2.6621585,0.24103926,0.0,0.0,0.505741
NOVEL_MT_W4281560571,179,1.9711816,1.2883284,2.617882,0.27501628,0.0,0.0,0.45583436
NOVEL_MT_W4282015487,190,2.029647,1.3795007,2.6944673,0.24802549,0.0,0.0,0.51468694
NOVEL_MT_W4283799942,425,1.9656991,1.3383946,2.649452,0.29300806,0.0,0.0,0.4503155
NOVEL_MT_W4292731246,150,1.8896922,1.328715,2.5920217,0.31833762,0.0,0.0,0.37380543
NOVEL_MT_W4294992918,255,1.9802862,1.3072224,2.676268,0.29096216,0.0,0.0,0.46499926
NOVEL_MT_W4310569000,166,1.9825735,1.3608359,2.7125697,0.30202308,0.0,0.0,0.46730167
NOVEL_MT_W4315642941,192,2.0580077,1.2929661,2.7068815,0.33151662,0.0,0.0,0.5432353
NOVEL_MT_W4315865958,192,1.9564675,1.2964641,2.6683853,0.31870526,0.0,0.0,0.44102284
NOVEL_MT_W4323666400,155,1.9063364,1.3006817,2.577781,0.34217092,0.0,0.0,0.39055985
NOVEL_MT_W4327811717,232,1.9592373,1.3328886,2.6751888,0.28986093,0.0,0.0,0.443811
NOVEL_MT_W4384296800,263,1.9637855,1.2889992,2.8077707,0.3042211,0.0,0.0,0.4483893
NOVEL_MT_W4385614625,373,2.0127673,1.3693117,2.8323438,0.2841163,0.0,0.0,0.49769536
NOVEL_MT_W4387230320,298,1.9979553,1.2613502,2.6733458,0.2886476,0.0,0.0,0.4827853
NOVEL_MT_W4388590203,293,2.009651,1.3009152,2.8713644,0.30373594,0.0,0.0,0.49455836
NOVEL_MT_W4392343318,460,1.9820243,1.2905421,2.7886765,0.27471533,0.0,0.0,0.46674883
NOVEL_MT_W4392757206,451,2.0195408,1.3259377,2.7981756,0.2881801,0.0,0.0,0.5045137
NOVEL_MT_W4392851477,212,1.9208345,1.3472197,2.5840023,0.31920236,0.0,0.0,0.40515396
NOVEL_MT_W4395445997,638,2.0126736,1.407256,3.2305732,0.2420198,0.0,0.0,0.49760106
NOVEL_MT_W4396936983,313,1.981452,1.2954644,3.1338036,0.30231562,0.0,0.0,0.46617272
NOVEL_MT_W4401349719,410,2.0191705,1.2193085,2.8791971,0.26776293,0.0,0.0,0.504141
NOVEL_QA_0,79,2.0267744,1.4449936,2.6436758,0.45758852,0.0,0.0,0.5117952
NOVEL_QA_1,86,2.1041932,1.4220883,2.653894,0.46919262,0.0,0.0,0.58972657
NOVEL_QA_10,120,2.1207273,1.456284,2.7333572,0.46921492,0.0,0.0,0.6063701
NOVEL_QA_12,146,2.0073216,1.3717786,2.7995605,0.47554153,0.0,0.0,0.4922136
NOVEL_QA_13,30,2.1828668,1.4536995,2.7097156,0.49064833,0.0,0.0,0.668921
NOVEL_QA_14,138,2.0679035,1.3256505,2.6866086,0.4665973,0.0,0.0,0.5531966
NOVEL_QA_15,200,2.1018593,1.4808944,2.8336735,0.47050527,0.0,0.0,0.5873772
NOVEL_QA_16,175,2.0543802,1.4612099,2.760802,0.46298134,0.0,0.0,0.53958374
NOVEL_QA_17,195,2.186541,1.3488412,2.811411,0.43796527,0.0,0.0,0.6726196
NOVEL_QA_18,38,2.1999047,1.4576586,2.7339747,0.46452183,0.0,0.0,0.6860717
NOVEL_QA_2,138,2.1071558,1.4659356,2.7694068,0.47066855,0.0,0.0,0.59270877
NOVEL_QA_21,127,2.067611,1.46302,2.7180912,0.48741135,0.0,0.0,0.5529021
NOVEL_QA_22,120,2.171064,1.4926679,2.7024543,0.43192083,0.0,0.0,0.65703994
NOVEL_QA_23,120,1.9825937,1.4193152,2.7297823,0.49562874,0.0,0.0,0.46732193
NOVEL_QA_24,93,2.0769851,1.443226,2.8468587,0.49208742,0.0,0.0,0.56233835
NOVEL_QA_25,149,2.198331,1.4342779,2.8643928,0.48536068,0.0,0.0,0.6844877
NOVEL_QA_26,35,2.0718575,1.4553707,2.6720269,0.44790894,0.0,0.0,0.5571767
NOVEL_QA_27,136,2.2277281,1.3571777,2.831414,0.4822765,0.0,0.0,0.7140793
NOVEL_QA_3,66,1.946338,1.1835499,2.8889923,0.48492435,0.0,0.0,0.4308263
NOVEL_QA_30,225,2.2238443,1.4193372,2.8624039,0.4692435,0.0,0.0,0.7101698
NOVEL_QA_32,168,2.1105294,1.3252107,2.8254008,0.45552385,0.0,0.0,0.5961047
NOVEL_QA_33,52,2.099901,1.4678755,2.7145705,0.47614545,0.0,0.0,0.5854059
NOVEL_QA_34,131,2.1443615,1.4480621,2.9192524,0.50362694,0.0,0.0,0.63016075
NOVEL_QA_35,199,2.0762193,1.4018755,2.8455884,0.48455596,0.0,0.0,0.5615674
NOVEL_QA_36,47,2.2903445,1.4922906,2.7436352,0.4142131,0.0,0.0,0.7771102
NOVEL_QA_37,229,2.1778219,1.4863089,2.9903636,0.4710401,0.0,0.0,0.6638427
NOVEL_QA_38,84,2.1382878,1.4749951,2.6956646,0.47663522,0.0,0.0,0.62404686
NOVEL_QA_39,69,2.065048,1.4289743,2.6457703,0.4426102,0.0,0.0,0.5503222
NOVEL_QA_4,130,2.1888933,1.4989821,2.8599236,0.4491505,0.0,0.0,0.6749874
NOVEL_QA_40,208,2.1360495,1.4523017,2.7026525,0.4700582,0.0,0.0,0.62179375
NOVEL_QA_43,63,2.2080913,1.5158812,2.7095404,0.45723537,0.0,0.0,0.69431245
NOVEL_QA_44,119,2.191972,1.4845012,2.742386,0.44592226,0.0,0.0,0.67808646
NOVEL_QA_45,160,2.035523,1.4524453,2.6872492,0.4431791,0.0,0.0,0.52060163
NOVEL_QA_46,147,2.1989534,1.4265795,2.7867444,0.45398122,0.0,0.0,0.6851141
NOVEL_QA_47,106,2.0498571,1.4728106,2.723351,0.4602126,0.0,0.0,0.5350307
NOVEL_QA_48,155,2.10946,1.4102728,2.8558388,0.48311183,0.0,0.0,0.59502834
NOVEL_QA_5,12,2.0578358,1.3940558,2.733865,0.48042274,0.0,0.0,0.54306227
NOVEL_QA_50,106,2.0425878,1.3718354,2.855266,0.4554879,0.0,0.0,0.52771324
NOVEL_QA_52,84,2.152949,1.4553679,2.7265825,0.4758466,0.0,0.0,0.6388052
NOVEL_QA_53,150,2.181477,1.4781837,2.8321395,0.46061906,0.0,0.0,0.6675221
NOVEL_QA_54,105,2.1305268,1.4597584,2.8347614,0.5025069,0.0,0.0,0.6162345
NOVEL_QA_55,77,1.9988741,1.5127844,2.7564845,0.4410712,0.0,0.0,0.48371014
NOVEL_QA_57,114,2.0968602,1.4437689,2.8188407,0.47310865,0.0,0.0,0.58234495
NOVEL_QA_58,126,2.0625412,1.4149723,2.8260295,0.4984664,0.0,0.0,0.5477988
NOVEL_QA_59,161,2.1004066,1.4272685,2.7770278,0.47927096,0.0,0.0,0.5859149
NOVEL_QA_60,114,2.1759303,1.4631782,2.7530737,0.484424,0.0,0.0,0.66193855
NOVEL_QA_61,125,2.1804295,1.4842714,2.7882068,0.45559964,0.0,0.0,0.6664675
NOVEL_QA_62,83,2.0611625,1.397003,2.8136976,0.491259,0.0,0.0,0.5464109
NOVEL_QA_63,154,2.0179133,1.4613223,2.7053392,0.4878693,0.0,0.0,0.50287545
NOVEL_QA_64,128,2.063931,1.3014145,2.7551136,0.47938016,0.0,0.0,0.5491978
NOVEL_QA_65,137,1.9979494,1.4252964,2.831199,0.4767325,0.0,0.0,0.48277932
NOVEL_QA_66,228,2.0222902,1.4706976,2.6980348,0.46061814,0.0,0.0,0.5072813
NOVEL_QA_67,72,2.1002626,1.4394883,2.6708753,0.47666138,0.0,0.0,0.58576995
NOVEL_QA_69,96,2.1746304,1.4010044,2.8507953,0.47473112,0.0,0.0,0.66063005
NOVEL_QA_7,21,1.9667286,1.5276214,2.630807,0.43597466,0.0,0.0,0.45135182
NOVEL_QA_70,129,2.0551112,1.451862,2.716691,0.4835853,0.0,0.0,0.54031956
NOVEL_QA_72,146,2.12085,1.4913926,2.7644174,0.47472814,0.0,0.0,0.6064937
NOVEL_QA_74,198,2.1197329,1.4618648,2.7896006,0.45388687,0.0,0.0,0.6053691
NOVEL_QA_75,108,2.1119525,1.4798257,2.7539117,0.487617,0.0,0.0,0.5975372
NOVEL_QA_76,152,1.9323689,1.3499246,2.724038,0.44578046,0.0,0.0,0.41676465
NOVEL_QA_77,103,2.156397,1.4762597,2.6972733,0.43335474,0.0,0.0,0.64227605
NOVEL_QA_79,275,2.179564,1.412911,2.7725673,0.467549,0.0,0.0,0.6655963
NOVEL_QA_8,208,2.0671115,1.4328855,2.7782419,0.47489154,0.0,0.0,0.55239934
NOVEL_QA_80,46,2.1393087,1.5402323,2.6845639,0.47576934,0.0,0.0,0.6250745
NOVEL_QA_81,224,2.0713136,1.4466182,2.7954166,0.47772393,0.0,0.0,0.5566293
NOVEL_QA_83,96,2.0128865,1.4573853,2.6596324,0.45858243,0.0,0.0,0.49781537
NOVEL_QA_84,130,2.051898,1.3326908,2.7101495,0.4854424,0.0,0.0,0.5370851
NOVEL_QA_86,171,2.0490963,1.4138578,2.639288,0.4759288,0.0,0.0,0.5342649
NOVEL_QA_W4319460874,169,1.5514238,1.2940568,2.2317004,0.14658931,0.0,0.0,0.033297546
NOVEL_QA_W4364377616,164,1.876557,1.17125,2.5718067,0.36125138,0.0,0.0,0.36058328
NOVEL_QA_W4384071683,460,1.5443131,1.3160052,2.5036683,0.14963868,0.0,0.0,0.026139755
NOVEL_QA_W4388424540,408,1.8763931,1.2703068,2.5783274,0.30177975,0.0,0.0,0.3604183
NOVEL_QA_W4406152279,275,1.7052267,1.2430423,2.353001,0.22332492,0.0,0.0,0.18811867
NOVEL_SA_0,109,2.051652,1.2945317,2.7142956,0.46850592,0.0,0.0,0.53683746
NOVEL_SA_1,142,1.9922389,1.3672312,2.8244724,0.48700953,0.0,0.0,0.47703102
NOVEL_SA_10,83,2.0213442,1.3934585,2.8074923,0.49691555,0.0,0.0,0.506329
NOVEL_SA_11,159,2.2505074,1.325123,2.9033406,0.4626603,0.0,0.0,0.73700935
NOVEL_SA_12,160,2.017311,1.4838959,2.7120671,0.48076433,0.0,0.0,0.5022692
NOVEL_SA_13,281,2.1135669,1.4102852,2.849586,0.4720121,0.0,0.0,0.5991623
NOVEL_SA_14,119,2.188247,1.4672455,2.7149835,0.46854195,0.0,0.0,0.6743368
NOVEL_SA_15,30,2.1745768,1.4751496,2.6855757,0.47240245,0.0,0.0,0.66057605
NOVEL_SA_16,200,2.1196692,1.4883324,2.8828433,0.4754551,0.0,0.0,0.605305
NOVEL_SA_17,124,2.089371,1.4968231,2.7617927,0.445281,0.0,0.0,0.57480615
NOVEL_SA_18,175,2.0577123,1.4746239,2.744091,0.45749456,0.0,0.0,0.54293793
NOVEL_SA_19,99,2.2093313,1.4609799,2.7640848,0.4749902,0.0,0.0,0.6955607
NOVEL_SA_2,150,2.0428042,1.4722391,2.7692246,0.46671763,0.0,0.0,0.52793115
NOVEL_SA_20,40,2.0709414,1.4373039,2.6256492,0.5034471,0.0,0.0,0.5562546
NOVEL_SA_21,130,2.1209004,1.4613779,2.8223715,0.43797913,0.0,0.0,0.6065443
NOVEL_SA_22,74,2.1136546,1.4745771,2.6609838,0.4401311,0.0,0.0,0.5992506
NOVEL_SA_24,120,1.9788241,1.4339875,2.7506664,0.48783326,0.0,0.0,0.46352747
NOVEL_SA_25,129,2.1687682,1.5198586,2.8261604,0.46922654,0.0,0.0,0.654729
NOVEL_SA_26,129,2.0564399,1.465554,2.7757847,0.47993192,0.0,0.0,0.5416571
NOVEL_SA_27,168,2.0843446,1.2787977,2.7873368,0.46203297,0.0,0.0,0.56974655
NOVEL_SA_28,47,2.268565,1.4855285,2.7817726,0.41869998,0.0,0.0,0.7551865
NOVEL_SA_29,150,2.168649,1.4779382,2.7471027,0.44524643,0.0,0.0,0.654609
NOVEL_SA_3,124,2.2554097,1.4845824,2.769845,0.44465557,0.0,0.0,0.7419442
NOVEL_SA_30,39,2.3978996,1.4959491,2.7410047,0.34385854,0.0,0.0,0.8853774
NOVEL_SA_31,229,2.1657653,1.4533359,2.9359224,0.47580615,0.0,0.0,0.6517063
NOVEL_SA_33,185,2.0749564,1.4512565,2.8140714,0.46150562,0.0,0.0,0.5602962
NOVEL_SA_34,169,2.1509907,1.3227663,2.6806862,0.4743877,0.0,0.0,0.6368339
NOVEL_SA_37,155,2.0942485,1.4233515,2.8502946,0.47758973,0.0,0.0,0.579716
NOVEL_SA_38,66,2.0637765,1.4548068,2.7077117,0.47770372,0.0,0.0,0.5490422
NOVEL_SA_39,77,1.9583427,1.4575152,2.7719948,0.45681545,0.0,0.0,0.4429104
NOVEL_SA_4,163,1.923035,1.2948755,2.6765122,0.46851563,0.0,0.0,0.40736902
NOVEL_SA_40,114,2.0979185,1.4375013,2.7943766,0.4658169,0.0,0.0,0.5834103
NOVEL_SA_41,168,2.150783,1.472286,2.7756195,0.43871677,0.0,0.0,0.6366248
NOVEL_SA_42,114,2.194455,1.4943372,2.778432,0.4843805,0.0,0.0,0.6805858
NOVEL_SA_43,40,2.2697096,1.3855922,2.8358471,0.4499627,0.0,0.0,0.7563387
NOVEL_SA_44,83,2.1075046,1.4482538,2.8423133,0.48022988,0.0,0.0,0.59305984
NOVEL_SA_45,94,2.092549,1.5147246,2.8301737,0.47938803,0.0,0.0,0.5780053
NOVEL_SA_46,220,2.2085798,1.4493117,2.8278372,0.4480563,0.0,0.0,0.6948042
NOVEL_SA_48,267,2.0366962,1.4731448,2.8571405,0.4578348,0.0,0.0,0.5217827
NOVEL_SA_49,192,2.1448734,1.4497769,2.8562207,0.46367595,0.0,0.0,0.63067603
NOVEL_SA_50,62,1.9763438,1.4688826,2.6484292,0.43057105,0.0,0.0,0.46103066
NOVEL_SA_51,148,2.2165518,1.4621112,2.6808052,0.4649029,0.0,0.0,0.702829
NOVEL_SA_52,241,2.087192,1.4281534,2.7420702,0.44927832,0.0,0.0,0.5726128
NOVEL_SA_53,96,1.9915767,1.3311467,2.8058016,0.48479,0.0,0.0,0.47636443
NOVEL_SA_55,161,2.0472705,1.4778861,2.7998974,0.46858117,0.0,0.0,0.532427
NOVEL_SA_56,146,2.0496378,1.409644,2.7082253,0.47845432,0.0,0.0,0.53480995
NOVEL_SA_57,253,2.1099222,1.4376678,2.6986146,0.4622868,0.0,0.0,0.59549344
NOVEL_SA_58,144,2.0492315,1.4384328,2.9820225,0.46965498,0.0,0.0,0.534401
NOVEL_SA_59,158,2.0223534,1.4969169,2.7974935,0.4835672,0.0,0.0,0.5073449
NOVEL_SA_60,234,1.9727893,1.4365842,2.7774773,0.47599718,0.0,0.0,0.45745265
NOVEL_SA_61,63,2.2353141,1.541122,2.7286425,0.48194754,0.0,0.0,0.72171557
NOVEL_SA_62,76,2.238286,1.4203631,2.7911365,0.4819794,0.0,0.0,0.7247071
NOVEL_SA_63,4,2.2634535,1.4772577,2.6567569,0.5398258,0.0,0.0,0.7500412
NOVEL_SA_64,224,2.0551648,1.433018,2.7743835,0.47202966,0.0,0.0,0.54037356
NOVEL_SA_65,157,2.1323042,1.3693094,2.7247007,0.45404345,0.0,0.0,0.61802363
NOVEL_SA_66,131,2.183055,1.4441332,2.8517559,0.4793546,0.0,0.0,0.66911036
NOVEL_SA_67,98,2.0668905,1.5067614,2.8157148,0.47364202,0.0,0.0,0.55217683
NOVEL_SA_69,98,2.2055209,1.4926568,2.9333923,0.45227733,0.0,0.0,0.691725
NOVEL_SA_7,24,2.1524456,1.4581311,2.6994026,0.44011003,0.0,0.0,0.63829833
NOVEL_SA_8,229,2.1213691,1.420269,2.8127801,0.48001274,0.0,0.0,0.60701615
NOVEL_SA_9,82,2.0315206,1.4670525,2.6966753,0.48061454,0.0,0.0,0.51657283
NOVEL_SA_W4206670862,346,1.9322877,1.3375529,2.7247772,0.31604752,0.0,0.0,0.41668293
NOVEL_SA_W4213436352,559,1.5926208,1.2995973,2.491649,0.1451569,0.0,0.0,0.07476735
NOVEL_SA_W4220866631,517,1.96085,1.2524006,2.8026075,0.32567206,0.0,0.0,0.44543433
NOVEL_SA_W4229024336,509,1.923991,1.1809739,2.9986873,0.30134678,0.0,0.0,0.40833127
NOVEL_SA_W4353016766,208,1.641953,1.2076356,2.2775886,0.19283198,0.0,0.0,0.12442609
NOVEL_SA_W4361282369,172,1.838284,1.2550716,2.5311067,0.32757005,0.0,0.0,0.32205692
NOVEL_SA_W4376138804,14,1.8888716,1.431653,2.3057947,0.3124512,0.0,0.0,0.37297937
NOVEL_SA_W4378470708,197,1.6257261,1.2228928,2.4830143,0.21017772,0.0,0.0,0.10809178
NOVEL_SA_W4390791326,2592,1.9747106,1.2258968,2.7182176,0.298983,0.0,0.0,0.45938668
NOVEL_SUM_10,232,2.1208982,1.1986203,2.8656223,0.48570275,0.0,0.0,0.60654217
NOVEL_SUM_11,69,2.0050929,1.2797832,2.698571,0.48418963,0.0,0.0,0.48997012
NOVEL_SUM_12,70,2.1534214,1.5389348,2.766722,0.46383813,0.0,0.0,0.6392807
NOVEL_SUM_13,82,2.0301409,1.4647837,2.7809546,0.48185226,0.0,0.0,0.5151839
NOVEL_SUM_14,81,2.1147547,1.4846172,2.708367,0.47454637,0.0,0.0,0.60035795
NOVEL_SUM_15,40,2.1302207,1.5012616,2.7362819,0.49862093,0.0,0.0,0.6159263
NOVEL_SUM_16,110,2.041981,1.430049,2.7040353,0.4892166,0.0,0.0,0.5271025
NOVEL_SUM_17,123,2.0894258,1.4463992,2.7573621,0.4964689,0.0,0.0,0.57486135
NOVEL_SUM_19,47,2.2767398,1.490181,2.6776738,0.4154755,0.0,0.0,0.7634155
NOVEL_SUM_20,115,2.2440927,1.4389931,2.817766,0.47243083,0.0,0.0,0.73055226
NOVEL_SUM_21,176,2.062729,1.4759893,2.9238799,0.48146224,0.0,0.0,0.5479877
NOVEL_SUM_22,40,2.1934524,1.4839023,2.855149,0.49053642,0.0,0.0,0.67957664
NOVEL_SUM_23,90,2.086635,1.4676421,2.6524515,0.44981438,0.0,0.0,0.5720522
NOVEL_SUM_24,141,2.1007216,1.461789,2.6751297,0.46603885,0.0,0.0,0.58623195
NOVEL_SUM_26,103,2.0994132,1.3696717,2.7066278,0.4813228,0.0,0.0,0.58491486
NOVEL_SUM_28,52,2.1243374,1.4636453,2.76022,0.50037867,0.0,0.0,0.6100041
NOVEL_SUM_3,167,2.0027149,1.4637012,2.7717314,0.4603026,0.0,0.0,0.48757637
NOVEL_SUM_30,130,2.0610206,1.4865218,2.7501147,0.47658068,0.0,0.0,0.5462681
NOVEL_SUM_31,130,2.0720208,1.3792794,2.7010581,0.48141912,0.0,0.0,0.5573411
NOVEL_SUM_32,156,2.0332644,1.387134,2.9023905,0.4655334,0.0,0.0,0.51832813
NOVEL_SUM_33,140,2.0664885,1.4764756,2.8269308,0.48331153,0.0,0.0,0.55177224
NOVEL_SUM_36,86,2.0720818,1.4763973,2.7780426,0.4582607,0.0,0.0,0.55740255
NOVEL_SUM_37,25,2.2858796,1.4536043,2.624979,0.45147496,0.0,0.0,0.7726158
NOVEL_SUM_38,228,1.9934661,1.3957701,2.6881897,0.46366706,0.0,0.0,0.47826642
NOVEL_SUM_39,185,2.0720541,1.4763478,2.836444,0.4816601,0.0,0.0,0.5573747
NOVEL_SUM_41,143,2.1314921,1.4524715,2.713686,0.47838548,0.0,0.0,0.6172062
NOVEL_SUM_42,105,2.1638782,1.3137232,2.6830475,0.462003,0.0,0.0,0.6498067
NOVEL_SUM_44,25,2.1717904,1.4822104,2.6540546,0.4929058,0.0,0.0,0.6577712
NOVEL_SUM_45,188,2.2412865,1.484058,2.7693236,0.45877182,0.0,0.0,0.7277275
NOVEL_SUM_46,141,2.110798,1.4303125,2.6537244,0.4432146,0.0,0.0,0.5963749
NOVEL_SUM_47,51,1.9728521,1.434845,2.6524205,0.46844572,0.0,0.0,0.4575159
NOVEL_SUM_49,254,2.136411,1.2929476,2.868364,0.4752294,0.0,0.0,0.6221576
NOVEL_SUM_52,148,2.1122177,1.4920784,2.8868604,0.46837062,0.0,0.0,0.5978041
NOVEL_SUM_53,109,2.1386795,1.4259857,2.7928255,0.49528748,0.0,0.0,0.62444115
NOVEL_SUM_54,25,2.0604453,1.4969594,2.621636,0.509615,0.0,0.0,0.545689
NOVEL_SUM_56,89,2.0268703,1.4662846,2.7921953,0.4569996,0.0,0.0,0.51189166
NOVEL_SUM_58,251,2.108836,1.4808506,2.7747676,0.44586802,0.0,0.0,0.5944
NOVEL_SUM_59,128,2.0610657,1.4800978,2.856167,0.46848246,0.0,0.0,0.54631346
NOVEL_SUM_6,185,2.1196756,1.3704398,2.794488,0.47473758,0.0,0.0,0.60531145
NOVEL_SUM_60,241,2.0364096,1.4724694,2.8479614,0.44217342,0.0,0.0,0.5214942
NOVEL_SUM_61,136,2.11495,1.4716312,2.7296953,0.43706012,0.0,0.0,0.60055447
NOVEL_SUM_64,151,2.0763762,1.453774,2.6568217,0.44631913,0.0,0.0,0.5617254
NOVEL_SUM_66,231,2.0344446,1.3602759,2.7841055,0.46917516,0.0,0.0,0.5195161
NOVEL_SUM_67,116,2.1230884,1.4396936,2.7643843,0.4332441,0.0,0.0,0.60874677
NOVEL_SUM_68,192,2.008485,1.4043494,2.7952704,0.4748006,0.0,0.0,0.49338478
NOVEL_SUM_69,99,2.201967,1.4782752,2.6449776,0.42514703,0.0,0.0,0.68814766
NOVEL_SUM_7,146,2.0197592,1.4035196,2.8073947,0.47388992,0.0,0.0,0.5047335
NOVEL_SUM_70,181,2.0231028,1.4206227,2.9276235,0.47873086,0.0,0.0,0.50809926
NOVEL_SUM_71,27,2.2458797,1.4778007,2.6540468,0.4437693,0.0,0.0,0.732351
NOVEL_SUM_72,104,2.001038,1.3968642,2.7141309,0.46424887,0.0,0.0,0.48588848
NOVEL_SUM_73,135,2.0768454,1.3832996,2.7314892,0.4888411,0.0,0.0,0.5621977
NOVEL_SUM_75,44,2.0391681,1.484161,2.728824,0.44042292,0.0,0.0,0.52427095
NOVEL_SUM_76,38,2.146902,1.4889901,2.6381376,0.43624797,0.0,0.0,0.63271815
NOVEL_SUM_77,91,2.1461835,1.4675043,2.750327,0.45765302,0.0,0.0,0.63199484
NOVEL_SUM_8,191,2.1687586,1.4406844,2.7402384,0.47277665,0.0,0.0,0.6547194
NOVEL_SUM_W4285744692,213,1.9614757,1.1407093,2.6540565,0.270091,0.0,0.0,0.4460642
NOVEL_SUM_W4386120650,146,1.6874015,1.3727325,2.3560665,0.21772511,0.0,0.0,0.17017552
NOVEL_SUM_W4388522045,66,1.7760295,1.3602725,2.403407,0.21570508,0.0,0.0,0.2593902
NOVEL_SUM_W4389519254,140,1.6178755,1.289122,2.5791798,0.1806827,0.0,0.0,0.10018916
