paper_id,year,cited_by_count,reference_count
NOVEL_DIA_0,2021,0,23
NOVEL_DIA_1,2021,12,71
NOVEL_DIA_2,2021,19,21
NOVEL_DIA_3,2021,5,39
NOVEL_DIA_4,2021,6,50
NOVEL_DIA_5,2021,0,35
NOVEL_DIA_6,2021,11,41
NOVEL_DIA_8,2021,18,28
NOVEL_DIA_10,2021,14,70
NOVEL_DIA_11,2021,57,39
NOVEL_DIA_12,2021,1,8
NOVEL_DIA_13,2021,12,64
NOVEL_DIA_14,2021,1,32
NOVEL_DIA_16,2021,37,46
NOVEL_DIA_17,2021,24,48
NOVEL_DIA_18,2021,15,52
NOVEL_DIA_20,2021,10,42
NOVEL_DIA_21,2021,31,68
NOVEL_DIA_22,2021,27,55
NOVEL_DIA_23,2021,0,35
NOVEL_DIA_24,2021,6,27
NOVEL_DIA_25,2021,2,27
NOVEL_DIA_26,2021,18,58
NOVEL_DIA_28,2021,2,48
NOVEL_DIA_29,2021,49,71
NOVEL_DIA_30,2021,20,40
NOVEL_DIA_31,2021,22,40
NOVEL_DIA_33,2021,8,57
NOVEL_DIA_34,2021,39,70
NOVEL_DIA_35,2021,51,32
NOVEL_DIA_37,2021,42,45
NOVEL_DIA_39,2021,4,35
NOVEL_DIA_40,2021,1,18
NOVEL_DIA_41,2021,35,47
NOVEL_DIA_42,2021,13,49
NOVEL_DIA_43,2021,43,62
NOVEL_DIA_44,2021,85,48
NOVEL_DIA_45,2021,72,69
NOVEL_DIA_47,2021,12,33
NOVEL_DIA_49,2021,11,57
NOVEL_DIA_50,2021,9,33
NOVEL_DIA_51,2021,35,55
NOVEL_DIA_52,2021,18,69
NOVEL_DIA_53,2021,15,53
NOVEL_DIA_54,2021,3,20
NOVEL_DIA_55,2021,8,15
NOVEL_DIA_56,2021,85,21
NOVEL_DIA_59,2021,60,39
NOVEL_DIA_63,2021,19,31
NOVEL_DIA_65,2021,8,63
NOVEL_DIA_66,2021,13,32
NOVEL_DIA_67,2021,5,52
NOVEL_DIA_68,2021,26,47
NOVEL_DIA_69,2021,7,30
NOVEL_DIA_70,2021,10,63
NOVEL_DIA_71,2021,5,34
SKG_DIA_0,2019,46,41
SKG_DIA_2,2020,84,34
SKG_DIA_3,2020,33,61
SKG_DIA_4,2019,10,25
SKG_DIA_6,2019,1,12
SKG_DIA_7,2020,5,36
SKG_DIA_8,2019,84,102
SKG_DIA_9,2018,40,16
SKG_DIA_10,2020,121,48
SKG_DIA_11,2020,11,25
SKG_DIA_12,2020,8,42
SKG_DIA_13,2020,5,16
SKG_DIA_14,2020,12,22
SKG_DIA_15,2016,95,43
SKG_DIA_16,2020,17,33
SKG_DIA_17,2020,18,64
SKG_DIA_18,2020,141,44
SKG_DIA_21,2017,44,35
SKG_DIA_22,2020,18,45
SKG_DIA_23,2019,45,37
SKG_DIA_24,2017,145,24
SKG_DIA_25,2017,32,26
SKG_DIA_27,2019,247,28
SKG_DIA_29,2020,44,44
SKG_DIA_30,2019,57,34
SKG_DIA_31,2017,36,15
SKG_DIA_32,2018,14,29
SKG_DIA_34,2018,233,44
SKG_DIA_35,2020,3,29
SKG_DIA_36,2019,76,50
SKG_DIA_39,2020,57,56
SKG_DIA_40,2015,3,20
SKG_DIA_41,2020,32,38
SKG_DIA_42,2020,41,21
SKG_DIA_44,2019,16,12
SKG_DIA_45,2020,58,40
SKG_DIA_46,2017,9,62
SKG_DIA_47,2020,6,35
SKG_DIA_49,2020,9,24
SKG_DIA_50,2019,6,44
SKG_DIA_51,2019,8,27
SKG_DIA_53,2020,152,29
SKG_DIA_54,2018,53,32
SKG_DIA_55,2020,7,31
SKG_DIA_57,2017,17,22
SKG_DIA_58,2018,150,41
SKG_DIA_60,2020,20,32
SKG_DIA_61,2020,30,40
SKG_DIA_62,2019,39,46
SKG_DIA_64,2014,8,31
SKG_DIA_65,2020,21,27
SKG_DIA_66,2019,126,34
SKG_DIA_68,2017,9,23
SKG_DIA_69,2020,22,21
SKG_DIA_70,2020,2,38
SKG_DIA_72,2020,70,42
SKG_DIA_73,2020,227,42
SKG_DIA_75,2020,33,31
SKG_DIA_76,2019,53,28
SKG_DIA_77,2018,74,34
SKG_DIA_78,2017,24,40
SKG_DIA_84,2019,37,29
SKG_DIA_86,2016,4,27
SKG_DIA_87,2017,19,0
SKG_DIA_88,2020,67,32
SKG_DIA_89,2018,14,22
SKG_DIA_90,2019,74,52
SKG_DIA_96,2019,12,27
SKG_DIA_97,2020,21,34
SKG_DIA_98,2020,46,51
SKG_DIA_99,2020,21,40
SKG_DIA_101,2020,56,42
SKG_DIA_102,2020,207,47
SKG_DIA_103,2020,103,39
SKG_DIA_104,2010,29,27
SKG_DIA_105,2020,11,53
SKG_DIA_106,2019,12,42
SKG_DIA_107,2020,20,40
SKG_DIA_108,2017,153,68
SKG_DIA_109,2016,60,0
SKG_DIA_111,2019,15,34
SKG_DIA_112,2020,10,23
SKG_DIA_113,2019,62,33
SKG_DIA_115,2020,30,59
SKG_DIA_116,2020,31,35
SKG_DIA_119,2020,6,50
SKG_DIA_120,2018,181,28
SKG_DIA_123,2019,1,0
SKG_DIA_124,2020,30,51
SKG_DIA_126,2020,102,55
SKG_DIA_127,2018,0,35
SKG_DIA_128,2018,1157,34
SKG_DIA_129,2019,18,22
SKG_DIA_137,2018,128,38
SKG_DIA_139,2019,185,45
SKG_DIA_141,2018,38,29
SKG_DIA_143,2020,14,72
SKG_DIA_144,2020,3,45
SKG_DIA_145,2020,150,75
SKG_DIA_146,2017,16,29
SKG_DIA_147,2019,10,43
SKG_DIA_149,2019,29,48
SKG_DIA_150,2019,63,50
SKG_DIA_151,2020,2,27
SKG_DIA_153,2016,73,44
SKG_DIA_154,2020,45,38
SKG_DIA_155,2020,0,40
SKG_DIA_156,2018,197,23
SKG_DIA_158,2016,69,35
SKG_DIA_159,2020,29,39
SKG_DIA_160,2018,20,78
SKG_DIA_162,2017,51,29
SKG_DIA_164,2019,58,48
SKG_DIA_165,2020,54,39
SKG_DIA_166,2018,350,37
SKG_DIA_167,2017,12,15
SKG_DIA_168,2019,29,54
SKG_DIA_169,2020,114,40
SKG_DIA_173,2018,8,14
SKG_DIA_177,2020,29,65
SKG_DIA_178,2019,23,27
SKG_DIA_179,2018,39,45
SKG_DIA_180,2020,7,28
SKG_DIA_182,2012,37,37
SKG_DIA_185,2020,26,25
SKG_DIA_186,2020,187,30
SKG_DIA_187,2020,21,38
SKG_DIA_188,2019,36,50
SKG_DIA_191,2020,46,26
SKG_DIA_193,2019,57,37
SKG_DIA_196,2019,48,25
SKG_DIA_197,2020,22,42
SKG_DIA_200,2019,8,10
SKG_DIA_202,2019,60,29
SKG_DIA_203,2019,21,51
SKG_DIA_204,2016,126,24
SKG_DIA_206,2020,48,20
SKG_DIA_209,2010,43,28
SKG_DIA_210,2010,28,23
SKG_DIA_211,2014,56,40
SKG_DIA_213,2011,53,43
SKG_DIA_214,2020,18,34
SKG_DIA_216,2017,765,61
SKG_DIA_218,2020,45,16
SKG_DIA_219,2018,441,61
SKG_DIA_220,2013,2,11
SKG_DIA_222,2018,76,38
SKG_DIA_225,2019,76,25
SKG_DIA_226,2020,85,48
SKG_DIA_227,2019,49,29
SKG_DIA_228,2017,29,23
SKG_DIA_230,2020,7,87
SKG_DIA_231,2012,175,16
SKG_DIA_232,2020,17,37
SKG_DIA_233,2011,8,20
SKG_DIA_234,2019,29,35
SKG_DIA_235,2017,25,19
SKG_DIA_236,2020,69,42
SKG_DIA_237,2020,4,46
SKG_DIA_238,2018,143,25
SKG_DIA_243,2018,31,69
SKG_DIA_244,2020,5,31
SKG_DIA_245,2016,73,10
SKG_DIA_247,2019,6,0
SKG_DIA_248,2020,24,26
SKG_DIA_251,2017,73,43
SKG_DIA_253,2011,1,2
SKG_DIA_254,2020,19,32
SKG_DIA_256,2017,50,31
SKG_DIA_257,2019,33,22
SKG_DIA_259,2018,184,47
SKG_DIA_260,2016,24,40
SKG_DIA_261,2019,53,0
SKG_DIA_262,2020,2,11
SKG_DIA_263,2020,63,41
SKG_DIA_264,2020,18,59
SKG_DIA_265,2020,26,32
SKG_DIA_266,2019,412,57
SKG_DIA_267,2016,172,50
SKG_DIA_268,2019,81,36
SKG_DIA_270,2020,7,44
SKG_DIA_271,2019,12,25
SKG_DIA_273,2020,62,53
SKG_DIA_275,2015,18,18
SKG_DIA_276,2019,99,31
SKG_DIA_277,2019,33,20
SKG_DIA_279,2019,9,50
SKG_DIA_280,2018,62,59
SKG_DIA_282,2019,23,36
SKG_DIA_283,2020,136,69
SKG_DIA_284,2019,146,54
SKG_DIA_285,2018,149,30
SKG_DIA_286,2020,0,63
SKG_DIA_287,2018,155,20
SKG_DIA_288,2011,14,37
SKG_DIA_289,2020,25,44
SKG_DIA_293,2020,1,25
SKG_DIA_297,2020,17,53
SKG_DIA_298,2014,32,44
SKG_DIA_300,2015,838,54
SKG_DIA_302,2017,41,5
SKG_DIA_303,2017,37,39
SKG_DIA_304,2019,0,38
SKG_DIA_305,2020,4,51
SKG_DIA_306,2017,299,41
SKG_DIA_307,2017,28,0
SKG_DIA_308,2019,57,60
SKG_DIA_309,2020,120,31
SKG_DIA_310,2016,1047,56
SKG_DIA_311,2020,51,55
SKG_DIA_313,2019,12,33
SKG_DIA_314,2020,18,22
SKG_DIA_315,2020,11,52
SKG_DIA_316,2018,22,9
SKG_DIA_317,2020,78,50
SKG_DIA_318,2019,17,27
SKG_DIA_1,2018,211,11
NOVEL_MT_0,2021,0,24
NOVEL_MT_2,2021,12,71
NOVEL_MT_4,2021,0,23
NOVEL_MT_5,2021,13,34
NOVEL_MT_9,2020,4,19
NOVEL_MT_10,2021,13,44
NOVEL_MT_11,2021,17,55
NOVEL_MT_15,2021,58,38
NOVEL_MT_16,2021,20,44
NOVEL_MT_17,2021,1,29
NOVEL_MT_19,2021,0,13
NOVEL_MT_21,2021,2,60
NOVEL_MT_23,2021,1,21
NOVEL_MT_24,2021,70,44
NOVEL_MT_25,2021,29,60
NOVEL_MT_26,2021,15,27
NOVEL_MT_29,2021,0,26
NOVEL_MT_31,2021,1,27
NOVEL_MT_35,2021,2,10
NOVEL_MT_37,2021,23,74
NOVEL_MT_39,2021,17,52
NOVEL_MT_40,2021,1,41
NOVEL_MT_42,2021,31,58
NOVEL_MT_45,2021,2,0
NOVEL_MT_47,2021,11,26
NOVEL_MT_49,2021,2,26
NOVEL_MT_52,2021,8,35
NOVEL_MT_53,2021,1,37
NOVEL_MT_54,2021,53,43
NOVEL_MT_60,2022,7,0
NOVEL_MT_61,2021,3,33
NOVEL_MT_62,2021,9,56
NOVEL_MT_63,2021,6,40
NOVEL_MT_64,2021,6,62
NOVEL_MT_66,2021,16,45
NOVEL_MT_67,2021,0,33
NOVEL_MT_71,2021,4,11
NOVEL_MT_74,2021,1,28
NOVEL_MT_77,2021,4,16
NOVEL_MT_78,2021,27,43
NOVEL_MT_81,2021,24,63
NOVEL_MT_82,2021,3,51
NOVEL_MT_83,2021,1,34
NOVEL_MT_86,2021,60,65
NOVEL_MT_88,2021,33,41
NOVEL_MT_89,2021,67,25
NOVEL_MT_91,2021,2,37
NOVEL_MT_92,2021,16,40
NOVEL_MT_93,2021,29,48
NOVEL_MT_95,2020,3,46
NOVEL_MT_96,2021,7,48
NOVEL_MT_99,2021,14,26
NOVEL_MT_101,2021,3,41
NOVEL_MT_104,2021,4,55
NOVEL_MT_105,2021,3,21
NOVEL_MT_107,2021,7,69
NOVEL_MT_108,2021,54,43
NOVEL_MT_109,2021,6,26
NOVEL_MT_110,2021,1,0
NOVEL_MT_112,2021,8,34
NOVEL_MT_113,2021,2,34
NOVEL_MT_115,2021,12,26
NOVEL_MT_116,2021,4,41
NOVEL_MT_117,2021,36,49
NOVEL_MT_118,2021,28,35
NOVEL_MT_120,2021,52,57
NOVEL_MT_121,2021,22,39
NOVEL_MT_122,2021,7,68
NOVEL_MT_124,2021,5,28
NOVEL_MT_125,2021,19,58
NOVEL_MT_127,2021,1,15
NOVEL_MT_128,2021,13,38
NOVEL_MT_130,2021,1,21
NOVEL_MT_132,2021,2,58
NOVEL_MT_133,2021,2,17
NOVEL_MT_137,2021,6,28
NOVEL_MT_139,2021,55,69
NOVEL_MT_140,2021,3,45
NOVEL_MT_141,2021,2,25
NOVEL_MT_144,2021,102,44
NOVEL_MT_148,2021,7,31
NOVEL_MT_150,2021,35,39
NOVEL_MT_153,2021,3,109
NOVEL_MT_154,2021,35,60
NOVEL_MT_155,2021,2,29
NOVEL_MT_156,2021,3,61
NOVEL_MT_161,2021,4,22
NOVEL_MT_163,2020,2,28
NOVEL_MT_165,2021,1,21
NOVEL_MT_167,2021,28,34
NOVEL_MT_168,2021,7,69
NOVEL_MT_172,2021,13,38
NOVEL_MT_174,2021,8,1
NOVEL_MT_177,2021,22,57
NOVEL_MT_179,2021,37,52
NOVEL_MT_180,2021,1,27
NOVEL_MT_181,2021,4,44
NOVEL_MT_182,2021,19,51
NOVEL_MT_183,2021,5,79
NOVEL_MT_185,2021,22,44
NOVEL_MT_186,2021,20,45
NOVEL_MT_187,2021,37,28
NOVEL_MT_188,2025,6,0
NOVEL_MT_189,2021,7,21
NOVEL_MT_190,2021,3,29
NOVEL_MT_192,2021,15,38
NOVEL_MT_193,2021,5,22
NOVEL_MT_198,2021,13,32
NOVEL_MT_202,2021,12,55
NOVEL_MT_205,2021,7,54
NOVEL_MT_207,2021,5,18
NOVEL_MT_208,2021,66,45
NOVEL_MT_209,2021,0,18
NOVEL_MT_210,2021,18,36
NOVEL_MT_213,2021,12,28
NOVEL_MT_214,2021,9,44
NOVEL_MT_215,2021,34,59
NOVEL_MT_218,2021,4,34
NOVEL_MT_219,2021,1,29
NOVEL_MT_221,2021,12,56
NOVEL_MT_224,2021,27,61
NOVEL_MT_227,2021,37,45
NOVEL_MT_228,2021,0,26
NOVEL_MT_230,2021,33,52
NOVEL_MT_234,2021,3,25
NOVEL_MT_235,2021,1,34
NOVEL_MT_236,2021,3,48
NOVEL_MT_238,2021,17,48
NOVEL_MT_243,2021,16,38
NOVEL_MT_244,2022,4,30
NOVEL_MT_245,2021,25,64
NOVEL_MT_246,2021,1,13
NOVEL_MT_247,2021,1,28
NOVEL_MT_250,2021,55,56
NOVEL_MT_252,2021,10,55
NOVEL_MT_253,2021,8,0
NOVEL_MT_254,2021,98,59
NOVEL_MT_255,2021,181,37
NOVEL_MT_256,2021,6,19
NOVEL_MT_257,2021,20,40
NOVEL_MT_258,2021,22,39
NOVEL_MT_259,2021,2,41
NOVEL_MT_261,2021,5,60
NOVEL_MT_262,2021,2,24
NOVEL_MT_264,2021,1,37
NOVEL_MT_265,2021,6,13
NOVEL_MT_266,2021,18,41
NOVEL_MT_267,2021,3,54
NOVEL_MT_268,2021,0,28
NOVEL_MT_269,2021,6,0
NOVEL_MT_270,2021,0,19
NOVEL_MT_271,2021,18,55
NOVEL_MT_274,2021,9,44
NOVEL_MT_275,2021,16,46
NOVEL_MT_277,2021,16,30
NOVEL_MT_280,2022,10,35
NOVEL_MT_281,2021,3,20
NOVEL_MT_282,2021,123,46
NOVEL_MT_283,2021,3,29
NOVEL_MT_284,2021,137,57
NOVEL_MT_286,2021,2,47
NOVEL_MT_287,2021,0,18
NOVEL_MT_289,2021,1,30
NOVEL_MT_290,2021,2,27
NOVEL_MT_291,2021,4,45
NOVEL_MT_295,2021,24,55
NOVEL_MT_298,2021,3,41
NOVEL_MT_300,2021,5,21
NOVEL_MT_301,2021,1,35
NOVEL_MT_303,2021,36,51
NOVEL_MT_304,2021,34,55
NOVEL_MT_305,2021,67,34
NOVEL_MT_306,2024,8,28
SKG_MT_1,2016,57,23
SKG_MT_2,2016,102,22
SKG_MT_5,2020,40,43
SKG_MT_7,2012,22,26
SKG_MT_8,2020,40,36
SKG_MT_14,2013,11,19
SKG_MT_15,2010,8,7
SKG_MT_17,2010,41,3
SKG_MT_18,2015,65,44
SKG_MT_19,2019,13,41
SKG_MT_20,2019,9,32
SKG_MT_21,2013,56,44
SKG_MT_22,2013,20,27
SKG_MT_24,2015,47,29
SKG_MT_25,2017,1,29
SKG_MT_28,2020,0,27
SKG_MT_29,2018,5,0
SKG_MT_30,2019,92,41
SKG_MT_31,2017,101,44
SKG_MT_34,2019,3,23
SKG_MT_35,2019,61,22
SKG_MT_36,2020,11,42
SKG_MT_37,2020,4,35
SKG_MT_38,2017,1,28
SKG_MT_41,2020,3,28
SKG_MT_42,2020,23,22
SKG_MT_43,2019,7,32
SKG_MT_44,2013,20,38
SKG_MT_48,2015,9,18
SKG_MT_50,2019,28,27
SKG_MT_51,2020,78,47
SKG_MT_53,2017,19,51
SKG_MT_54,2020,13,19
SKG_MT_58,2011,10,16
SKG_MT_60,2019,43,27
SKG_MT_61,2010,13,27
SKG_MT_62,2017,110,37
SKG_MT_64,2018,54,27
SKG_MT_65,2020,19,51
SKG_MT_66,2017,11,44
SKG_MT_67,2019,6,25
SKG_MT_68,2019,13,32
SKG_MT_70,2019,611,44
SKG_MT_73,2019,28,26
SKG_MT_74,2012,45,46
SKG_MT_76,2020,11,37
SKG_MT_77,2013,35,24
SKG_MT_78,2012,239,33
SKG_MT_79,2013,1332,18
SKG_MT_80,2013,3,19
SKG_MT_81,2020,61,27
SKG_MT_82,2018,107,28
SKG_MT_83,2018,1005,75
SKG_MT_85,2012,8,14
SKG_MT_86,2018,72,46
SKG_MT_87,2011,20,26
SKG_MT_88,2017,16,34
SKG_MT_89,2012,169,21
SKG_MT_90,2019,41,34
SKG_MT_91,2013,6,17
SKG_MT_92,2012,24,28
SKG_MT_93,2012,48,45
SKG_MT_94,2013,9,34
SKG_MT_96,2018,28,29
SKG_MT_97,2014,35,17
SKG_MT_98,2019,21,17
SKG_MT_99,2020,15,36
SKG_MT_100,2013,112,24
SKG_MT_101,2019,7,34
SKG_MT_103,2016,29,49
SKG_MT_104,2017,53,52
SKG_MT_105,2020,29,35
SKG_MT_106,2019,11,30
SKG_MT_107,2016,2,24
SKG_MT_108,2015,119,15
SKG_MT_109,2015,1,34
SKG_MT_111,2019,37,31
SKG_MT_112,2020,72,36
SKG_MT_113,2019,153,63
SKG_MT_114,2020,0,24
SKG_MT_115,2020,1,14
SKG_MT_116,2014,6,20
SKG_MT_117,2011,3,16
SKG_MT_118,2020,56,38
SKG_MT_123,2017,134,27
SKG_MT_125,2019,25,22
SKG_MT_128,2019,14,17
SKG_MT_129,2020,2,7
SKG_MT_130,2019,52,55
SKG_MT_131,2012,58,44
SKG_MT_132,2020,3,28
SKG_MT_134,2019,37,37
SKG_MT_136,2017,101,44
SKG_MT_137,2010,90,12
SKG_MT_138,2018,191,29
SKG_MT_140,2020,18,33
SKG_MT_142,2019,47,57
SKG_MT_143,2018,59,33
SKG_MT_144,2011,15,17
SKG_MT_145,2020,2,28
SKG_MT_147,2013,9,12
SKG_MT_151,2017,0,14
SKG_MT_152,2020,21,55
SKG_MT_154,2019,10,44
SKG_MT_155,2018,13,26
SKG_MT_156,2013,3,27
SKG_MT_157,2010,19,17
SKG_MT_158,2018,19,31
SKG_MT_159,2019,73,70
SKG_MT_161,2020,78,33
SKG_MT_163,2020,2,37
SKG_MT_165,2015,49,29
SKG_MT_166,2020,0,0
SKG_MT_168,2017,53,37
SKG_MT_169,2014,133,25
SKG_MT_171,2015,6,13
SKG_MT_172,2019,96,29
SKG_MT_173,2020,1222,32
SKG_MT_174,2010,24,15
SKG_MT_177,2020,3,24
SKG_MT_178,2013,22,23
SKG_MT_180,2013,42,28
SKG_MT_183,2018,19,18
SKG_MT_186,2020,1,26
SKG_MT_187,2014,2,7
SKG_MT_189,2019,53,33
SKG_MT_190,2020,5,28
SKG_MT_194,2010,30,63
SKG_MT_195,2018,91,36
SKG_MT_196,2010,61,9
SKG_MT_197,2018,13,39
SKG_MT_12,2020,46,41
SKG_MT_75,2019,38,31
SKG_MT_95,2019,36,42
SKG_MT_150,2013,45,29
SKG_MT_200,2013,67,32
SKG_MT_201,2016,199,36
SKG_MT_202,2019,4,25
SKG_MT_203,2017,18,47
SKG_MT_207,2020,1,26
SKG_MT_208,2020,21,29
SKG_MT_211,2017,2,15
SKG_MT_213,2019,86,37
SKG_MT_214,2019,8,64
SKG_MT_215,2016,50,27
SKG_MT_216,2017,2,20
SKG_MT_217,2015,11,22
SKG_MT_220,2014,9,18
SKG_MT_221,2015,24,58
SKG_MT_222,2019,13,32
SKG_MT_223,2018,18,28
SKG_MT_224,2014,7,22
SKG_MT_225,2013,5,38
SKG_MT_226,2020,27,50
SKG_MT_230,2016,0,17
SKG_MT_231,2020,73,37
SKG_MT_232,2019,1,35
SKG_MT_234,2012,87,17
SKG_MT_235,2019,12,36
SKG_MT_237,2016,8,28
SKG_MT_239,2012,87,26
SKG_MT_240,2018,81,16
SKG_MT_241,2016,102,22
SKG_MT_242,2019,3,11
SKG_MT_244,2020,0,30
SKG_MT_246,2017,68,48
SKG_MT_247,2016,9,24
SKG_MT_248,2019,6,32
SKG_MT_249,2019,13,35
SKG_MT_250,2020,119,40
SKG_MT_251,2019,53,58
SKG_MT_252,2014,18,63
SKG_MT_253,2019,21,20
SKG_MT_255,2020,19,22
SKG_MT_259,2012,5,12
SKG_MT_261,2019,31,70
SKG_MT_262,2015,2,34
SKG_MT_263,2019,8,12
SKG_MT_264,2020,41,35
SKG_MT_265,2014,24,45
SKG_MT_266,2014,25,35
SKG_MT_268,2013,26,32
SKG_MT_269,2020,54,32
SKG_MT_271,2019,21,33
SKG_MT_274,2016,6,15
SKG_MT_276,2019,23,41
SKG_MT_277,2013,8,22
SKG_MT_280,2011,97,25
SKG_MT_281,2018,304,29
SKG_MT_282,2013,7,39
SKG_MT_283,2012,8,35
SKG_MT_286,2011,17,46
SKG_MT_287,2010,0,14
SKG_MT_290,2013,10,31
SKG_MT_291,2020,2,15
SKG_MT_292,2019,10,0
SKG_MT_293,2018,81,34
SKG_MT_296,2015,9,28
SKG_MT_298,2019,27,0
SKG_MT_300,2011,14,38
SKG_MT_302,2020,2,21
SKG_MT_303,2019,74,30
SKG_MT_304,2015,4,29
SKG_MT_305,2013,36,39
SKG_MT_307,2019,7,14
SKG_MT_308,2011,3,14
SKG_MT_309,2020,7,44
SKG_MT_310,2020,37,16
SKG_MT_312,2016,100,23
SKG_MT_314,2013,8,28
SKG_MT_317,2014,15,35
SKG_MT_318,2020,8,20
SKG_MT_319,2014,1,28
SKG_MT_320,2015,4,58
SKG_MT_321,2017,27,40
SKG_MT_322,2019,25,21
SKG_MT_327,2016,7,9
SKG_MT_328,2019,1,13
SKG_MT_329,2020,18,35
SKG_MT_330,2020,1,14
SKG_MT_331,2014,27,27
SKG_MT_332,2013,17,20
SKG_MT_333,2017,11,18
SKG_MT_334,2019,59,25
SKG_MT_337,2013,18,33
SKG_MT_338,2017,36,32
SKG_MT_339,2018,21,12
SKG_MT_343,2020,1,16
SKG_MT_346,2012,56,21
SKG_MT_347,2019,29,17
SKG_MT_351,2017,75,25
SKG_MT_353,2019,35,31
SKG_MT_354,2020,5,30
SKG_MT_357,2020,12,53
SKG_MT_359,2014,4,12
SKG_MT_360,2016,16,0
SKG_MT_361,2020,58,59
SKG_MT_362,2016,2,20
SKG_MT_363,2017,17,25
SKG_MT_364,2018,15,1
SKG_MT_365,2016,16,34
SKG_MT_366,2019,0,23
SKG_MT_367,2019,6,21
SKG_MT_368,2011,62,21
SKG_MT_370,2016,46,38
SKG_MT_371,2013,44,27
SKG_MT_372,2013,4,40
SKG_MT_373,2012,16,31
SKG_MT_374,2018,324,31
SKG_MT_375,2013,12,14
SKG_MT_376,2013,5,40
SKG_MT_377,2018,18,17
SKG_MT_378,2015,14,45
SKG_MT_380,2018,33,36
SKG_MT_381,2016,40,34
SKG_MT_382,2017,217,61
SKG_MT_383,2020,61,51
SKG_MT_384,2015,20,24
SKG_MT_385,2020,9,23
SKG_MT_386,2020,59,22
SKG_MT_389,2012,26,18
SKG_MT_390,2010,20,10
SKG_MT_392,2020,17,45
SKG_MT_393,2018,16,29
SKG_MT_394,2014,9,24
SKG_MT_397,2017,143,38
SKG_MT_400,2017,16,9
SKG_MT_401,2015,414,20
SKG_MT_402,2016,15,22
SKG_MT_403,2018,4,16
SKG_MT_405,2015,9,33
SKG_MT_407,2020,19,28
SKG_MT_408,2017,40,40
SKG_MT_409,2011,14,22
SKG_MT_410,2012,4,33
SKG_MT_411,2019,12,9
SKG_MT_412,2018,15,40
SKG_MT_414,2019,24,0
SKG_MT_415,2012,3,20
SKG_MT_418,2020,4,12
SKG_MT_419,2019,5,26
SKG_MT_420,2020,1,13
SKG_MT_424,2019,50,30
SKG_MT_425,2018,37,33
SKG_MT_427,2017,1,28
SKG_MT_428,2015,6,34
SKG_MT_429,2015,3,19
SKG_MT_430,2020,12,18
SKG_MT_431,2016,25,16
SKG_MT_432,2018,36,29
SKG_MT_434,2020,0,16
SKG_MT_436,2020,21,20
SKG_MT_437,2015,25,32
SKG_MT_438,2020,41,22
SKG_MT_439,2019,3,32
SKG_MT_440,2011,11,20
SKG_MT_441,2015,867,24
SKG_MT_442,2020,8,34
SKG_MT_444,2019,26,39
SKG_MT_448,2017,9,19
SKG_MT_450,2020,28,39
SKG_MT_452,2018,5,18
SKG_MT_453,2012,143,29
SKG_MT_454,2019,42,35
SKG_MT_455,2020,4,21
SKG_MT_456,2020,3,28
SKG_MT_459,2016,147,20
SKG_MT_460,2017,29,24
SKG_MT_464,2020,97,48
SKG_MT_465,2017,13,17
SKG_MT_469,2012,40,35
SKG_MT_470,2019,2,14
SKG_MT_471,2015,6,16
SKG_MT_472,2018,43,24
SKG_MT_473,2018,13,67
SKG_MT_475,2017,151,59
SKG_MT_476,2014,5,13
SKG_MT_477,2020,32,55
SKG_MT_478,2010,15,25
SKG_MT_479,2020,135,19
SKG_MT_480,2012,51,21
SKG_MT_481,2013,9,18
SKG_MT_482,2019,15,18
SKG_MT_483,2020,5,34
SKG_MT_485,2019,33,36
SKG_MT_486,2020,3,27
SKG_MT_487,2014,56,12
SKG_MT_488,2010,18,11
SKG_MT_489,2020,10,9
SKG_MT_490,2020,50,34
SKG_MT_494,2017,38,43
SKG_MT_495,2020,53,37
SKG_MT_496,2011,9,31
SKG_MT_497,2017,18,18
SKG_MT_499,2020,1,22
SKG_MT_500,2013,26,34
SKG_MT_501,2019,82,58
SKG_MT_502,2018,31,63
SKG_MT_505,2018,33,25
SKG_MT_506,2019,0,14
SKG_MT_507,2018,16,41
SKG_MT_511,2019,124,31
SKG_MT_512,2020,104,38
SKG_MT_513,2016,6,26
SKG_MT_515,2013,106,30
SKG_MT_516,2018,1,0
SKG_MT_517,2017,49,16
SKG_MT_519,2019,295,48
SKG_MT_521,2020,2,30
SKG_MT_522,2019,58,43
SKG_MT_525,2020,42,63
SKG_MT_526,2020,0,13
SKG_MT_530,2014,3,13
SKG_MT_531,2020,142,50
SKG_MT_532,2018,27,41
SKG_MT_533,2017,3,12
SKG_MT_535,2012,40,24
SKG_MT_536,2020,3,13
SKG_MT_539,2019,315,30
SKG_MT_540,2018,117,11
SKG_MT_541,2020,20,21
SKG_MT_544,2019,13,32
SKG_MT_545,2014,60,38
SKG_MT_546,2017,7,14
SKG_MT_547,2010,79,29
SKG_MT_548,2019,36,42
SKG_MT_549,2017,8,16
SKG_MT_550,2012,121,33
SKG_MT_552,2019,0,19
SKG_MT_555,2015,95,18
SKG_MT_556,2019,2,46
SKG_MT_557,2011,37,23
SKG_MT_558,2018,31,20
SKG_MT_559,2018,4,39
SKG_MT_560,2014,21,33
SKG_MT_561,2019,26,37
SKG_MT_562,2019,76,64
SKG_MT_565,2011,7,15
SKG_MT_566,2018,25,35
SKG_MT_567,2010,15,13
SKG_MT_568,2020,8,29
SKG_MT_570,2019,19,36
SKG_MT_572,2013,10,32
SKG_MT_573,2020,25,18
SKG_MT_574,2016,191,32
SKG_MT_575,2018,29,26
SKG_MT_576,2012,3,25
SKG_MT_577,2019,1,17
SKG_MT_579,2020,13,52
SKG_MT_580,2019,20,11
SKG_MT_585,2010,6,18
SKG_MT_586,2014,6,19
SKG_MT_587,2018,7,3
SKG_MT_589,2018,7,24
SKG_MT_590,2014,10,49
SKG_MT_591,2013,31,21
SKG_MT_594,2020,82,42
SKG_MT_595,2011,11,17
SKG_MT_597,2019,33,40
SKG_MT_598,2014,1,32
SKG_MT_602,2019,20,23
SKG_MT_603,2010,15,27
SKG_MT_604,2018,37,27
SKG_MT_605,2017,78,40
SKG_MT_606,2010,12,24
SKG_MT_609,2019,1,38
SKG_MT_610,2017,124,33
SKG_MT_611,2020,6,40
SKG_MT_612,2020,3,16
SKG_MT_613,2012,19,41
SKG_MT_614,2020,5,20
SKG_MT_615,2015,72,28
SKG_MT_616,2019,43,29
SKG_MT_618,2019,49,38
SKG_MT_620,2011,6,17
SKG_MT_621,2019,16,42
SKG_MT_622,2012,2,0
SKG_MT_626,2019,28,39
SKG_MT_631,2020,55,31
SKG_MT_636,2017,32,28
SKG_MT_640,2019,43,40
SKG_MT_641,2013,7,28
SKG_MT_642,2015,14,44
SKG_MT_645,2017,32,36
SKG_MT_646,2010,17,11
SKG_MT_647,2014,44,31
SKG_MT_649,2019,109,45
SKG_MT_650,2017,10,50
SKG_MT_651,2015,7,25
SKG_MT_652,2014,99,45
SKG_MT_654,2019,61,22
SKG_MT_655,2019,17,35
SKG_MT_656,2020,0,19
SKG_MT_658,2016,445,31
SKG_MT_659,2018,33,42
SKG_MT_660,2010,20,18
SKG_MT_662,2018,72,42
SKG_MT_665,2017,127,36
SKG_MT_668,2015,9,23
SKG_MT_669,2018,91,37
SKG_MT_672,2018,24,37
SKG_MT_673,2016,182,38
SKG_MT_674,2019,9,34
SKG_MT_676,2014,0,16
SKG_MT_677,2020,2,20
SKG_MT_680,2014,5,29
SKG_MT_681,2013,7,38
SKG_MT_682,2013,14,49
SKG_MT_683,2019,56,40
SKG_MT_684,2018,3,15
SKG_MT_685,2020,1,10
SKG_MT_687,2019,65,28
SKG_MT_689,2020,22,15
SKG_MT_690,2019,4,14
SKG_MT_691,2018,14,25
SKG_MT_693,2020,24,41
SKG_MT_695,2017,460,36
SKG_MT_696,2019,6,27
SKG_MT_697,2011,5,34
SKG_MT_698,2016,3,43
SKG_MT_699,2015,51,42
SKG_MT_701,2018,116,32
SKG_MT_702,2019,86,42
SKG_MT_703,2019,7,28
SKG_MT_705,2013,56,30
SKG_MT_706,2013,21,25
SKG_MT_707,2013,15,36
SKG_MT_708,2013,41,17
SKG_MT_709,2018,275,42
SKG_MT_710,2014,15,16
SKG_MT_712,2011,15,35
SKG_MT_714,2020,34,55
SKG_MT_715,2010,296,15
SKG_MT_717,2018,323,31
SKG_MT_718,2020,12,29
SKG_MT_719,2013,17,17
SKG_MT_721,2019,315,30
SKG_MT_724,2012,2,33
SKG_MT_725,2013,1,25
SKG_MT_729,2017,3,26
SKG_MT_730,2020,3,12
SKG_MT_731,2016,160,39
SKG_MT_732,2014,7,11
SKG_MT_733,2018,2,24
SKG_MT_734,2018,34,41
SKG_MT_735,2018,29,40
SKG_MT_737,2017,60,54
SKG_MT_738,2014,27,38
SKG_MT_740,2013,4,16
SKG_MT_741,2013,20,23
SKG_MT_743,2010,5,21
SKG_MT_745,2018,15,52
SKG_MT_746,2020,20,31
SKG_MT_747,2017,78,40
SKG_MT_748,2013,54,35
SKG_MT_749,2020,2,11
SKG_MT_750,2019,4,22
SKG_MT_751,2019,52,34
SKG_MT_752,2013,14,33
SKG_MT_754,2018,157,49
SKG_MT_756,2019,9,27
SKG_MT_757,2018,143,33
SKG_MT_758,2017,13,39
SKG_MT_759,2018,15,17
SKG_MT_760,2020,35,25
SKG_MT_761,2019,12,38
SKG_MT_764,2018,6,21
SKG_MT_765,2019,25,31
SKG_MT_766,2020,7,39
SKG_MT_767,2017,59,24
SKG_MT_769,2020,21,57
SKG_MT_770,2014,9,47
SKG_MT_771,2010,32,38
SKG_MT_773,2019,12,38
SKG_MT_774,2020,2,11
SKG_MT_775,2020,19,55
SKG_MT_776,2020,20,55
SKG_MT_777,2018,315,51
SKG_MT_780,2019,3,37
SKG_MT_781,2017,220,24
SKG_MT_782,2020,6,14
SKG_MT_783,2019,32,14
SKG_MT_784,2020,11,27
SKG_MT_788,2012,15,33
SKG_MT_789,2011,2,21
SKG_MT_790,2014,11,40
SKG_MT_791,2018,57,31
SKG_MT_792,2019,32,23
SKG_MT_795,2010,35,27
SKG_MT_796,2020,1,49
SKG_MT_799,2018,20,27
SKG_MT_800,2011,12,24
SKG_MT_804,2019,116,30
SKG_MT_807,2018,80,28
SKG_MT_808,2019,18,23
SKG_MT_809,2015,8489,20
SKG_MT_810,2015,5,34
SKG_MT_811,2020,67,46
SKG_MT_813,2011,9,28
SKG_MT_814,2020,33,27
SKG_MT_815,2015,10,25
SKG_MT_818,2018,232,41
SKG_MT_819,2017,129,27
SKG_MT_820,2011,14,15
SKG_MT_821,2018,70,25
SKG_MT_822,2018,344,23
SKG_MT_824,2013,15,38
SKG_MT_825,2018,9,31
SKG_MT_826,2020,3,26
SKG_MT_827,2014,1,41
SKG_MT_828,2014,16,14
SKG_MT_829,2013,5,15
SKG_MT_830,2019,2,0
SKG_MT_831,2018,178,54
SKG_MT_832,2012,25,30
SKG_MT_833,2020,19,63
SKG_MT_835,2012,1,21
SKG_MT_836,2014,9,14
SKG_MT_837,2019,3,0
SKG_MT_838,2010,88,27
SKG_MT_839,2015,5,15
SKG_MT_840,2014,21,31
SKG_MT_842,2017,5,21
SKG_MT_843,2019,7,30
SKG_MT_845,2013,9,23
SKG_MT_846,2019,5,20
SKG_MT_848,2020,52,67
SKG_MT_850,2010,63,21
SKG_MT_852,2019,22,34
SKG_MT_853,2010,5,7
SKG_MT_854,2015,2,32
SKG_MT_855,2018,9,28
SKG_MT_856,2019,64,27
SKG_MT_857,2019,7,0
SKG_MT_859,2020,14,44
SKG_MT_861,2017,0,17
SKG_MT_862,2018,84,37
SKG_MT_864,2019,35,28
SKG_MT_865,2012,4,9
SKG_MT_868,2014,162,23
SKG_MT_869,2013,2,11
SKG_MT_870,2017,5,22
SKG_MT_871,2019,0,11
SKG_MT_872,2017,115,33
SKG_MT_873,2017,62,29
SKG_MT_875,2019,9,2
SKG_MT_876,2019,58,41
SKG_MT_881,2011,43,24
SKG_MT_883,2019,17,30
SKG_MT_885,2013,3,20
SKG_MT_887,2016,307,37
SKG_MT_889,2020,3,24
SKG_MT_891,2013,32,28
SKG_MT_895,2016,732,27
SKG_MT_896,2019,31,14
SKG_MT_897,2016,51,23
SKG_MT_898,2020,26,54
SKG_MT_900,2015,20,20
SKG_MT_901,2016,1,38
SKG_MT_902,2019,403,45
SKG_MT_904,2019,108,43
SKG_MT_905,2016,38,25
SKG_MT_908,2020,0,16
SKG_MT_909,2018,162,40
SKG_MT_910,2017,65,40
SKG_MT_911,2017,19,28
SKG_MT_913,2014,39,20
SKG_MT_916,2018,119,41
SKG_MT_918,2019,0,18
SKG_MT_919,2011,8,82
SKG_MT_920,2018,28,18
SKG_MT_921,2019,25,31
SKG_MT_922,2013,32,27
SKG_MT_924,2017,123,23
SKG_MT_925,2018,80,28
SKG_MT_931,2014,89,37
SKG_MT_933,2019,56,27
SKG_MT_934,2017,0,14
SKG_MT_935,2019,6,12
SKG_MT_937,2020,4,24
SKG_MT_939,2017,6,24
SKG_MT_940,2013,6,17
SKG_MT_941,2018,80,28
SKG_MT_943,2020,2,14
SKG_MT_945,2012,3,12
SKG_MT_948,2020,3,30
SKG_MT_949,2020,73,51
SKG_MT_951,2019,21,30
SKG_MT_952,2018,257,30
SKG_MT_953,2019,8,0
SKG_MT_955,2013,1,32
SKG_MT_959,2015,612,24
SKG_MT_960,2016,131,20
SKG_MT_962,2011,139,21
SKG_MT_963,2020,1,26
SKG_MT_964,2011,4,13
SKG_MT_965,2020,18,35
SKG_MT_966,2011,17,10
SKG_MT_967,2020,5,34
SKG_MT_968,2010,7,15
SKG_MT_970,2019,7,28
SKG_MT_971,2015,4,35
SKG_MT_972,2015,13,14
SKG_MT_973,2013,2,31
SKG_MT_974,2020,1,26
SKG_MT_976,2015,10,38
SKG_MT_978,2020,3,12
SKG_MT_981,2012,1,9
SKG_MT_982,2017,429,46
SKG_MT_985,2018,79,33
SKG_MT_987,2019,22,33
SKG_MT_990,2020,4,11
SKG_MT_991,2018,15,23
SKG_MT_992,2019,37,38
SKG_MT_994,2016,643,34
SKG_MT_995,2017,7,28
SKG_MT_996,2020,3,54
SKG_MT_997,2020,1,36
SKG_MT_998,2019,37,21
SKG_MT_1002,2020,6,17
SKG_MT_1003,2011,6,9
SKG_MT_1004,2015,66,33
SKG_MT_1008,2020,24,50
SKG_MT_1009,2014,73,29
SKG_MT_1011,2019,55,34
SKG_MT_1012,2019,22,50
SKG_MT_1013,2017,72,39
SKG_MT_1014,2020,52,68
SKG_MT_1015,2020,4,40
SKG_MT_1016,2019,60,35
SKG_MT_1018,2020,24,67
SKG_MT_1020,2018,36,37
SKG_MT_1021,2020,6,20
SKG_MT_1022,2019,28,33
SKG_MT_1024,2011,26,27
SKG_MT_1026,2018,37,27
SKG_MT_1028,2019,63,37
SKG_MT_1029,2016,1,18
SKG_MT_1030,2014,8,29
SKG_MT_1031,2019,305,34
SKG_MT_1032,2015,36,27
SKG_MT_1034,2017,6,20
SKG_MT_1035,2015,3,32
SKG_MT_1036,2013,540,42
SKG_MT_1037,2017,4,37
SKG_MT_1038,2018,54,18
SKG_MT_1040,2020,210,51
SKG_MT_1041,2020,1,39
SKG_MT_1043,2019,208,23
SKG_MT_1044,2020,4,37
SKG_MT_1045,2015,9,28
SKG_MT_1046,2014,12,30
SKG_MT_1048,2013,20,19
SKG_MT_1049,2018,17,32
SKG_MT_1051,2020,21,38
SKG_MT_1053,2014,85,17
SKG_MT_1054,2018,54,18
SKG_MT_1056,2017,187,22
SKG_MT_1058,2018,2,10
SKG_MT_1060,2014,34,21
SKG_MT_1062,2012,25,16
SKG_MT_1063,2017,52,29
SKG_MT_1065,2012,43,22
SKG_MT_1066,2019,17,27
SKG_MT_1068,2015,19,38
SKG_MT_1069,2013,11,23
SKG_MT_1070,2019,126,37
SKG_MT_1074,2010,59,30
SKG_MT_1076,2020,5,20
SKG_MT_1077,2012,138,32
SKG_MT_1078,2020,7,23
SKG_MT_1080,2019,96,31
SKG_MT_1082,2013,39,34
SKG_MT_1083,2019,66,22
SKG_MT_1085,2015,10,26
SKG_MT_1087,2018,85,28
SKG_MT_1088,2019,4,39
SKG_MT_1090,2013,258,27
SKG_MT_1094,2020,5,21
SKG_MT_1096,2014,19,38
SKG_MT_1099,2017,14,24
SKG_MT_1101,2013,31,36
SKG_MT_1102,2018,53,22
SKG_MT_1103,2017,17,34
SKG_MT_1104,2020,59,29
SKG_MT_1105,2016,95,39
SKG_MT_1106,2018,33,32
SKG_MT_1107,2018,18,57
SKG_MT_1108,2015,6,22
SKG_MT_1109,2018,139,25
SKG_MT_1110,2018,79,33
SKG_MT_1111,2011,17,14
SKG_MT_1113,2018,49,43
SKG_MT_1118,2015,2,15
SKG_MT_1120,2014,6,30
SKG_MT_1126,2020,18,29
SKG_MT_1127,2014,66,15
SKG_MT_1128,2020,0,33
SKG_MT_1129,2011,17,10
SKG_MT_1132,2011,17,14
SKG_MT_1134,2019,119,45
SKG_MT_1135,2019,16,12
SKG_MT_1136,2019,29,42
SKG_MT_1138,2016,5,13
SKG_MT_1139,2019,122,52
SKG_MT_1142,2020,2,15
SKG_MT_1143,2020,23,43
SKG_MT_1145,2020,66,36
SKG_MT_1146,2020,9,17
SKG_MT_1149,2020,7,16
SKG_MT_1150,2019,9,35
SKG_MT_1151,2010,3,17
SKG_MT_1153,2017,228,2
SKG_MT_1156,2017,185,55
SKG_MT_1158,2014,19,29
SKG_MT_1160,2016,124,22
SKG_MT_1164,2020,37,34
SKG_MT_1165,2012,37,44
SKG_MT_1166,2016,1,26
SKG_MT_1167,2010,7,15
SKG_MT_1169,2013,60,37
SKG_MT_1174,2012,5,11
SKG_MT_1175,2012,7,17
SKG_MT_1176,2019,3,20
SKG_MT_1177,2012,5,34
SKG_MT_1178,2020,16,24
SKG_MT_1179,2019,15,27
SKG_MT_1180,2020,5,48
SKG_MT_1181,2020,3,32
SKG_MT_1182,2020,7,41
SKG_MT_1184,2019,2,23
SKG_MT_1185,2019,45,49
SKG_MT_1188,2020,10,21
SKG_MT_1189,2017,1,21
SKG_MT_1190,2016,2,24
SKG_MT_1191,2012,10,12
SKG_MT_1192,2019,50,37
SKG_MT_1195,2018,41,44
SKG_MT_1196,2019,27,35
SKG_MT_1197,2019,74,26
SKG_MT_1198,2019,14,17
SKG_MT_1199,2010,3,18
SKG_MT_1200,2020,13,56
SKG_MT_1203,2018,34,23
SKG_MT_1206,2014,24,12
SKG_MT_1209,2012,102,52
SKG_MT_1211,2013,32,21
SKG_MT_1212,2020,7,37
SKG_MT_1213,2014,36,30
SKG_MT_1216,2019,8,18
SKG_MT_1217,2019,5,21
SKG_MT_1219,2016,402,27
SKG_MT_1220,2011,2,23
SKG_MT_1222,2017,0,30
SKG_MT_1223,2018,143,34
SKG_MT_1225,2013,6,16
SKG_MT_1227,2011,56,15
SKG_MT_1228,2012,15,25
SKG_MT_1229,2016,0,29
SKG_MT_1230,2016,25,26
SKG_MT_1231,2010,4,14
SKG_MT_1232,2010,14,13
SKG_MT_1233,2016,75,36
SKG_MT_1234,2019,17,38
SKG_MT_1236,2012,26,11
SKG_MT_1238,2020,1,39
SKG_MT_1239,2017,10,19
SKG_MT_1240,2020,142,58
SKG_MT_1241,2019,2,27
SKG_MT_1242,2013,39,19
SKG_MT_1243,2020,19,56
SKG_MT_1244,2013,4,19
SKG_MT_1248,2013,22,31
SKG_MT_1251,2020,4,12
SKG_MT_1252,2014,39,21
SKG_MT_1253,2014,123,34
SKG_MT_1254,2015,4,37
SKG_MT_1257,2016,8,23
SKG_MT_1258,2020,32,36
SKG_MT_1259,2020,2,24
SKG_MT_1261,2019,2,46
SKG_MT_1262,2020,32,57
SKG_MT_1264,2016,30,33
SKG_MT_1267,2019,1,48
SKG_MT_1269,2020,8,53
SKG_MT_1271,2018,13,30
SKG_MT_1272,2020,2,31
SKG_MT_1274,2020,53,41
SKG_MT_1276,2012,15,25
SKG_MT_1277,2011,10,45
SKG_MT_1278,2018,59,27
SKG_MT_1280,2013,46,21
SKG_MT_1282,2013,23,25
SKG_MT_1285,2019,55,44
SKG_MT_1287,2017,28,33
SKG_MT_1288,2016,257,32
SKG_MT_1289,2020,29,46
SKG_MT_1290,2013,36,51
SKG_MT_1291,2018,133,26
SKG_MT_1293,2015,18,18
SKG_MT_1295,2015,5,0
SKG_MT_1296,2019,61,55
SKG_MT_1298,2016,37,38
SKG_MT_1301,2019,77,21
SKG_MT_1304,2016,14,34
SKG_MT_1306,2011,18,34
SKG_MT_1310,2013,83,61
SKG_MT_1311,2016,2,28
SKG_MT_1313,2010,7,24
SKG_MT_1314,2016,253,36
SKG_MT_1316,2014,28,30
SKG_MT_1320,2010,2,13
SKG_MT_1321,2019,37,44
SKG_MT_1323,2020,6,132
SKG_MT_1324,2013,17,20
SKG_MT_1325,2010,34,21
SKG_MT_1326,2013,15,14
SKG_MT_1327,2012,5,31
SKG_MT_1330,2011,17,26
SKG_MT_1331,2020,18,33
SKG_MT_1333,2015,12,11
SKG_MT_1334,2020,23,10
SKG_MT_1342,2020,2,31
SKG_MT_1345,2020,99,45
SKG_MT_1346,2015,96,9
SKG_MT_1347,2014,489,29
SKG_MT_267,2020,14,95
SKG_MT_336,2019,58,46
SKG_MT_388,2010,32,29
SKG_MT_416,2018,131,20
SKG_MT_451,2012,27,22
SKG_MT_508,2019,44,37
SKG_MT_543,2020,11,37
SKG_MT_608,2019,28,30
SKG_MT_628,2020,2,14
SKG_MT_634,2020,0,55
SKG_MT_999,2016,21,41
SKG_MT_1061,2019,2,26
SKG_MT_1140,2018,198,33
SKG_MT_1193,2010,4,29
SKG_MT_1275,2019,0,15
SKG_MT_1341,2020,11,47
SKG_MT_1348,2020,7,85
SKG_MT_1349,2012,8,24
SKG_MT_1350,2019,5,0
SKG_MT_1355,2018,196,31
SKG_MT_1356,2020,14,25
SKG_MT_1357,2019,17,33
SKG_MT_1358,2019,4,19
SKG_MT_1359,2017,17,28
SKG_MT_1361,2012,70,42
SKG_MT_1362,2020,18,41
SKG_MT_1366,2017,276,53
SKG_MT_1367,2014,63,28
SKG_MT_1368,2020,1,34
SKG_MT_1369,2018,241,35
SKG_MT_1370,2017,1,15
SKG_MT_1371,2019,37,48
SKG_MT_1372,2018,5,34
SKG_MT_1374,2019,8,24
SKG_MT_1375,2010,7,15
SKG_MT_1376,2012,8,18
SKG_MT_1380,2015,14,20
SKG_MT_1382,2020,6,29
SKG_MT_1384,2010,30,13
SKG_MT_1386,2013,11,11
SKG_MT_1387,2017,109,43
SKG_MT_1389,2019,9,49
SKG_MT_1391,2020,1,16
SKG_MT_1393,2020,4,27
SKG_MT_1394,2010,2,13
SKG_MT_1395,2012,13,18
SKG_MT_1397,2019,0,28
SKG_MT_1398,2019,235,41
SKG_MT_1399,2011,18,46
SKG_MT_1400,2012,22,21
SKG_MT_1402,2018,14,6
SKG_MT_1403,2014,5,19
SKG_MT_1404,2019,10,24
SKG_MT_1405,2019,3,14
SKG_MT_1407,2020,2,24
SKG_MT_1409,2020,55,26
SKG_MT_1416,2017,105,36
SKG_MT_1417,2018,36,31
SKG_MT_1418,2019,1,15
SKG_MT_1419,2019,0,15
SKG_MT_1420,2019,10,0
SKG_MT_1421,2012,24,28
SKG_MT_1422,2019,136,67
SKG_MT_1424,2018,135,40
SKG_MT_1425,2012,8,20
SKG_MT_1428,2020,62,61
SKG_MT_1429,2013,37,33
SKG_MT_1430,2020,12,45
SKG_MT_1431,2020,21,23
SKG_MT_1432,2017,147,35
SKG_MT_1433,2018,9,23
SKG_MT_1434,2018,35,31
SKG_MT_1437,2013,8,17
SKG_MT_1441,2014,44,8
SKG_MT_1443,2018,2,4
SKG_MT_1444,2017,60,30
SKG_MT_1445,2019,3,36
SKG_MT_1447,2020,54,22
SKG_MT_1450,2020,9,17
SKG_MT_1451,2017,13,28
SKG_MT_1452,2018,20,13
SKG_MT_1456,2015,5,37
SKG_MT_1457,2020,2,22
SKG_MT_1461,2013,41,12
SKG_MT_1463,2019,15,41
SKG_MT_1465,2019,10,14
SKG_MT_1466,2017,55,47
SKG_MT_1467,2017,39,23
SKG_MT_1468,2020,29,20
SKG_MT_1469,2019,301,50
SKG_MT_1473,2012,34,30
SKG_MT_1474,2014,119,52
SKG_MT_1475,2018,42,33
SKG_NLI_0,2020,65,55
SKG_NLI_2,2017,2051,48
SKG_NLI_3,2020,17,45
SKG_NLI_4,2018,43,44
SKG_NLI_5,2020,6,25
SKG_NLI_8,2020,5,55
SKG_NLI_10,2018,17,13
SKG_NLI_12,2018,272,74
SKG_NLI_16,2020,6,49
SKG_NLI_17,2020,6,62
SKG_NLI_18,2020,8,57
SKG_NLI_19,2020,11,28
SKG_PAR_0,2018,54,58
SKG_PAR_1,2020,3,33
SKG_PAR_3,2012,44,35
SKG_PAR_4,2018,483,19
SKG_PAR_5,2016,10,15
SKG_PAR_6,2020,4,20
SKG_PAR_7,2016,20,59
SKG_PAR_8,2020,2,34
SKG_PAR_9,2016,14,11
SKG_PAR_13,2020,4,54
SKG_PAR_14,2011,28,35
SKG_PAR_16,2020,8,49
SKG_PAR_18,2017,22,26
SKG_PAR_20,2013,15,16
SKG_PAR_21,2020,14,25
SKG_PAR_23,2020,83,27
SKG_PAR_25,2019,3,35
SKG_PAR_26,2020,148,55
SKG_PAR_28,2017,37,29
SKG_PAR_29,2017,23,28
SKG_PAR_32,2020,27,72
SKG_PAR_34,2011,6,11
SKG_PAR_35,2014,5,26
SKG_PAR_36,2016,6,23
SKG_PAR_38,2018,16,45
SKG_PAR_39,2018,75,69
SKG_PAR_42,2018,370,54
SKG_PAR_44,2017,5,12
SKG_PAR_46,2017,10,26
SKG_PAR_51,2020,2,52
SKG_PAR_52,2013,25,22
SKG_PAR_53,2013,6,12
SKG_PAR_56,2013,4,34
SKG_PAR_57,2017,43,23
SKG_PAR_59,2016,2,29
SKG_PAR_61,2015,20,22
SKG_PAR_63,2017,17,23
SKG_PAR_64,2020,0,41
SKG_PAR_65,2017,4,23
SKG_PAR_67,2015,26,28
SKG_PAR_68,2018,11,54
SKG_PAR_69,2010,75,34
SKG_PAR_70,2020,5,26
SKG_PAR_72,2017,25,33
SKG_PAR_74,2017,1,40
SKG_PAR_75,2017,563,35
SKG_PAR_76,2018,2,30
SKG_PAR_77,2019,8,40
SKG_PAR_78,2017,7,18
SKG_PAR_79,2015,52,18
SKG_PAR_81,2020,10,46
SKG_PAR_83,2020,17,52
SKG_PAR_84,2015,9,25
SKG_PAR_86,2018,270,23
SKG_PAR_87,2010,9,31
SKG_PAR_88,2018,45,38
SKG_PAR_89,2011,6,17
SKG_PAR_90,2017,37,29
SKG_PAR_92,2017,29,39
SKG_PAR_93,2018,10,37
SKG_PAR_94,2011,25,37
SKG_PAR_95,2017,25,25
SKG_PAR_99,2018,1,13
SKG_PAR_100,2015,181,49
SKG_PAR_101,2019,16,40
SKG_PAR_102,2018,2,24
SKG_PAR_105,2017,17,0
SKG_PAR_106,2013,4,36
SKG_PAR_110,2016,40,18
SKG_PAR_111,2020,65,36
SKG_PAR_112,2017,60,54
SKG_PAR_113,2014,11,13
SKG_PAR_114,2018,21,18
SKG_PAR_115,2017,13,0
SKG_PAR_116,2015,29,27
SKG_PAR_117,2018,4,51
SKG_PAR_118,2017,11,25
SKG_PAR_122,2017,30,17
SKG_PAR_124,2015,94,38
SKG_PAR_125,2017,7,23
SKG_PAR_126,2017,32,20
SKG_PAR_127,2012,9,32
SKG_PAR_131,2020,21,115
SKG_PAR_132,2020,33,63
SKG_PAR_135,2016,39,36
SKG_PAR_137,2020,48,80
SKG_PAR_139,2013,2,28
SKG_PAR_143,2017,32,39
SKG_PAR_146,2020,7,0
SKG_PAR_147,2016,33,14
SKG_PAR_150,2020,3,26
SKG_PAR_151,2018,98,67
SKG_PAR_152,2018,20,47
SKG_PAR_155,2018,66,36
SKG_PAR_156,2017,8,26
SKG_PAR_161,2018,7,27
SKG_PAR_162,2016,33,19
SKG_PAR_163,2020,3,20
SKG_PAR_168,2018,5,52
SKG_PAR_172,2016,5,13
SKG_PAR_173,2016,60,21
SKG_PAR_174,2019,17,26
SKG_PAR_175,2016,40,32
SKG_PAR_176,2017,9,12
SKG_PAR_177,2017,33,18
SKG_PAR_180,2017,6,30
SKG_PAR_182,2016,61,31
SKG_PAR_183,2017,106,22
SKG_PAR_185,2014,423,21
SKG_PAR_186,2017,101,63
SKG_PAR_191,2018,68,51
SKG_PAR_192,2018,50,52
SKG_PAR_194,2017,15,28
SKG_PAR_197,2017,77,59
SKG_PAR_200,2012,21,19
SKG_PAR_202,2010,4,20
SKG_PAR_203,2017,1,25
SKG_PAR_204,2013,24,17
SKG_PAR_210,2017,58,16
SKG_PAR_211,2020,57,55
SKG_PAR_212,2014,44,25
SKG_PAR_213,2020,40,39
SKG_PAR_214,2018,105,19
SKG_PAR_215,2011,62,49
SKG_PAR_219,2010,29,25
SKG_PAR_222,2018,51,40
SKG_PAR_223,2016,119,38
SKG_PAR_224,2017,14,19
SKG_PAR_225,2018,10,34
NOVEL_QA_0,2021,48,90
NOVEL_QA_1,2021,1,0
NOVEL_QA_2,2021,64,44
NOVEL_QA_3,2021,73,38
NOVEL_QA_4,2021,34,57
NOVEL_QA_5,2021,1,48
NOVEL_QA_7,2021,10,19
NOVEL_QA_8,2021,9,33
NOVEL_QA_10,2021,22,51
NOVEL_QA_12,2021,33,51
NOVEL_QA_13,2021,122,48
NOVEL_QA_14,2021,29,49
NOVEL_QA_15,2021,99,45
NOVEL_QA_16,2021,39,40
NOVEL_QA_17,2021,0,11
NOVEL_QA_18,2021,11,25
NOVEL_QA_21,2021,27,28
NOVEL_QA_22,2021,21,43
NOVEL_QA_23,2021,11,18
NOVEL_QA_24,2021,1,0
NOVEL_QA_25,2021,4,28
NOVEL_QA_26,2021,2,37
NOVEL_QA_27,2021,4,38
NOVEL_QA_30,2021,0,51
NOVEL_QA_32,2021,3,39
NOVEL_QA_33,2021,2,31
NOVEL_QA_34,2021,14,31
NOVEL_QA_35,2021,13,34
NOVEL_QA_36,2021,17,90
NOVEL_QA_37,2021,19,26
NOVEL_QA_38,2020,25,54
NOVEL_QA_39,2021,19,21
NOVEL_QA_40,2021,26,42
NOVEL_QA_43,2021,27,38
NOVEL_QA_44,2021,143,46
NOVEL_QA_45,2021,17,87
NOVEL_QA_46,2021,49,58
NOVEL_QA_47,2021,7,45
NOVEL_QA_48,2021,20,43
NOVEL_QA_50,2021,26,20
NOVEL_QA_52,2021,1,25
NOVEL_QA_53,2021,2,58
NOVEL_QA_54,2021,18,46
NOVEL_QA_55,2021,6,18
NOVEL_QA_57,2021,45,24
NOVEL_QA_58,2021,6,32
NOVEL_QA_59,2021,10,39
NOVEL_QA_60,2021,20,53
NOVEL_QA_61,2021,11,23
NOVEL_QA_62,2021,3,29
NOVEL_QA_63,2021,19,31
NOVEL_QA_64,2021,11,49
NOVEL_QA_65,2021,18,38
NOVEL_QA_66,2021,1,24
NOVEL_QA_67,2021,18,39
NOVEL_QA_69,2021,10,35
NOVEL_QA_70,2021,33,37
NOVEL_QA_72,2021,51,31
NOVEL_QA_74,2021,91,46
NOVEL_QA_75,2021,3,33
NOVEL_QA_76,2021,32,49
NOVEL_QA_77,2021,29,27
NOVEL_QA_79,2021,24,63
NOVEL_QA_80,2021,15,32
NOVEL_QA_81,2021,35,77
NOVEL_QA_83,2021,10,48
NOVEL_QA_84,2021,5,41
NOVEL_QA_86,2021,11,51
SKG_QA_2,2020,9,26
SKG_QA_3,2013,3,5
SKG_QA_4,2017,213,26
SKG_QA_5,2011,15,60
SKG_QA_11,2019,30,0
SKG_QA_12,2013,20,27
SKG_QA_15,2015,454,27
SKG_QA_16,2020,0,26
SKG_QA_18,2020,3,43
SKG_QA_19,2019,121,25
SKG_QA_20,2013,228,48
SKG_QA_24,2017,2,14
SKG_QA_25,2019,5,42
SKG_QA_26,2017,43,27
SKG_QA_27,2019,19,27
SKG_QA_28,2015,14,13
SKG_QA_29,2019,116,65
SKG_QA_30,2019,30,48
SKG_QA_32,2020,18,20
SKG_QA_33,2020,47,33
SKG_QA_36,2018,25,13
SKG_QA_38,2018,165,31
SKG_QA_40,2018,41,24
SKG_QA_41,2020,21,37
SKG_QA_42,2017,27,19
SKG_QA_43,2019,28,21
SKG_QA_44,2019,38,32
SKG_QA_46,2017,19,27
SKG_QA_47,2017,174,57
SKG_QA_49,2019,149,56
SKG_QA_50,2019,7,24
SKG_QA_51,2019,87,20
SKG_QA_52,2020,6,31
SKG_QA_55,2019,126,47
SKG_QA_58,2017,21,35
SKG_QA_59,2020,59,41
SKG_QA_60,2018,14,29
SKG_QA_61,2020,55,37
SKG_QA_63,2016,13,34
SKG_QA_68,2019,100,37
SKG_QA_69,2020,9,26
SKG_QA_70,2016,262,39
SKG_QA_71,2018,432,58
SKG_QA_72,2018,147,46
SKG_QA_77,2019,48,35
SKG_QA_81,2019,302,47
SKG_QA_82,2019,5,24
SKG_QA_84,2013,4,32
SKG_QA_86,2019,40,28
SKG_QA_87,2018,70,0
SKG_QA_88,2020,7,52
SKG_QA_89,2019,60,39
SKG_QA_90,2019,2,40
SKG_QA_91,2020,42,64
SKG_QA_94,2020,2,34
SKG_QA_96,2020,14,29
SKG_QA_98,2019,25,27
SKG_QA_99,2019,137,43
SKG_QA_100,2019,38,23
SKG_QA_101,2010,246,35
SKG_QA_102,2019,73,60
SKG_QA_103,2020,202,52
SKG_QA_105,2020,2,14
SKG_QA_107,2015,58,23
SKG_QA_109,2019,48,23
SKG_QA_114,2020,473,41
SKG_QA_115,2019,26,38
SKG_QA_118,2016,12,36
SKG_QA_119,2017,179,54
SKG_QA_120,2020,17,37
SKG_QA_123,2019,105,34
SKG_QA_124,2018,3,19
SKG_QA_127,2018,2,26
SKG_QA_129,2020,117,40
SKG_QA_131,2016,5,7
SKG_QA_132,2020,8,23
SKG_QA_133,2018,101,25
SKG_QA_135,2020,60,38
SKG_QA_136,2018,515,51
SKG_QA_138,2019,510,26
SKG_QA_139,2019,18,36
SKG_QA_142,2020,9,48
SKG_QA_144,2020,134,58
SKG_QA_145,2017,9,46
SKG_QA_147,2019,91,45
SKG_QA_153,2019,94,43
SKG_QA_154,2020,78,47
SKG_QA_155,2015,178,30
SKG_QA_157,2017,18,14
SKG_QA_160,2019,20,0
SKG_QA_163,2020,32,14
SKG_QA_166,2018,24,33
SKG_QA_168,2015,372,29
SKG_QA_169,2018,13,67
SKG_QA_171,2020,2,22
SKG_QA_172,2017,91,31
SKG_QA_174,2020,2,16
SKG_QA_175,2017,30,48
SKG_QA_176,2018,194,23
SKG_QA_177,2018,43,47
SKG_QA_178,2020,307,54
SKG_QA_181,2020,49,52
SKG_QA_182,2016,1378,69
SKG_QA_184,2020,13,57
SKG_QA_186,2019,29,28
SKG_QA_187,2019,17,23
SKG_QA_190,2020,21,48
SKG_QA_191,2020,85,1
SKG_QA_193,2013,13,9
SKG_QA_194,2019,36,32
SKG_QA_195,2020,39,52
SKG_QA_197,2016,11,27
SKG_QA_202,2018,3,34
SKG_QA_203,2012,8,12
SKG_QA_204,2019,41,32
SKG_QA_206,2019,43,40
SKG_QA_209,2019,8,20
SKG_QA_212,2018,59,55
SKG_QA_214,2020,18,33
SKG_QA_217,2020,170,41
SKG_QA_218,2019,53,31
SKG_QA_219,2012,15,27
SKG_QA_220,2018,31,40
SKG_QA_221,2019,71,34
SKG_QA_222,2020,30,32
SKG_QA_223,2017,21,9
SKG_QA_224,2018,1433,21
SKG_QA_226,2020,24,68
SKG_QA_228,2020,26,48
SKG_QA_229,2018,90,22
SKG_QA_230,2018,158,19
SKG_QA_231,2019,23,49
SKG_QA_232,2020,156,35
SKG_QA_235,2017,12,13
SKG_QA_237,2020,36,67
SKG_QA_239,2020,6,60
SKG_QA_240,2011,9,27
SKG_QA_242,2017,10,43
SKG_QA_243,2018,67,31
SKG_QA_244,2020,16,38
SKG_QA_248,2018,1,16
SKG_QA_249,2019,38,30
SKG_QA_250,2020,9,45
SKG_QA_252,2019,45,53
SKG_QA_253,2016,26,33
SKG_QA_254,2018,19,36
SKG_QA_256,2015,112,30
SKG_QA_257,2019,30,32
SKG_QA_259,2019,71,30
SKG_QA_260,2019,24,31
SKG_QA_261,2016,79,22
SKG_QA_262,2019,109,67
SKG_QA_263,2019,3,49
SKG_QA_264,2020,52,36
SKG_QA_265,2019,129,24
SKG_QA_267,2019,186,31
SKG_QA_269,2015,43,16
SKG_QA_271,2018,67,49
SKG_QA_272,2017,720,46
SKG_QA_275,2019,46,19
SKG_QA_277,2017,302,36
SKG_QA_279,2020,4,41
SKG_QA_280,2020,12,43
SKG_QA_281,2020,9,21
SKG_QA_284,2019,115,37
SKG_QA_287,2020,5,36
SKG_QA_288,2017,46,19
SKG_QA_290,2020,62,34
SKG_QA_291,2019,156,25
SKG_QA_292,2019,38,67
SKG_QA_293,2020,13,27
SKG_QA_294,2018,18,35
SKG_QA_297,2020,60,47
SKG_QA_298,2015,62,10
SKG_QA_299,2019,10,35
SKG_QA_300,2020,99,49
SKG_QA_301,2020,79,94
SKG_QA_302,2011,248,28
SKG_QA_306,2019,46,19
SKG_QA_307,2020,4,25
SKG_QA_310,2019,7,25
SKG_QA_311,2019,41,35
SKG_QA_312,2016,102,32
SKG_QA_313,2020,42,28
SKG_QA_314,2019,9,15
SKG_QA_317,2020,20,24
SKG_QA_318,2020,11,51
SKG_QA_319,2019,4,24
SKG_QA_321,2018,28,20
SKG_QA_322,2018,108,24
SKG_QA_323,2020,38,25
SKG_QA_325,2020,10,81
SKG_QA_326,2020,2,47
SKG_QA_328,2015,18,23
SKG_QA_329,2019,4,23
SKG_QA_330,2019,10,26
SKG_QA_331,2020,153,54
SKG_QA_332,2020,2,31
SKG_QA_333,2019,67,30
SKG_QA_334,2013,35,30
SKG_QA_335,2016,125,44
SKG_QA_336,2011,139,21
SKG_QA_337,2016,20,17
SKG_QA_340,2016,50,57
SKG_QA_341,2017,1400,43
SKG_QA_342,2020,1,19
SKG_QA_343,2018,310,41
SKG_QA_345,2016,21,41
SKG_QA_346,2020,65,26
SKG_QA_348,2018,169,43
SKG_QA_351,2020,40,35
SKG_QA_352,2015,74,16
SKG_QA_353,2018,164,47
SKG_QA_354,2018,12,20
SKG_QA_356,2015,141,24
SKG_QA_359,2019,49,43
SKG_QA_360,2020,32,64
SKG_QA_361,2019,30,54
SKG_QA_362,2019,29,22
SKG_QA_363,2020,2,25
SKG_QA_364,2018,17,56
SKG_QA_365,2019,6,16
SKG_QA_366,2016,5,7
SKG_QA_367,2018,52,46
SKG_QA_368,2020,15,34
SKG_QA_369,2017,65,11
SKG_QA_370,2019,1,62
SKG_QA_371,2019,24,12
SKG_QA_372,2020,6,44
SKG_QA_373,2020,119,64
SKG_QA_374,2020,24,26
SKG_QA_375,2016,19,40
SKG_QA_376,2016,108,42
SKG_QA_380,2018,27,47
SKG_QA_381,2018,11,24
SKG_QA_382,2018,56,28
SKG_QA_383,2020,0,48
SKG_QA_384,2018,73,70
SKG_QA_385,2013,7,19
SKG_QA_386,2019,23,23
SKG_QA_387,2019,24,24
SKG_QA_389,2018,67,39
SKG_QA_391,2020,3,21
SKG_QA_392,2011,8,26
SKG_QA_393,2020,35,48
SKG_QA_394,2018,156,33
SKG_QA_395,2020,29,28
SKG_QA_396,2019,33,43
SKG_QA_397,2019,23,56
SKG_QA_399,2017,6,19
SKG_QA_401,2019,15,70
SKG_QA_402,2020,26,19
SKG_QA_403,2019,3,21
SKG_QA_404,2014,423,21
SKG_QA_405,2016,74,40
SKG_QA_406,2020,21,41
SKG_QA_407,2016,13,38
SKG_QA_408,2020,6,24
SKG_QA_409,2020,70,13
SKG_QA_412,2020,138,35
SKG_QA_413,2020,20,68
SKG_QA_415,2018,35,41
SKG_QA_416,2010,2,7
SKG_QA_417,2012,66,28
SKG_QA_419,2016,30,33
SKG_QA_421,2016,17,23
SKG_QA_422,2020,65,49
SKG_QA_423,2015,39,27
SKG_QA_424,2013,78,29
SKG_QA_426,2018,27,43
SKG_QA_431,2017,1,25
SKG_QA_432,2018,4,20
SKG_QA_438,2015,102,22
SKG_QA_440,2019,5,18
SKG_QA_441,2020,11,22
SKG_QA_442,2017,9,24
SKG_QA_444,2020,34,20
SKG_QA_445,2017,9,14
SKG_QA_446,2015,21,22
SKG_QA_447,2019,18,46
SKG_QA_449,2019,232,29
SKG_QA_450,2018,17,56
SKG_QA_452,2019,17,25
SKG_QA_454,2019,12,44
SKG_QA_455,2017,5,0
SKG_QA_457,2019,90,43
SKG_QA_458,2020,78,42
SKG_QA_460,2020,4,24
SKG_QA_462,2017,114,45
SKG_QA_466,2019,14,47
SKG_QA_470,2016,67,31
SKG_QA_471,2017,19,28
SKG_QA_472,2017,4,8
SKG_QA_473,2019,7,25
SKG_QA_475,2019,136,67
SKG_QA_476,2018,297,36
SKG_QA_477,2020,29,46
SKG_QA_479,2020,19,61
SKG_QA_481,2019,60,33
SKG_QA_482,2019,14,27
SKG_QA_483,2018,87,48
SKG_QA_484,2019,11,32
SKG_QA_486,2020,25,11
SKG_QA_487,2012,5,27
SKG_QA_489,2019,43,32
SKG_QA_490,2018,90,22
SKG_QA_492,2020,36,28
NOVEL_SA_0,2021,21,52
NOVEL_SA_1,2021,10,67
NOVEL_SA_2,2021,66,39
NOVEL_SA_3,2021,108,51
NOVEL_SA_4,2021,46,28
NOVEL_SA_7,2021,273,55
NOVEL_SA_8,2021,11,49
NOVEL_SA_9,2021,1,63
NOVEL_SA_10,2021,0,35
NOVEL_SA_11,2021,3,42
NOVEL_SA_12,2021,60,46
NOVEL_SA_13,2021,49,45
NOVEL_SA_14,2021,143,53
NOVEL_SA_15,2021,122,48
NOVEL_SA_16,2021,99,45
NOVEL_SA_17,2021,156,51
NOVEL_SA_18,2021,39,40
NOVEL_SA_19,2021,23,26
NOVEL_SA_20,2021,35,34
NOVEL_SA_21,2021,8,24
NOVEL_SA_22,2021,5,51
NOVEL_SA_24,2021,11,18
NOVEL_SA_25,2021,28,59
NOVEL_SA_26,2021,0,33
NOVEL_SA_27,2021,3,39
NOVEL_SA_28,2021,17,90
NOVEL_SA_29,2021,32,42
NOVEL_SA_30,2021,45,67
NOVEL_SA_31,2021,19,26
NOVEL_SA_33,2021,4,37
NOVEL_SA_34,2021,1,32
NOVEL_SA_37,2021,20,43
NOVEL_SA_38,2021,34,27
NOVEL_SA_39,2021,6,18
NOVEL_SA_40,2021,45,24
NOVEL_SA_41,2021,49,39
NOVEL_SA_42,2021,20,53
NOVEL_SA_43,2021,0,32
NOVEL_SA_44,2021,3,29
NOVEL_SA_45,2021,39,63
NOVEL_SA_46,2021,7,52
NOVEL_SA_48,2021,336,38
NOVEL_SA_49,2021,113,41
NOVEL_SA_50,2021,19,29
NOVEL_SA_51,2021,325,48
NOVEL_SA_52,2021,185,52
NOVEL_SA_53,2021,454,67
NOVEL_SA_55,2021,41,70
NOVEL_SA_56,2021,51,31
NOVEL_SA_57,2021,46,63
NOVEL_SA_58,2021,173,59
NOVEL_SA_59,2021,27,37
NOVEL_SA_60,2021,169,53
NOVEL_SA_61,2021,1,23
NOVEL_SA_62,2021,2,50
NOVEL_SA_63,2021,2,42
NOVEL_SA_64,2021,35,77
NOVEL_SA_65,2021,1,0
NOVEL_SA_66,2021,9,42
NOVEL_SA_67,2021,3,48
NOVEL_SA_69,2021,67,34
SKG_SA_0,2019,36,29
SKG_SA_1,2018,36,35
SKG_SA_2,2020,35,35
SKG_SA_4,2013,6646,42
SKG_SA_5,2012,65,25
SKG_SA_8,2016,6,29
SKG_SA_9,2015,66,29
SKG_SA_10,2018,93,22
SKG_SA_11,2019,291,22
SKG_SA_15,2019,49,30
SKG_SA_17,2016,185,46
SKG_SA_18,2018,2,15
SKG_SA_21,2017,8,8
SKG_SA_24,2012,966,21
SKG_SA_26,2016,0,14
SKG_SA_27,2019,78,32
SKG_SA_28,2018,35,22
SKG_SA_31,2018,513,25
SKG_SA_32,2013,79,58
SKG_SA_35,2019,0,17
SKG_SA_36,2014,1167,59
SKG_SA_38,2019,102,61
SKG_SA_39,2019,38,32
SKG_SA_40,2013,11,10
SKG_SA_41,2016,109,21
SKG_SA_46,2018,54,44
SKG_SA_48,2013,95,38
SKG_SA_49,2019,91,39
SKG_SA_51,2018,76,46
SKG_SA_52,2014,125,13
SKG_SA_54,2020,6,28
SKG_SA_55,2020,4,22
SKG_SA_57,2020,253,31
SKG_SA_58,2020,20,23
SKG_SA_64,2018,56,22
SKG_SA_65,2015,21,12
SKG_SA_71,2020,3,38
SKG_SA_76,2018,6,30
SKG_SA_77,2011,167,27
SKG_SA_78,2015,28,21
SKG_SA_81,2020,1,8
SKG_SA_83,2010,8,14
SKG_SA_84,2020,14,8
SKG_SA_85,2016,49,19
SKG_SA_87,2020,150,72
SKG_SA_89,2016,8,13
SKG_SA_90,2018,8,28
SKG_SA_91,2020,186,25
SKG_SA_92,2019,20,42
SKG_SA_94,2020,2,25
SKG_SA_95,2020,3,14
SKG_SA_100,2017,1,14
SKG_SA_101,2019,39,34
SKG_SA_102,2020,351,32
SKG_SA_105,2018,15,17
SKG_SA_106,2018,0,27
SKG_SA_107,2015,11,21
SKG_SA_108,2017,6,10
SKG_SA_111,2013,76,37
SKG_SA_114,2015,14,19
SKG_SA_116,2017,112,34
SKG_SA_117,2018,195,34
SKG_SA_118,2014,79,25
SKG_SA_124,2020,129,54
SKG_SA_128,2016,121,26
SKG_SA_131,2017,839,46
SKG_SA_133,2020,19,59
SKG_SA_134,2019,3,37
SKG_SA_137,2020,3,26
SKG_SA_139,2019,111,40
SKG_SA_140,2017,16,13
SKG_SA_141,2019,65,21
SKG_SA_143,2015,1512,56
SKG_SA_144,2018,130,19
SKG_SA_147,2019,8,47
SKG_SA_148,2012,96,26
SKG_SA_149,2017,172,47
SKG_SA_150,2020,324,42
SKG_SA_152,2017,41,28
SKG_SA_153,2018,189,52
SKG_SA_155,2018,379,38
SKG_SA_156,2020,15,31
SKG_SA_159,2019,6,25
SKG_SA_160,2016,90,26
SKG_SA_162,2018,5,24
SKG_SA_163,2017,46,52
SKG_SA_169,2018,9,24
SKG_SA_172,2018,622,43
SKG_SA_176,2018,3,17
SKG_SA_179,2018,176,31
SKG_SA_181,2011,18,15
SKG_SA_184,2017,3,10
SKG_SA_185,2017,7,8
SKG_SA_188,2018,13,21
SKG_SA_189,2019,142,38
SKG_SA_190,2016,28,18
SKG_SA_191,2013,28,23
SKG_SA_192,2011,246,10
SKG_SA_193,2016,60,32
SKG_SA_194,2018,185,27
SKG_SA_199,2018,60,41
SKG_SA_200,2019,291,22
SKG_SA_203,2018,46,55
SKG_SA_205,2020,257,40
SKG_SA_208,2019,18,33
SKG_SA_214,2020,0,13
SKG_SA_216,2019,33,24
SKG_SA_217,2010,56,18
SKG_SA_218,2019,15,32
SKG_SA_222,2018,32,41
SKG_SA_224,2014,6,12
SKG_SA_227,2017,57,40
SKG_SA_228,2017,25,44
SKG_SA_229,2013,3,19
SKG_SA_231,2020,595,39
SKG_SA_233,2020,54,39
SKG_SA_234,2016,224,31
SKG_SA_235,2020,0,20
SKG_SA_236,2019,88,29
SKG_SA_238,2016,2305,37
SKG_SA_240,2015,247,32
SKG_SA_246,2014,30,24
SKG_SA_247,2017,84,40
SKG_SA_248,2018,4,28
SKG_SA_249,2017,23,38
SKG_SA_252,2016,23,5
SKG_SA_253,2017,15,12
SKG_SA_256,2018,8,20
SKG_SA_258,2017,21,7
SKG_SA_260,2014,703,21
SKG_SA_261,2017,73,20
SKG_SA_263,2020,65,52
SKG_SA_266,2015,18,59
SKG_SA_267,2019,52,28
SKG_SA_268,2012,163,40
SKG_SA_269,2016,37,12
SKG_SA_271,2019,57,12
SKG_SA_272,2019,320,76
SKG_SA_274,2018,73,25
SKG_SA_275,2016,1027,48
SKG_SA_276,2020,1,11
SKG_SA_278,2014,9,22
SKG_SA_279,2019,1,9
SKG_SA_280,2020,22,40
SKG_SA_282,2018,8,7
SKG_SA_283,2014,1167,59
SKG_SA_284,2020,40,37
SKG_SA_289,2017,12,46
SKG_SA_293,2015,91,26
SKG_SA_294,2019,81,29
SKG_SA_296,2013,241,51
SKG_SA_297,2019,221,47
SKG_SA_299,2020,163,30
SKG_SA_300,2019,11,20
SKG_SA_302,2019,51,62
SKG_SA_303,2019,12,0
SKG_SA_305,2017,30,17
SKG_SA_306,2013,189,61
SKG_SA_307,2014,1073,23
SKG_SA_309,2016,11,29
SKG_SA_312,2020,14,19
SKG_SA_313,2015,38,28
SKG_SA_314,2018,40,32
SKG_SA_316,2017,17,16
SKG_SA_318,2013,40,19
SKG_SA_319,2017,11,19
SKG_SA_321,2015,16,22
SKG_SA_323,2015,245,38
SKG_SA_324,2018,31,20
SKG_SA_326,2018,24,49
SKG_SA_327,2018,38,29
SKG_SA_328,2019,5,0
SKG_SA_331,2017,25,25
SKG_SA_334,2015,115,32
SKG_SA_337,2019,21,33
SKG_SA_339,2014,4,16
SKG_SA_343,2011,140,21
SKG_SA_344,2020,41,21
SKG_SA_345,2020,126,39
SKG_SA_348,2019,25,17
SKG_SA_350,2020,3,21
SKG_SA_351,2011,108,41
SKG_SA_353,2017,113,48
SKG_SA_354,2016,3,6
SKG_SA_357,2019,274,36
SKG_SA_358,2020,1,8
SKG_SA_364,2017,27,43
SKG_SA_366,2015,83,38
SKG_SA_367,2018,9,35
SKG_SA_369,2016,3,7
SKG_SA_370,2017,18,13
SKG_SA_371,2020,11,24
SKG_SA_376,2019,0,0
SKG_SA_378,2019,17,30
SKG_SA_381,2018,21,23
SKG_SA_382,2015,375,9
SKG_SA_383,2019,50,67
SKG_SA_384,2020,189,50
SKG_SA_385,2016,126,24
SKG_SA_390,2017,22,13
SKG_SA_391,2017,65,40
SKG_SA_392,2019,12,44
SKG_SA_393,2015,14,16
SKG_SA_394,2019,700,35
SKG_SA_399,2019,223,38
SKG_SA_401,2015,22,35
SKG_SA_402,2020,11,23
SKG_SA_403,2020,2,15
SKG_SA_404,2017,1,12
SKG_SA_406,2017,85,58
SKG_SA_407,2016,297,25
SKG_SA_408,2020,33,55
SKG_SA_410,2015,163,31
SKG_SA_411,2018,49,50
SKG_SA_413,2020,1,24
SKG_SA_414,2013,216,27
SKG_SA_415,2015,201,13
SKG_SA_419,2017,157,41
SKG_SA_420,2010,65,15
SKG_SA_421,2017,10,14
SKG_SA_423,2011,846,32
SKG_SA_426,2016,5,45
SKG_SA_427,2016,38,11
SKG_SA_431,2016,4,16
SKG_SA_432,2015,30,33
SKG_SA_435,2013,460,15
SKG_SA_436,2019,8,26
SKG_SA_437,2015,376,51
SKG_SA_440,2019,358,44
SKG_SA_441,2014,11,9
SKG_SA_443,2016,12,11
SKG_SA_444,2019,16,24
SKG_SA_445,2020,117,52
SKG_SA_446,2019,30,21
SKG_SA_447,2017,17,61
SKG_SA_449,2014,2,13
SKG_SA_453,2020,38,28
SKG_SA_455,2019,414,34
SKG_SA_458,2015,11,29
SKG_SA_459,2018,15,22
SKG_SA_460,2014,615,23
SKG_SA_462,2016,21,11
SKG_SA_463,2016,11,17
SKG_SA_464,2019,4,33
SKG_SA_465,2017,21,24
SKG_SA_466,2017,19,27
SKG_SA_467,2020,29,33
SKG_SA_469,2013,5,12
SKG_SA_470,2020,55,48
SKG_SA_475,2017,3,34
SKG_SA_478,2020,127,9
SKG_SA_479,2019,26,47
SKG_SA_484,2013,37,20
SKG_SA_487,2018,71,31
SKG_SA_488,2018,198,33
SKG_SA_490,2014,125,31
SKG_SA_493,2016,340,27
SKG_SA_495,2017,1012,28
SKG_SA_496,2018,12,26
SKG_SA_497,2016,423,51
SKG_SA_498,2020,1,39
SKG_SA_500,2016,8,16
SKG_SA_503,2018,70,44
SKG_SA_504,2016,20,42
SKG_SA_505,2011,164,31
SKG_SA_506,2017,246,32
SKG_SA_509,2015,71,30
SKG_SA_510,2017,98,40
SKG_SA_511,2017,36,12
SKG_SA_516,2019,2,42
SKG_SA_517,2014,615,23
SKG_SA_518,2020,4,12
SKG_SA_519,2020,44,43
SKG_SA_520,2017,0,6
SKG_SA_521,2019,49,17
SKG_SA_525,2019,50,21
SKG_SA_526,2013,12,25
SKG_SA_527,2010,41,18
SKG_SA_530,2014,91,14
SKG_SA_531,2015,24,30
SKG_SA_535,2015,534,25
SKG_SA_537,2017,7,21
SKG_SA_538,2020,137,55
SKG_SA_540,2014,36,29
SKG_SA_541,2019,26,37
SKG_SA_542,2015,29,26
SKG_SA_543,2019,87,33
SKG_SA_544,2010,132,46
SKG_SA_545,2015,1,13
SKG_SA_546,2020,0,19
SKG_SA_547,2018,219,38
SKG_SA_548,2020,8,63
SKG_SA_549,2018,27,43
SKG_SA_551,2018,93,21
SKG_SA_552,2018,53,28
SKG_SA_553,2019,348,20
SKG_SA_554,2012,61,16
SKG_SA_555,2019,24,40
SKG_SA_556,2014,241,21
SKG_SA_557,2013,11,10
SKG_SA_558,2018,4,12
SKG_SA_564,2015,9,20
SKG_SA_565,2012,23,24
SKG_SA_566,2016,22,31
SKG_SA_567,2011,38,20
SKG_SA_576,2019,11,53
SKG_SA_577,2013,5,17
SKG_SA_578,2017,34,16
SKG_SA_581,2019,39,35
SKG_SA_583,2016,118,10
SKG_SA_584,2018,58,26
SKG_SA_585,2018,61,35
SKG_SA_586,2020,259,57
SKG_SA_587,2019,1,0
SKG_SA_590,2013,1,21
SKG_SA_591,2020,67,36
SKG_SA_592,2015,8,14
SKG_SA_593,2017,190,28
SKG_SA_594,2016,125,42
SKG_SA_595,2016,4,5
SKG_SA_596,2015,266,16
SKG_SA_597,2013,6646,42
SKG_SA_598,2019,20,28
SKG_SA_602,2018,499,42
SKG_SA_608,2015,45,35
SKG_SA_609,2013,14,20
SKG_SA_610,2019,292,38
SKG_SA_617,2016,13,14
SKG_SA_618,2014,2,9
SKG_SA_620,2020,3,24
SKG_SA_622,2017,18,29
SKG_SA_623,2019,3,28
SKG_SA_628,2019,25,35
SKG_SA_629,2018,2,36
SKG_SA_630,2017,98,40
SKG_SA_631,2018,2,28
SKG_SA_632,2018,25,21
SKG_SA_633,2013,12,15
SKG_SA_634,2016,583,25
SKG_SA_636,2018,34,35
NOVEL_SUM_3,2021,26,44
NOVEL_SUM_6,2021,10,51
NOVEL_SUM_7,2021,33,51
NOVEL_SUM_8,2021,5,25
NOVEL_SUM_10,2021,4,57
NOVEL_SUM_11,2021,76,32
NOVEL_SUM_12,2021,31,46
NOVEL_SUM_13,2021,20,27
NOVEL_SUM_14,2021,1,82
NOVEL_SUM_15,2021,35,34
NOVEL_SUM_16,2021,40,57
NOVEL_SUM_17,2021,4,54
NOVEL_SUM_19,2021,31,68
NOVEL_SUM_20,2021,6,64
NOVEL_SUM_21,2021,70,52
NOVEL_SUM_22,2021,18,58
NOVEL_SUM_23,2021,23,35
NOVEL_SUM_24,2021,12,71
NOVEL_SUM_26,2021,22,59
NOVEL_SUM_28,2021,2,31
NOVEL_SUM_30,2021,8,38
NOVEL_SUM_31,2021,20,34
NOVEL_SUM_32,2021,26,66
NOVEL_SUM_33,2021,5,36
NOVEL_SUM_36,2021,1,33
NOVEL_SUM_37,2021,62,73
NOVEL_SUM_38,2021,122,45
NOVEL_SUM_39,2021,43,37
NOVEL_SUM_41,2021,12,27
NOVEL_SUM_42,2021,70,34
NOVEL_SUM_44,2021,43,62
NOVEL_SUM_45,2021,27,43
NOVEL_SUM_46,2021,129,73
NOVEL_SUM_47,2021,209,51
NOVEL_SUM_49,2021,128,56
NOVEL_SUM_52,2021,1,26
NOVEL_SUM_53,2021,15,26
NOVEL_SUM_54,2021,85,21
NOVEL_SUM_56,2021,11,26
NOVEL_SUM_58,2021,24,57
NOVEL_SUM_59,2021,9,40
NOVEL_SUM_60,2021,33,65
NOVEL_SUM_61,2021,35,69
NOVEL_SUM_64,2021,26,77
NOVEL_SUM_66,2021,11,47
NOVEL_SUM_67,2021,19,34
NOVEL_SUM_68,2021,74,65
NOVEL_SUM_69,2021,13,33
NOVEL_SUM_70,2021,7,31
NOVEL_SUM_71,2021,64,69
NOVEL_SUM_72,2021,199,46
NOVEL_SUM_73,2021,40,46
NOVEL_SUM_75,2021,4,37
NOVEL_SUM_76,2021,20,18
NOVEL_SUM_77,2021,13,29
SKG_SUM_0,2013,69,34
SKG_SUM_3,2020,358,34
SKG_SUM_7,2010,20,26
SKG_SUM_9,2020,7,28
SKG_SUM_10,2020,121,48
SKG_SUM_13,2020,358,34
SKG_SUM_14,2020,108,43
SKG_SUM_16,2020,26,45
SKG_SUM_17,2015,145,19
SKG_SUM_19,2020,151,53
SKG_SUM_21,2019,158,39
SKG_SUM_22,2014,31,29
SKG_SUM_26,2020,63,26
SKG_SUM_28,2020,273,53
SKG_SUM_30,2019,15,51
SKG_SUM_31,2019,121,32
SKG_SUM_34,2013,6,23
SKG_SUM_37,2019,100,37
SKG_SUM_40,2014,67,23
SKG_SUM_42,2010,18,31
SKG_SUM_43,2014,52,30
SKG_SUM_45,2011,39,22
SKG_SUM_46,2018,8,0
SKG_SUM_47,2019,9,23
SKG_SUM_51,2019,12,35
SKG_SUM_53,2020,16,24
SKG_SUM_54,2018,154,31
SKG_SUM_55,2020,86,57
SKG_SUM_56,2020,15,55
SKG_SUM_57,2019,32,30
SKG_SUM_58,2019,63,38
SKG_SUM_59,2012,116,25
SKG_SUM_61,2018,1,2
SKG_SUM_62,2018,33,48
SKG_SUM_64,2015,6,28
SKG_SUM_66,2020,116,68
SKG_SUM_67,2010,37,16
SKG_SUM_68,2014,37,19
SKG_SUM_69,2018,68,20
SKG_SUM_70,2020,63,26
SKG_SUM_72,2012,27,22
SKG_SUM_73,2019,36,36
SKG_SUM_75,2020,1,51
SKG_SUM_76,2013,4,29
SKG_SUM_78,2016,13,33
SKG_SUM_79,2019,1570,38
SKG_SUM_80,2011,76,26
SKG_SUM_83,2010,56,18
SKG_SUM_84,2020,85,1
SKG_SUM_85,2016,922,25
SKG_SUM_86,2017,72,34
SKG_SUM_89,2019,36,36
SKG_SUM_91,2019,28,22
SKG_SUM_92,2015,69,27
SKG_SUM_93,2018,137,17
SKG_SUM_94,2019,61,76
SKG_SUM_95,2019,52,36
SKG_SUM_96,2019,100,55
SKG_SUM_97,2012,15,27
SKG_SUM_99,2020,3,53
SKG_SUM_100,2018,13,33
SKG_SUM_101,2019,53,38
SKG_SUM_102,2018,8,26
SKG_SUM_103,2017,9,17
SKG_SUM_104,2020,6,25
SKG_SUM_105,2020,7,37
SKG_SUM_106,2020,121,21
SKG_SUM_107,2015,37,49
SKG_SUM_108,2016,48,49
SKG_SUM_109,2017,60,26
SKG_SUM_110,2011,9,27
SKG_SUM_112,2019,178,61
SKG_SUM_113,2017,248,52
SKG_SUM_114,2018,47,41
SKG_SUM_115,2019,34,36
SKG_SUM_117,2018,168,40
SKG_SUM_118,2020,18,28
SKG_SUM_119,2020,7,58
SKG_SUM_120,2018,25,56
SKG_SUM_121,2020,47,36
SKG_SUM_122,2018,39,38
SKG_SUM_123,2020,358,34
SKG_SUM_124,2019,110,64
SKG_SUM_125,2019,158,39
SKG_SUM_126,2019,27,30
SKG_SUM_127,2019,32,42
SKG_SUM_128,2016,25,27
SKG_SUM_129,2015,2,23
SKG_SUM_130,2011,22,10
SKG_SUM_131,2020,13,33
SKG_SUM_132,2018,27,28
SKG_SUM_133,2018,13,49
SKG_SUM_135,2020,2,42
SKG_SUM_136,2015,159,56
SKG_SUM_137,2019,16,31
SKG_SUM_138,2020,108,43
SKG_SUM_139,2020,70,53
SKG_SUM_140,2020,10,81
SKG_SUM_141,2018,224,30
SKG_SUM_145,2014,19,16
SKG_SUM_146,2020,122,44
SKG_SUM_147,2012,62,11
SKG_SUM_149,2019,47,36
SKG_SUM_150,2020,19,36
SKG_SUM_152,2018,720,50
SKG_SUM_153,2019,44,33
SKG_SUM_154,2013,29,19
SKG_SUM_155,2013,48,34
SKG_SUM_156,2019,16,31
SKG_SUM_157,2020,1,24
SKG_SUM_158,2018,98,35
SKG_SUM_159,2019,59,55
SKG_SUM_160,2020,3,28
SKG_SUM_161,2019,357,49
SKG_SUM_163,2018,37,32
SKG_SUM_164,2018,94,45
SKG_SUM_165,2018,67,24
SKG_SUM_167,2018,607,67
SKG_SUM_168,2019,31,79
SKG_SUM_169,2019,37,43
SKG_SUM_170,2020,51,39
SKG_SUM_171,2020,2,34
SKG_SUM_172,2015,239,45
SKG_SUM_176,2018,60,50
SKG_SUM_177,2015,29,34
SKG_SUM_178,2015,134,19
SKG_SUM_179,2018,43,36
SKG_SUM_180,2013,32,13
SKG_SUM_182,2019,10,49
SKG_SUM_183,2019,27,30
SKG_SUM_184,2020,43,42
SKG_SUM_186,2015,15,14
SKG_SUM_189,2020,72,51
SKG_SUM_190,2016,99,42
SKG_SUM_191,2017,62,21
SKG_SUM_192,2020,262,55
SKG_SUM_193,2013,91,27
SKG_SUM_197,2016,27,26
SKG_SUM_199,2020,3,61
SKG_SUM_200,2019,68,35
SKG_SUM_201,2019,35,25
SKG_SUM_202,2019,136,22
SKG_SUM_206,2020,4,47
SKG_SUM_207,2019,42,32
SKG_SUM_209,2020,42,55
SKG_SUM_210,2019,152,49
SKG_SUM_213,2019,123,35
SKG_SUM_215,2020,7,31
SKG_SUM_217,2016,24,27
SKG_SUM_218,2018,66,28
SKG_SUM_219,2018,174,44
SKG_SUM_220,2019,9,37
