paper_id,label
BLOG_DIA_0,0
BLOG_DIA_1,0
BLOG_DIA_2,0
BLOG_DIA_3,0
BLOG_DIA_4,0
BLOG_DIA_5,0
BLOG_DIA_6,0
BLOG_DIA_7,0
BLOG_DIA_8,0
BLOG_DIA_9,0
BLOG_DIA_10,0
NOVEL_DIA_0,1
NOVEL_DIA_1,1
NOVEL_DIA_2,1
NOVEL_DIA_3,1
NOVEL_DIA_4,1
NOVEL_DIA_5,1
NOVEL_DIA_6,1
NOVEL_DIA_7,1
NOVEL_DIA_8,1
NOVEL_DIA_9,1
NOVEL_DIA_10,1
NOVEL_DIA_11,1
NOVEL_DIA_12,1
NOVEL_DIA_13,1
NOVEL_DIA_14,1
NOVEL_DIA_15,1
NOVEL_DIA_16,1
NOVEL_DIA_17,1
NOVEL_DIA_18,1
NOVEL_DIA_19,1
NOVEL_DIA_20,1
NOVEL_DIA_21,1
NOVEL_DIA_22,1
NOVEL_DIA_23,1
NOVEL_DIA_24,1
NOVEL_DIA_25,1
NOVEL_DIA_26,1
NOVEL_DIA_27,1
NOVEL_DIA_28,1
NOVEL_DIA_29,1
NOVEL_DIA_30,1
NOVEL_DIA_31,1
NOVEL_DIA_32,1
NOVEL_DIA_33,1
NOVEL_DIA_34,1
NOVEL_DIA_35,1
NOVEL_DIA_37,1
NOVEL_DIA_38,1
NOVEL_DIA_39,1
NOVEL_DIA_40,1
NOVEL_DIA_41,1
NOVEL_DIA_42,1
NOVEL_DIA_43,1
NOVEL_DIA_44,1
NOVEL_DIA_45,1
NOVEL_DIA_46,1
NOVEL_DIA_47,1
NOVEL_DIA_48,1
NOVEL_DIA_49,1
NOVEL_DIA_50,1
NOVEL_DIA_51,1
NOVEL_DIA_52,1
NOVEL_DIA_53,1
NOVEL_DIA_54,1
NOVEL_DIA_55,1
NOVEL_DIA_56,1
NOVEL_DIA_57,1
NOVEL_DIA_58,1
NOVEL_DIA_59,1
NOVEL_DIA_60,1
NOVEL_DIA_61,1
NOVEL_DIA_62,1
NOVEL_DIA_63,1
NOVEL_DIA_64,1
NOVEL_DIA_65,1
NOVEL_DIA_66,1
NOVEL_DIA_67,1
NOVEL_DIA_68,1
NOVEL_DIA_69,1
NOVEL_DIA_70,1
NOVEL_DIA_71,1
SKG_DIA_0,0
SKG_DIA_2,0
SKG_DIA_3,0
SKG_DIA_4,0
SKG_DIA_5,0
SKG_DIA_6,0
SKG_DIA_7,0
SKG_DIA_8,0
SKG_DIA_9,0
SKG_DIA_10,0
SKG_DIA_11,0
SKG_DIA_12,0
SKG_DIA_13,0
SKG_DIA_14,0
SKG_DIA_15,0
SKG_DIA_16,0
SKG_DIA_17,0
SKG_DIA_18,0
SKG_DIA_19,0
SKG_DIA_20,0
SKG_DIA_21,0
SKG_DIA_22,0
SKG_DIA_23,0
SKG_DIA_24,0
SKG_DIA_25,0
SKG_DIA_26,0
SKG_DIA_27,0
SKG_DIA_28,0
SKG_DIA_29,0
SKG_DIA_30,0
SKG_DIA_31,0
SKG_DIA_32,0
SKG_DIA_33,0
SKG_DIA_34,0
SKG_DIA_35,0
SKG_DIA_36,0
SKG_DIA_39,0
SKG_DIA_40,0
SKG_DIA_41,0
SKG_DIA_42,0
SKG_DIA_43,0
SKG_DIA_44,0
SKG_DIA_45,0
SKG_DIA_46,0
SKG_DIA_47,0
SKG_DIA_48,0
SKG_DIA_49,0
SKG_DIA_50,0
SKG_DIA_51,0
SKG_DIA_52,0
SKG_DIA_53,0
SKG_DIA_54,0
SKG_DIA_55,0
SKG_DIA_56,0
SKG_DIA_57,0
SKG_DIA_58,0
SKG_DIA_59,0
SKG_DIA_60,0
SKG_DIA_61,0
SKG_DIA_62,0
SKG_DIA_63,0
SKG_DIA_64,0
SKG_DIA_65,0
SKG_DIA_66,0
SKG_DIA_67,0
SKG_DIA_68,0
SKG_DIA_69,0
SKG_DIA_70,0
SKG_DIA_71,0
SKG_DIA_72,0
SKG_DIA_73,0
SKG_DIA_74,0
SKG_DIA_75,0
SKG_DIA_76,0
SKG_DIA_77,0
SKG_DIA_78,0
SKG_DIA_79,0
SKG_DIA_80,0
SKG_DIA_82,0
SKG_DIA_84,0
SKG_DIA_86,0
SKG_DIA_87,0
SKG_DIA_88,0
SKG_DIA_89,0
SKG_DIA_90,0
SKG_DIA_91,0
SKG_DIA_92,0
SKG_DIA_93,0
SKG_DIA_94,0
SKG_DIA_95,0
SKG_DIA_96,0
SKG_DIA_97,0
SKG_DIA_98,0
SKG_DIA_99,0
SKG_DIA_100,0
SKG_DIA_101,0
SKG_DIA_102,0
SKG_DIA_103,0
SKG_DIA_104,0
SKG_DIA_105,0
SKG_DIA_106,0
SKG_DIA_107,0
SKG_DIA_108,0
SKG_DIA_109,0
SKG_DIA_110,0
SKG_DIA_111,0
SKG_DIA_112,0
SKG_DIA_113,0
SKG_DIA_115,0
SKG_DIA_116,0
SKG_DIA_117,0
SKG_DIA_118,0
SKG_DIA_119,0
SKG_DIA_120,0
SKG_DIA_122,0
SKG_DIA_123,0
SKG_DIA_124,0
SKG_DIA_125,0
SKG_DIA_126,0
SKG_DIA_127,0
SKG_DIA_128,0
SKG_DIA_129,0
SKG_DIA_131,0
SKG_DIA_132,0
SKG_DIA_133,0
SKG_DIA_134,0
SKG_DIA_135,0
SKG_DIA_136,0
SKG_DIA_137,0
SKG_DIA_138,0
SKG_DIA_139,0
SKG_DIA_140,0
SKG_DIA_141,0
SKG_DIA_142,0
SKG_DIA_143,0
SKG_DIA_144,0
SKG_DIA_145,0
SKG_DIA_146,0
SKG_DIA_147,0
SKG_DIA_148,0
SKG_DIA_149,0
SKG_DIA_150,0
SKG_DIA_151,0
SKG_DIA_152,0
SKG_DIA_153,0
SKG_DIA_154,0
SKG_DIA_155,0
SKG_DIA_156,0
SKG_DIA_157,0
SKG_DIA_158,0
SKG_DIA_159,0
SKG_DIA_160,0
SKG_DIA_161,0
SKG_DIA_162,0
SKG_DIA_163,0
SKG_DIA_164,0
SKG_DIA_165,0
SKG_DIA_166,0
SKG_DIA_167,0
SKG_DIA_168,0
SKG_DIA_169,0
SKG_DIA_170,0
SKG_DIA_171,0
SKG_DIA_172,0
SKG_DIA_173,0
SKG_DIA_174,0
SKG_DIA_175,0
SKG_DIA_176,0
SKG_DIA_177,0
SKG_DIA_178,0
SKG_DIA_179,0
SKG_DIA_180,0
SKG_DIA_182,0
SKG_DIA_183,0
SKG_DIA_184,0
SKG_DIA_185,0
SKG_DIA_186,0
SKG_DIA_187,0
SKG_DIA_188,0
SKG_DIA_189,0
SKG_DIA_190,0
SKG_DIA_191,0
SKG_DIA_192,0
SKG_DIA_193,0
SKG_DIA_194,0
SKG_DIA_195,0
SKG_DIA_196,0
SKG_DIA_197,0
SKG_DIA_198,0
SKG_DIA_199,0
SKG_DIA_200,0
SKG_DIA_201,0
SKG_DIA_202,0
SKG_DIA_203,0
SKG_DIA_204,0
SKG_DIA_205,0
SKG_DIA_206,0
SKG_DIA_207,0
SKG_DIA_208,0
SKG_DIA_209,0
SKG_DIA_210,0
SKG_DIA_211,0
SKG_DIA_212,0
SKG_DIA_213,0
SKG_DIA_214,0
SKG_DIA_215,0
SKG_DIA_216,0
SKG_DIA_217,0
SKG_DIA_218,0
SKG_DIA_219,0
SKG_DIA_220,0
SKG_DIA_221,0
SKG_DIA_222,0
SKG_DIA_223,0
SKG_DIA_224,0
SKG_DIA_225,0
SKG_DIA_226,0
SKG_DIA_227,0
SKG_DIA_228,0
SKG_DIA_229,0
SKG_DIA_230,0
SKG_DIA_231,0
SKG_DIA_232,0
SKG_DIA_233,0
SKG_DIA_234,0
SKG_DIA_235,0
SKG_DIA_236,0
SKG_DIA_237,0
SKG_DIA_238,0
SKG_DIA_240,0
SKG_DIA_241,0
SKG_DIA_242,0
SKG_DIA_243,0
SKG_DIA_244,0
SKG_DIA_245,0
SKG_DIA_247,0
SKG_DIA_248,0
SKG_DIA_249,0
SKG_DIA_251,0
SKG_DIA_252,0
SKG_DIA_253,0
SKG_DIA_254,0
SKG_DIA_255,0
SKG_DIA_256,0
SKG_DIA_257,0
SKG_DIA_258,0
SKG_DIA_259,0
SKG_DIA_260,0
SKG_DIA_261,0
SKG_DIA_262,0
SKG_DIA_263,0
SKG_DIA_264,0
SKG_DIA_265,0
SKG_DIA_266,0
SKG_DIA_267,0
SKG_DIA_268,0
SKG_DIA_269,0
SKG_DIA_270,0
SKG_DIA_271,0
SKG_DIA_272,0
SKG_DIA_273,0
SKG_DIA_275,0
SKG_DIA_276,0
SKG_DIA_277,0
SKG_DIA_278,0
SKG_DIA_279,0
SKG_DIA_280,0
SKG_DIA_281,0
SKG_DIA_282,0
SKG_DIA_283,0
SKG_DIA_284,0
SKG_DIA_285,0
SKG_DIA_286,0
SKG_DIA_287,0
SKG_DIA_288,0
SKG_DIA_289,0
SKG_DIA_290,0
SKG_DIA_291,0
SKG_DIA_292,0
SKG_DIA_293,0
SKG_DIA_295,0
SKG_DIA_296,0
SKG_DIA_297,0
SKG_DIA_298,0
SKG_DIA_299,0
SKG_DIA_300,0
SKG_DIA_301,0
SKG_DIA_302,0
SKG_DIA_303,0
SKG_DIA_304,0
SKG_DIA_305,0
SKG_DIA_306,0
SKG_DIA_307,0
SKG_DIA_308,0
SKG_DIA_309,0
SKG_DIA_310,0
SKG_DIA_311,0
SKG_DIA_313,0
SKG_DIA_314,0
SKG_DIA_315,0
SKG_DIA_316,0
SKG_DIA_317,0
SKG_DIA_318,0
SKG_DIA_1,0
BLOG_MT_0,0
BLOG_MT_1,0
BLOG_MT_2,0
BLOG_MT_3,0
BLOG_MT_4,0
BLOG_MT_5,0
BLOG_MT_6,0
BLOG_MT_7,0
BLOG_MT_8,0
BLOG_MT_9,0
BLOG_MT_10,0
BLOG_MT_11,0
NOVEL_MT_0,1
NOVEL_MT_2,1
NOVEL_MT_3,1
NOVEL_MT_4,1
NOVEL_MT_5,1
NOVEL_MT_6,1
NOVEL_MT_7,1
NOVEL_MT_8,1
NOVEL_MT_9,1
NOVEL_MT_10,1
NOVEL_MT_11,1
NOVEL_MT_12,1
NOVEL_MT_14,1
NOVEL_MT_15,1
NOVEL_MT_16,1
NOVEL_MT_17,1
NOVEL_MT_18,1
NOVEL_MT_19,1
NOVEL_MT_20,1
NOVEL_MT_21,1
NOVEL_MT_22,1
NOVEL_MT_23,1
NOVEL_MT_24,1
NOVEL_MT_25,1
NOVEL_MT_26,1
NOVEL_MT_27,1
NOVEL_MT_28,1
NOVEL_MT_29,1
NOVEL_MT_30,1
NOVEL_MT_31,1
NOVEL_MT_33,1
NOVEL_MT_34,1
NOVEL_MT_35,1
NOVEL_MT_36,1
NOVEL_MT_37,1
NOVEL_MT_38,1
NOVEL_MT_39,1
NOVEL_MT_40,1
NOVEL_MT_41,1
NOVEL_MT_42,1
NOVEL_MT_43,1
NOVEL_MT_44,1
NOVEL_MT_45,1
NOVEL_MT_46,1
NOVEL_MT_47,1
NOVEL_MT_48,1
NOVEL_MT_49,1
NOVEL_MT_50,1
NOVEL_MT_51,1
NOVEL_MT_52,1
NOVEL_MT_53,1
NOVEL_MT_54,1
NOVEL_MT_55,1
NOVEL_MT_56,1
NOVEL_MT_57,1
NOVEL_MT_58,1
NOVEL_MT_59,1
NOVEL_MT_60,1
NOVEL_MT_61,1
NOVEL_MT_62,1
NOVEL_MT_63,1
NOVEL_MT_64,1
NOVEL_MT_65,1
NOVEL_MT_66,1
NOVEL_MT_67,1
NOVEL_MT_68,1
NOVEL_MT_69,1
NOVEL_MT_70,1
NOVEL_MT_71,1
NOVEL_MT_72,1
NOVEL_MT_73,1
NOVEL_MT_74,1
NOVEL_MT_75,1
NOVEL_MT_76,1
NOVEL_MT_77,1
NOVEL_MT_78,1
NOVEL_MT_79,1
NOVEL_MT_80,1
NOVEL_MT_81,1
NOVEL_MT_82,1
NOVEL_MT_83,1
NOVEL_MT_84,1
NOVEL_MT_85,1
NOVEL_MT_86,1
NOVEL_MT_87,1
NOVEL_MT_88,1
NOVEL_MT_89,1
NOVEL_MT_90,1
NOVEL_MT_91,1
NOVEL_MT_92,1
NOVEL_MT_93,1
NOVEL_MT_94,1
NOVEL_MT_95,1
NOVEL_MT_96,1
NOVEL_MT_97,1
NOVEL_MT_98,1
NOVEL_MT_99,1
NOVEL_MT_100,1
NOVEL_MT_101,1
NOVEL_MT_102,1
NOVEL_MT_103,1
NOVEL_MT_104,1
NOVEL_MT_105,1
NOVEL_MT_106,1
NOVEL_MT_107,1
NOVEL_MT_108,1
NOVEL_MT_109,1
NOVEL_MT_110,1
NOVEL_MT_111,1
NOVEL_MT_112,1
NOVEL_MT_113,1
NOVEL_MT_114,1
NOVEL_MT_115,1
NOVEL_MT_116,1
NOVEL_MT_117,1
NOVEL_MT_118,1
NOVEL_MT_119,1
NOVEL_MT_120,1
NOVEL_MT_121,1
NOVEL_MT_122,1
NOVEL_MT_123,1
NOVEL_MT_124,1
NOVEL_MT_125,1
NOVEL_MT_126,1
NOVEL_MT_127,1
NOVEL_MT_128,1
NOVEL_MT_129,1
NOVEL_MT_130,1
NOVEL_MT_131,1
NOVEL_MT_132,1
NOVEL_MT_133,1
NOVEL_MT_134,1
NOVEL_MT_135,1
NOVEL_MT_136,1
NOVEL_MT_137,1
NOVEL_MT_138,1
NOVEL_MT_139,1
NOVEL_MT_140,1
NOVEL_MT_141,1
NOVEL_MT_142,1
NOVEL_MT_143,1
NOVEL_MT_144,1
NOVEL_MT_146,1
NOVEL_MT_147,1
NOVEL_MT_148,1
NOVEL_MT_150,1
NOVEL_MT_151,1
NOVEL_MT_152,1
NOVEL_MT_153,1
NOVEL_MT_154,1
NOVEL_MT_155,1
NOVEL_MT_156,1
NOVEL_MT_157,1
NOVEL_MT_158,1
NOVEL_MT_159,1
NOVEL_MT_160,1
NOVEL_MT_161,1
NOVEL_MT_162,1
NOVEL_MT_163,1
NOVEL_MT_164,1
NOVEL_MT_165,1
NOVEL_MT_166,1
NOVEL_MT_167,1
NOVEL_MT_168,1
NOVEL_MT_169,1
NOVEL_MT_170,1
NOVEL_MT_171,1
NOVEL_MT_172,1
NOVEL_MT_173,1
NOVEL_MT_174,1
NOVEL_MT_175,1
NOVEL_MT_176,1
NOVEL_MT_177,1
NOVEL_MT_178,1
NOVEL_MT_179,1
NOVEL_MT_180,1
NOVEL_MT_181,1
NOVEL_MT_182,1
NOVEL_MT_183,1
NOVEL_MT_184,1
NOVEL_MT_185,1
NOVEL_MT_186,1
NOVEL_MT_187,1
NOVEL_MT_188,1
NOVEL_MT_189,1
NOVEL_MT_190,1
NOVEL_MT_191,1
NOVEL_MT_192,1
NOVEL_MT_193,1
NOVEL_MT_194,1
NOVEL_MT_195,1
NOVEL_MT_196,1
NOVEL_MT_197,1
NOVEL_MT_198,1
NOVEL_MT_199,1
NOVEL_MT_200,1
NOVEL_MT_201,1
NOVEL_MT_202,1
NOVEL_MT_203,1
NOVEL_MT_204,1
NOVEL_MT_205,1
NOVEL_MT_206,1
NOVEL_MT_207,1
NOVEL_MT_208,1
NOVEL_MT_209,1
NOVEL_MT_210,1
NOVEL_MT_211,1
NOVEL_MT_212,1
NOVEL_MT_213,1
NOVEL_MT_214,1
NOVEL_MT_215,1
NOVEL_MT_216,1
NOVEL_MT_217,1
NOVEL_MT_218,1
NOVEL_MT_219,1
NOVEL_MT_220,1
NOVEL_MT_221,1
NOVEL_MT_222,1
NOVEL_MT_223,1
NOVEL_MT_224,1
NOVEL_MT_225,1
NOVEL_MT_226,1
NOVEL_MT_227,1
NOVEL_MT_228,1
NOVEL_MT_229,1
NOVEL_MT_230,1
NOVEL_MT_231,1
NOVEL_MT_232,1
NOVEL_MT_233,1
NOVEL_MT_234,1
NOVEL_MT_235,1
NOVEL_MT_236,1
NOVEL_MT_237,1
NOVEL_MT_238,1
NOVEL_MT_239,1
NOVEL_MT_241,1
NOVEL_MT_242,1
NOVEL_MT_243,1
NOVEL_MT_244,1
NOVEL_MT_245,1
NOVEL_MT_246,1
NOVEL_MT_247,1
NOVEL_MT_248,1
NOVEL_MT_249,1
NOVEL_MT_250,1
NOVEL_MT_251,1
NOVEL_MT_252,1
NOVEL_MT_253,1
NOVEL_MT_254,1
NOVEL_MT_255,1
NOVEL_MT_256,1
NOVEL_MT_257,1
NOVEL_MT_258,1
NOVEL_MT_259,1
NOVEL_MT_260,1
NOVEL_MT_261,1
NOVEL_MT_262,1
NOVEL_MT_263,1
NOVEL_MT_264,1
NOVEL_MT_265,1
NOVEL_MT_266,1
NOVEL_MT_267,1
NOVEL_MT_268,1
NOVEL_MT_269,1
NOVEL_MT_270,1
NOVEL_MT_271,1
NOVEL_MT_272,1
NOVEL_MT_273,1
NOVEL_MT_274,1
NOVEL_MT_275,1
NOVEL_MT_276,1
NOVEL_MT_277,1
NOVEL_MT_278,1
NOVEL_MT_279,1
NOVEL_MT_280,1
NOVEL_MT_281,1
NOVEL_MT_282,1
NOVEL_MT_283,1
NOVEL_MT_284,1
NOVEL_MT_286,1
NOVEL_MT_287,1
NOVEL_MT_288,1
NOVEL_MT_289,1
NOVEL_MT_290,1
NOVEL_MT_291,1
NOVEL_MT_292,1
NOVEL_MT_294,1
NOVEL_MT_295,1
NOVEL_MT_296,1
NOVEL_MT_297,1
NOVEL_MT_298,1
NOVEL_MT_299,1
NOVEL_MT_300,1
NOVEL_MT_301,1
NOVEL_MT_302,1
NOVEL_MT_303,1
NOVEL_MT_304,1
NOVEL_MT_305,1
NOVEL_MT_306,1
SKG_MT_0,0
SKG_MT_1,0
SKG_MT_2,0
SKG_MT_3,0
SKG_MT_4,0
SKG_MT_5,0
SKG_MT_6,0
SKG_MT_7,0
SKG_MT_8,0
SKG_MT_10,0
SKG_MT_11,0
SKG_MT_12,0
SKG_MT_13,0
SKG_MT_14,0
SKG_MT_15,0
SKG_MT_16,0
SKG_MT_17,0
SKG_MT_18,0
SKG_MT_19,0
SKG_MT_20,0
SKG_MT_21,0
SKG_MT_22,0
SKG_MT_23,0
SKG_MT_24,0
SKG_MT_25,0
SKG_MT_26,0
SKG_MT_27,0
SKG_MT_28,0
SKG_MT_29,0
SKG_MT_30,0
SKG_MT_31,0
SKG_MT_32,0
SKG_MT_33,0
SKG_MT_34,0
SKG_MT_35,0
SKG_MT_36,0
SKG_MT_37,0
SKG_MT_38,0
SKG_MT_39,0
SKG_MT_40,0
SKG_MT_41,0
SKG_MT_42,0
SKG_MT_43,0
SKG_MT_44,0
SKG_MT_45,0
SKG_MT_46,0
SKG_MT_47,0
SKG_MT_48,0
SKG_MT_49,0
SKG_MT_50,0
SKG_MT_51,0
SKG_MT_52,0
SKG_MT_53,0
SKG_MT_54,0
SKG_MT_55,0
SKG_MT_56,0
SKG_MT_57,0
SKG_MT_58,0
SKG_MT_59,0
SKG_MT_60,0
SKG_MT_61,0
SKG_MT_62,0
SKG_MT_64,0
SKG_MT_65,0
SKG_MT_66,0
SKG_MT_67,0
SKG_MT_68,0
SKG_MT_69,0
SKG_MT_70,0
SKG_MT_71,0
SKG_MT_72,0
SKG_MT_73,0
SKG_MT_74,0
SKG_MT_75,0
SKG_MT_76,0
SKG_MT_77,0
SKG_MT_78,0
SKG_MT_79,0
SKG_MT_80,0
SKG_MT_81,0
SKG_MT_82,0
SKG_MT_83,0
SKG_MT_84,0
SKG_MT_85,0
SKG_MT_86,0
SKG_MT_87,0
SKG_MT_88,0
SKG_MT_89,0
SKG_MT_90,0
SKG_MT_91,0
SKG_MT_92,0
SKG_MT_93,0
SKG_MT_94,0
SKG_MT_95,0
SKG_MT_96,0
SKG_MT_97,0
SKG_MT_98,0
SKG_MT_99,0
SKG_MT_100,0
SKG_MT_101,0
SKG_MT_102,0
SKG_MT_103,0
SKG_MT_104,0
SKG_MT_105,0
SKG_MT_106,0
SKG_MT_107,0
SKG_MT_108,0
SKG_MT_109,0
SKG_MT_110,0
SKG_MT_111,0
SKG_MT_112,0
SKG_MT_113,0
SKG_MT_114,0
SKG_MT_115,0
SKG_MT_116,0
SKG_MT_117,0
SKG_MT_118,0
SKG_MT_119,0
SKG_MT_122,0
SKG_MT_123,0
SKG_MT_124,0
SKG_MT_125,0
SKG_MT_126,0
SKG_MT_128,0
SKG_MT_129,0
SKG_MT_130,0
SKG_MT_131,0
SKG_MT_132,0
SKG_MT_133,0
SKG_MT_134,0
SKG_MT_135,0
SKG_MT_136,0
SKG_MT_137,0
SKG_MT_138,0
SKG_MT_139,0
SKG_MT_140,0
SKG_MT_141,0
SKG_MT_142,0
SKG_MT_143,0
SKG_MT_144,0
SKG_MT_145,0
SKG_MT_146,0
SKG_MT_147,0
SKG_MT_148,0
SKG_MT_149,0
SKG_MT_150,0
SKG_MT_151,0
SKG_MT_152,0
SKG_MT_153,0
SKG_MT_154,0
SKG_MT_155,0
SKG_MT_156,0
SKG_MT_157,0
SKG_MT_158,0
SKG_MT_159,0
SKG_MT_160,0
SKG_MT_161,0
SKG_MT_162,0
SKG_MT_163,0
SKG_MT_164,0
SKG_MT_165,0
SKG_MT_166,0
SKG_MT_168,0
SKG_MT_169,0
SKG_MT_170,0
SKG_MT_171,0
SKG_MT_172,0
SKG_MT_173,0
SKG_MT_174,0
SKG_MT_175,0
SKG_MT_176,0
SKG_MT_177,0
SKG_MT_178,0
SKG_MT_179,0
SKG_MT_180,0
SKG_MT_181,0
SKG_MT_182,0
SKG_MT_183,0
SKG_MT_184,0
SKG_MT_186,0
SKG_MT_187,0
SKG_MT_188,0
SKG_MT_189,0
SKG_MT_190,0
SKG_MT_192,0
SKG_MT_193,0
SKG_MT_194,0
SKG_MT_195,0
SKG_MT_196,0
SKG_MT_197,0
SKG_MT_198,0
SKG_MT_199,0
SKG_MT_200,0
SKG_MT_201,0
SKG_MT_202,0
SKG_MT_203,0
SKG_MT_204,0
SKG_MT_205,0
SKG_MT_206,0
SKG_MT_207,0
SKG_MT_208,0
SKG_MT_209,0
SKG_MT_210,0
SKG_MT_211,0
SKG_MT_212,0
SKG_MT_213,0
SKG_MT_214,0
SKG_MT_215,0
SKG_MT_216,0
SKG_MT_217,0
SKG_MT_219,0
SKG_MT_220,0
SKG_MT_221,0
SKG_MT_222,0
SKG_MT_223,0
SKG_MT_224,0
SKG_MT_225,0
SKG_MT_226,0
SKG_MT_227,0
SKG_MT_228,0
SKG_MT_229,0
SKG_MT_230,0
SKG_MT_231,0
SKG_MT_232,0
SKG_MT_233,0
SKG_MT_234,0
SKG_MT_235,0
SKG_MT_236,0
SKG_MT_237,0
SKG_MT_238,0
SKG_MT_239,0
SKG_MT_240,0
SKG_MT_241,0
SKG_MT_242,0
SKG_MT_243,0
SKG_MT_244,0
SKG_MT_245,0
SKG_MT_246,0
SKG_MT_247,0
SKG_MT_248,0
SKG_MT_249,0
SKG_MT_250,0
SKG_MT_251,0
SKG_MT_252,0
SKG_MT_253,0
SKG_MT_254,0
SKG_MT_255,0
SKG_MT_256,0
SKG_MT_257,0
SKG_MT_258,0
SKG_MT_259,0
SKG_MT_260,0
SKG_MT_261,0
SKG_MT_262,0
SKG_MT_263,0
SKG_MT_264,0
SKG_MT_265,0
SKG_MT_266,0
SKG_MT_267,0
SKG_MT_268,0
SKG_MT_269,0
SKG_MT_271,0
SKG_MT_272,0
SKG_MT_273,0
SKG_MT_274,0
SKG_MT_275,0
SKG_MT_276,0
SKG_MT_277,0
SKG_MT_279,0
SKG_MT_280,0
SKG_MT_281,0
SKG_MT_282,0
SKG_MT_283,0
SKG_MT_284,0
SKG_MT_285,0
SKG_MT_286,0
SKG_MT_287,0
SKG_MT_288,0
SKG_MT_289,0
SKG_MT_290,0
SKG_MT_291,0
SKG_MT_292,0
SKG_MT_293,0
SKG_MT_294,0
SKG_MT_295,0
SKG_MT_296,0
SKG_MT_297,0
SKG_MT_298,0
SKG_MT_299,0
SKG_MT_300,0
SKG_MT_302,0
SKG_MT_303,0
SKG_MT_304,0
SKG_MT_305,0
SKG_MT_307,0
SKG_MT_308,0
SKG_MT_309,0
SKG_MT_310,0
SKG_MT_311,0
SKG_MT_312,0
SKG_MT_314,0
SKG_MT_315,0
SKG_MT_316,0
SKG_MT_317,0
SKG_MT_318,0
SKG_MT_319,0
SKG_MT_320,0
SKG_MT_321,0
SKG_MT_322,0
SKG_MT_323,0
SKG_MT_324,0
SKG_MT_325,0
SKG_MT_326,0
SKG_MT_327,0
SKG_MT_328,0
SKG_MT_329,0
SKG_MT_330,0
SKG_MT_331,0
SKG_MT_332,0
SKG_MT_333,0
SKG_MT_334,0
SKG_MT_335,0
SKG_MT_336,0
SKG_MT_337,0
SKG_MT_338,0
SKG_MT_339,0
SKG_MT_340,0
SKG_MT_341,0
SKG_MT_342,0
SKG_MT_343,0
SKG_MT_344,0
SKG_MT_345,0
SKG_MT_346,0
SKG_MT_347,0
SKG_MT_348,0
SKG_MT_349,0
SKG_MT_350,0
SKG_MT_351,0
SKG_MT_353,0
SKG_MT_354,0
SKG_MT_356,0
SKG_MT_357,0
SKG_MT_358,0
SKG_MT_359,0
SKG_MT_360,0
SKG_MT_361,0
SKG_MT_362,0
SKG_MT_363,0
SKG_MT_364,0
SKG_MT_365,0
SKG_MT_366,0
SKG_MT_367,0
SKG_MT_368,0
SKG_MT_369,0
SKG_MT_370,0
SKG_MT_371,0
SKG_MT_372,0
SKG_MT_373,0
SKG_MT_374,0
SKG_MT_375,0
SKG_MT_376,0
SKG_MT_377,0
SKG_MT_378,0
SKG_MT_379,0
SKG_MT_380,0
SKG_MT_381,0
SKG_MT_382,0
SKG_MT_383,0
SKG_MT_384,0
SKG_MT_385,0
SKG_MT_386,0
SKG_MT_387,0
SKG_MT_388,0
SKG_MT_389,0
SKG_MT_390,0
SKG_MT_391,0
SKG_MT_392,0
SKG_MT_393,0
SKG_MT_394,0
SKG_MT_395,0
SKG_MT_396,0
SKG_MT_397,0
SKG_MT_398,0
SKG_MT_399,0
SKG_MT_400,0
SKG_MT_401,0
SKG_MT_402,0
SKG_MT_403,0
SKG_MT_404,0
SKG_MT_405,0
SKG_MT_406,0
SKG_MT_407,0
SKG_MT_408,0
SKG_MT_409,0
SKG_MT_410,0
SKG_MT_411,0
SKG_MT_412,0
SKG_MT_413,0
SKG_MT_414,0
SKG_MT_415,0
SKG_MT_416,0
SKG_MT_417,0
SKG_MT_418,0
SKG_MT_419,0
SKG_MT_420,0
SKG_MT_421,0
SKG_MT_422,0
SKG_MT_423,0
SKG_MT_424,0
SKG_MT_425,0
SKG_MT_427,0
SKG_MT_428,0
SKG_MT_429,0
SKG_MT_430,0
SKG_MT_431,0
SKG_MT_432,0
SKG_MT_433,0
SKG_MT_434,0
SKG_MT_435,0
SKG_MT_436,0
SKG_MT_437,0
SKG_MT_438,0
SKG_MT_439,0
SKG_MT_440,0
SKG_MT_441,0
SKG_MT_442,0
SKG_MT_443,0
SKG_MT_444,0
SKG_MT_445,0
SKG_MT_447,0
SKG_MT_448,0
SKG_MT_449,0
SKG_MT_450,0
SKG_MT_451,0
SKG_MT_452,0
SKG_MT_453,0
SKG_MT_454,0
SKG_MT_455,0
SKG_MT_456,0
SKG_MT_457,0
SKG_MT_458,0
SKG_MT_459,0
SKG_MT_460,0
SKG_MT_461,0
SKG_MT_462,0
SKG_MT_463,0
SKG_MT_464,0
SKG_MT_465,0
SKG_MT_466,0
SKG_MT_467,0
SKG_MT_469,0
SKG_MT_470,0
SKG_MT_471,0
SKG_MT_472,0
SKG_MT_473,0
SKG_MT_475,0
SKG_MT_476,0
SKG_MT_477,0
SKG_MT_478,0
SKG_MT_479,0
SKG_MT_480,0
SKG_MT_481,0
SKG_MT_482,0
SKG_MT_483,0
SKG_MT_484,0
SKG_MT_485,0
SKG_MT_486,0
SKG_MT_487,0
SKG_MT_488,0
SKG_MT_489,0
SKG_MT_490,0
SKG_MT_492,0
SKG_MT_493,0
SKG_MT_494,0
SKG_MT_495,0
SKG_MT_496,0
SKG_MT_497,0
SKG_MT_498,0
SKG_MT_499,0
SKG_MT_500,0
SKG_MT_501,0
SKG_MT_502,0
SKG_MT_503,0
SKG_MT_504,0
SKG_MT_505,0
SKG_MT_506,0
SKG_MT_507,0
SKG_MT_508,0
SKG_MT_509,0
SKG_MT_510,0
SKG_MT_511,0
SKG_MT_512,0
SKG_MT_513,0
SKG_MT_515,0
SKG_MT_516,0
SKG_MT_517,0
SKG_MT_518,0
SKG_MT_519,0
SKG_MT_520,0
SKG_MT_521,0
SKG_MT_522,0
SKG_MT_523,0
SKG_MT_524,0
SKG_MT_525,0
SKG_MT_526,0
SKG_MT_527,0
SKG_MT_528,0
SKG_MT_529,0
SKG_MT_530,0
SKG_MT_531,0
SKG_MT_532,0
SKG_MT_533,0
SKG_MT_534,0
SKG_MT_535,0
SKG_MT_536,0
SKG_MT_537,0
SKG_MT_538,0
SKG_MT_539,0
SKG_MT_540,0
SKG_MT_541,0
SKG_MT_542,0
SKG_MT_543,0
SKG_MT_544,0
SKG_MT_545,0
SKG_MT_546,0
SKG_MT_547,0
SKG_MT_548,0
SKG_MT_549,0
SKG_MT_550,0
SKG_MT_551,0
SKG_MT_552,0
SKG_MT_553,0
SKG_MT_554,0
SKG_MT_555,0
SKG_MT_556,0
SKG_MT_557,0
SKG_MT_558,0
SKG_MT_559,0
SKG_MT_560,0
SKG_MT_561,0
SKG_MT_562,0
SKG_MT_563,0
SKG_MT_565,0
SKG_MT_566,0
SKG_MT_567,0
SKG_MT_568,0
SKG_MT_569,0
SKG_MT_570,0
SKG_MT_571,0
SKG_MT_572,0
SKG_MT_573,0
SKG_MT_574,0
SKG_MT_575,0
SKG_MT_576,0
SKG_MT_577,0
SKG_MT_578,0
SKG_MT_579,0
SKG_MT_580,0
SKG_MT_581,0
SKG_MT_582,0
SKG_MT_583,0
SKG_MT_585,0
SKG_MT_586,0
SKG_MT_587,0
SKG_MT_588,0
SKG_MT_589,0
SKG_MT_590,0
SKG_MT_591,0
SKG_MT_592,0
SKG_MT_593,0
SKG_MT_594,0
SKG_MT_595,0
SKG_MT_596,0
SKG_MT_597,0
SKG_MT_598,0
SKG_MT_599,0
SKG_MT_601,0
SKG_MT_602,0
SKG_MT_603,0
SKG_MT_604,0
SKG_MT_605,0
SKG_MT_606,0
SKG_MT_607,0
SKG_MT_608,0
SKG_MT_609,0
SKG_MT_610,0
SKG_MT_611,0
SKG_MT_612,0
SKG_MT_613,0
SKG_MT_614,0
SKG_MT_615,0
SKG_MT_616,0
SKG_MT_617,0
SKG_MT_618,0
SKG_MT_619,0
SKG_MT_620,0
SKG_MT_621,0
SKG_MT_622,0
SKG_MT_623,0
SKG_MT_624,0
SKG_MT_625,0
SKG_MT_626,0
SKG_MT_628,0
SKG_MT_629,0
SKG_MT_630,0
SKG_MT_631,0
SKG_MT_632,0
SKG_MT_634,0
SKG_MT_635,0
SKG_MT_636,0
SKG_MT_638,0
SKG_MT_639,0
SKG_MT_640,0
SKG_MT_641,0
SKG_MT_642,0
SKG_MT_643,0
SKG_MT_644,0
SKG_MT_645,0
SKG_MT_646,0
SKG_MT_647,0
SKG_MT_648,0
SKG_MT_649,0
SKG_MT_650,0
SKG_MT_651,0
SKG_MT_652,0
SKG_MT_653,0
SKG_MT_654,0
SKG_MT_655,0
SKG_MT_656,0
SKG_MT_657,0
SKG_MT_658,0
SKG_MT_659,0
SKG_MT_660,0
SKG_MT_661,0
SKG_MT_662,0
SKG_MT_663,0
SKG_MT_664,0
SKG_MT_665,0
SKG_MT_666,0
SKG_MT_667,0
SKG_MT_668,0
SKG_MT_669,0
SKG_MT_670,0
SKG_MT_672,0
SKG_MT_673,0
SKG_MT_674,0
SKG_MT_675,0
SKG_MT_676,0
SKG_MT_677,0
SKG_MT_678,0
SKG_MT_679,0
SKG_MT_680,0
SKG_MT_681,0
SKG_MT_682,0
SKG_MT_683,0
SKG_MT_684,0
SKG_MT_685,0
SKG_MT_686,0
SKG_MT_687,0
SKG_MT_688,0
SKG_MT_689,0
SKG_MT_690,0
SKG_MT_691,0
SKG_MT_692,0
SKG_MT_693,0
SKG_MT_694,0
SKG_MT_695,0
SKG_MT_696,0
SKG_MT_697,0
SKG_MT_698,0
SKG_MT_699,0
SKG_MT_701,0
SKG_MT_702,0
SKG_MT_703,0
SKG_MT_704,0
SKG_MT_705,0
SKG_MT_706,0
SKG_MT_707,0
SKG_MT_708,0
SKG_MT_709,0
SKG_MT_710,0
SKG_MT_711,0
SKG_MT_712,0
SKG_MT_713,0
SKG_MT_714,0
SKG_MT_715,0
SKG_MT_716,0
SKG_MT_717,0
SKG_MT_718,0
SKG_MT_719,0
SKG_MT_720,0
SKG_MT_721,0
SKG_MT_723,0
SKG_MT_724,0
SKG_MT_725,0
SKG_MT_726,0
SKG_MT_727,0
SKG_MT_728,0
SKG_MT_729,0
SKG_MT_730,0
SKG_MT_731,0
SKG_MT_732,0
SKG_MT_733,0
SKG_MT_734,0
SKG_MT_735,0
SKG_MT_736,0
SKG_MT_737,0
SKG_MT_738,0
SKG_MT_739,0
SKG_MT_740,0
SKG_MT_741,0
SKG_MT_742,0
SKG_MT_743,0
SKG_MT_744,0
SKG_MT_745,0
SKG_MT_746,0
SKG_MT_747,0
SKG_MT_748,0
SKG_MT_749,0
SKG_MT_750,0
SKG_MT_751,0
SKG_MT_752,0
SKG_MT_753,0
SKG_MT_754,0
SKG_MT_755,0
SKG_MT_756,0
SKG_MT_757,0
SKG_MT_758,0
SKG_MT_759,0
SKG_MT_760,0
SKG_MT_761,0
SKG_MT_762,0
SKG_MT_764,0
SKG_MT_765,0
SKG_MT_766,0
SKG_MT_767,0
SKG_MT_768,0
SKG_MT_769,0
SKG_MT_770,0
SKG_MT_771,0
SKG_MT_772,0
SKG_MT_773,0
SKG_MT_774,0
SKG_MT_775,0
SKG_MT_776,0
SKG_MT_777,0
SKG_MT_778,0
SKG_MT_779,0
SKG_MT_780,0
SKG_MT_781,0
SKG_MT_782,0
SKG_MT_783,0
SKG_MT_784,0
SKG_MT_785,0
SKG_MT_786,0
SKG_MT_787,0
SKG_MT_788,0
SKG_MT_789,0
SKG_MT_790,0
SKG_MT_791,0
SKG_MT_792,0
SKG_MT_793,0
SKG_MT_794,0
SKG_MT_795,0
SKG_MT_796,0
SKG_MT_797,0
SKG_MT_798,0
SKG_MT_799,0
SKG_MT_800,0
SKG_MT_801,0
SKG_MT_802,0
SKG_MT_803,0
SKG_MT_804,0
SKG_MT_805,0
SKG_MT_806,0
SKG_MT_807,0
SKG_MT_808,0
SKG_MT_809,0
SKG_MT_810,0
SKG_MT_811,0
SKG_MT_812,0
SKG_MT_813,0
SKG_MT_814,0
SKG_MT_815,0
SKG_MT_816,0
SKG_MT_817,0
SKG_MT_818,0
SKG_MT_819,0
SKG_MT_820,0
SKG_MT_821,0
SKG_MT_822,0
SKG_MT_823,0
SKG_MT_824,0
SKG_MT_825,0
SKG_MT_826,0
SKG_MT_827,0
SKG_MT_828,0
SKG_MT_829,0
SKG_MT_830,0
SKG_MT_831,0
SKG_MT_832,0
SKG_MT_833,0
SKG_MT_834,0
SKG_MT_835,0
SKG_MT_836,0
SKG_MT_837,0
SKG_MT_838,0
SKG_MT_839,0
SKG_MT_840,0
SKG_MT_841,0
SKG_MT_842,0
SKG_MT_843,0
SKG_MT_844,0
SKG_MT_845,0
SKG_MT_846,0
SKG_MT_847,0
SKG_MT_848,0
SKG_MT_849,0
SKG_MT_850,0
SKG_MT_852,0
SKG_MT_853,0
SKG_MT_854,0
SKG_MT_855,0
SKG_MT_856,0
SKG_MT_857,0
SKG_MT_858,0
SKG_MT_859,0
SKG_MT_860,0
SKG_MT_861,0
SKG_MT_862,0
SKG_MT_863,0
SKG_MT_864,0
SKG_MT_865,0
SKG_MT_866,0
SKG_MT_867,0
SKG_MT_868,0
SKG_MT_869,0
SKG_MT_870,0
SKG_MT_871,0
SKG_MT_872,0
SKG_MT_873,0
SKG_MT_874,0
SKG_MT_875,0
SKG_MT_876,0
SKG_MT_877,0
SKG_MT_878,0
SKG_MT_879,0
SKG_MT_880,0
SKG_MT_881,0
SKG_MT_882,0
SKG_MT_883,0
SKG_MT_884,0
SKG_MT_885,0
SKG_MT_887,0
SKG_MT_888,0
SKG_MT_889,0
SKG_MT_891,0
SKG_MT_893,0
SKG_MT_894,0
SKG_MT_895,0
SKG_MT_896,0
SKG_MT_897,0
SKG_MT_898,0
SKG_MT_899,0
SKG_MT_900,0
SKG_MT_901,0
SKG_MT_902,0
SKG_MT_903,0
SKG_MT_904,0
SKG_MT_905,0
SKG_MT_906,0
SKG_MT_907,0
SKG_MT_908,0
SKG_MT_909,0
SKG_MT_910,0
SKG_MT_911,0
SKG_MT_912,0
SKG_MT_913,0
SKG_MT_914,0
SKG_MT_915,0
SKG_MT_916,0
SKG_MT_917,0
SKG_MT_918,0
SKG_MT_919,0
SKG_MT_920,0
SKG_MT_921,0
SKG_MT_922,0
SKG_MT_923,0
SKG_MT_924,0
SKG_MT_925,0
SKG_MT_926,0
SKG_MT_927,0
SKG_MT_928,0
SKG_MT_929,0
SKG_MT_930,0
SKG_MT_931,0
SKG_MT_932,0
SKG_MT_933,0
SKG_MT_934,0
SKG_MT_935,0
SKG_MT_936,0
SKG_MT_937,0
SKG_MT_938,0
SKG_MT_939,0
SKG_MT_940,0
SKG_MT_941,0
SKG_MT_942,0
SKG_MT_943,0
SKG_MT_944,0
SKG_MT_945,0
SKG_MT_946,0
SKG_MT_947,0
SKG_MT_948,0
SKG_MT_949,0
SKG_MT_951,0
SKG_MT_952,0
SKG_MT_953,0
SKG_MT_954,0
SKG_MT_955,0
SKG_MT_958,0
SKG_MT_959,0
SKG_MT_960,0
SKG_MT_961,0
SKG_MT_962,0
SKG_MT_963,0
SKG_MT_964,0
SKG_MT_965,0
SKG_MT_966,0
SKG_MT_967,0
SKG_MT_968,0
SKG_MT_969,0
SKG_MT_970,0
SKG_MT_971,0
SKG_MT_972,0
SKG_MT_973,0
SKG_MT_974,0
SKG_MT_976,0
SKG_MT_977,0
SKG_MT_978,0
SKG_MT_979,0
SKG_MT_980,0
SKG_MT_981,0
SKG_MT_982,0
SKG_MT_983,0
SKG_MT_984,0
SKG_MT_985,0
SKG_MT_986,0
SKG_MT_987,0
SKG_MT_988,0
SKG_MT_989,0
SKG_MT_990,0
SKG_MT_991,0
SKG_MT_992,0
SKG_MT_993,0
SKG_MT_994,0
SKG_MT_995,0
SKG_MT_996,0
SKG_MT_997,0
SKG_MT_998,0
SKG_MT_999,0
SKG_MT_1000,0
SKG_MT_1001,0
SKG_MT_1002,0
SKG_MT_1003,0
SKG_MT_1004,0
SKG_MT_1005,0
SKG_MT_1006,0
SKG_MT_1007,0
SKG_MT_1008,0
SKG_MT_1009,0
SKG_MT_1010,0
SKG_MT_1011,0
SKG_MT_1012,0
SKG_MT_1013,0
SKG_MT_1014,0
SKG_MT_1015,0
SKG_MT_1016,0
SKG_MT_1017,0
SKG_MT_1018,0
SKG_MT_1019,0
SKG_MT_1020,0
SKG_MT_1021,0
SKG_MT_1022,0
SKG_MT_1023,0
SKG_MT_1024,0
SKG_MT_1025,0
SKG_MT_1026,0
SKG_MT_1027,0
SKG_MT_1028,0
SKG_MT_1029,0
SKG_MT_1030,0
SKG_MT_1031,0
SKG_MT_1032,0
SKG_MT_1033,0
SKG_MT_1034,0
SKG_MT_1035,0
SKG_MT_1036,0
SKG_MT_1037,0
SKG_MT_1038,0
SKG_MT_1039,0
SKG_MT_1040,0
SKG_MT_1041,0
SKG_MT_1042,0
SKG_MT_1043,0
SKG_MT_1044,0
SKG_MT_1045,0
SKG_MT_1046,0
SKG_MT_1048,0
SKG_MT_1049,0
SKG_MT_1050,0
SKG_MT_1051,0
SKG_MT_1052,0
SKG_MT_1053,0
SKG_MT_1054,0
SKG_MT_1055,0
SKG_MT_1056,0
SKG_MT_1057,0
SKG_MT_1058,0
SKG_MT_1059,0
SKG_MT_1060,0
SKG_MT_1061,0
SKG_MT_1062,0
SKG_MT_1063,0
SKG_MT_1064,0
SKG_MT_1065,0
SKG_MT_1066,0
SKG_MT_1067,0
SKG_MT_1068,0
SKG_MT_1069,0
SKG_MT_1070,0
SKG_MT_1071,0
SKG_MT_1072,0
SKG_MT_1073,0
SKG_MT_1074,0
SKG_MT_1075,0
SKG_MT_1076,0
SKG_MT_1077,0
SKG_MT_1078,0
SKG_MT_1079,0
SKG_MT_1080,0
SKG_MT_1081,0
SKG_MT_1082,0
SKG_MT_1083,0
SKG_MT_1084,0
SKG_MT_1085,0
SKG_MT_1086,0
SKG_MT_1087,0
SKG_MT_1088,0
SKG_MT_1089,0
SKG_MT_1090,0
SKG_MT_1091,0
SKG_MT_1092,0
SKG_MT_1093,0
SKG_MT_1094,0
SKG_MT_1095,0
SKG_MT_1096,0
SKG_MT_1097,0
SKG_MT_1098,0
SKG_MT_1099,0
SKG_MT_1100,0
SKG_MT_1101,0
SKG_MT_1102,0
SKG_MT_1103,0
SKG_MT_1104,0
SKG_MT_1105,0
SKG_MT_1106,0
SKG_MT_1107,0
SKG_MT_1108,0
SKG_MT_1109,0
SKG_MT_1110,0
SKG_MT_1111,0
SKG_MT_1112,0
SKG_MT_1113,0
SKG_MT_1114,0
SKG_MT_1115,0
SKG_MT_1116,0
SKG_MT_1117,0
SKG_MT_1118,0
SKG_MT_1119,0
SKG_MT_1120,0
SKG_MT_1121,0
SKG_MT_1122,0
SKG_MT_1123,0
SKG_MT_1124,0
SKG_MT_1125,0
SKG_MT_1126,0
SKG_MT_1127,0
SKG_MT_1128,0
SKG_MT_1129,0
SKG_MT_1130,0
SKG_MT_1131,0
SKG_MT_1132,0
SKG_MT_1133,0
SKG_MT_1134,0
SKG_MT_1135,0
SKG_MT_1136,0
SKG_MT_1137,0
SKG_MT_1138,0
SKG_MT_1139,0
SKG_MT_1140,0
SKG_MT_1141,0
SKG_MT_1142,0
SKG_MT_1143,0
SKG_MT_1144,0
SKG_MT_1145,0
SKG_MT_1146,0
SKG_MT_1147,0
SKG_MT_1148,0
SKG_MT_1149,0
SKG_MT_1150,0
SKG_MT_1151,0
SKG_MT_1152,0
SKG_MT_1153,0
SKG_MT_1154,0
SKG_MT_1156,0
SKG_MT_1157,0
SKG_MT_1158,0
SKG_MT_1159,0
SKG_MT_1160,0
SKG_MT_1161,0
SKG_MT_1162,0
SKG_MT_1163,0
SKG_MT_1164,0
SKG_MT_1165,0
SKG_MT_1166,0
SKG_MT_1167,0
SKG_MT_1168,0
SKG_MT_1169,0
SKG_MT_1170,0
SKG_MT_1172,0
SKG_MT_1173,0
SKG_MT_1174,0
SKG_MT_1175,0
SKG_MT_1176,0
SKG_MT_1177,0
SKG_MT_1178,0
SKG_MT_1179,0
SKG_MT_1180,0
SKG_MT_1181,0
SKG_MT_1182,0
SKG_MT_1183,0
SKG_MT_1184,0
SKG_MT_1185,0
SKG_MT_1186,0
SKG_MT_1187,0
SKG_MT_1188,0
SKG_MT_1189,0
SKG_MT_1190,0
SKG_MT_1191,0
SKG_MT_1192,0
SKG_MT_1193,0
SKG_MT_1194,0
SKG_MT_1195,0
SKG_MT_1196,0
SKG_MT_1197,0
SKG_MT_1198,0
SKG_MT_1199,0
SKG_MT_1200,0
SKG_MT_1202,0
SKG_MT_1203,0
SKG_MT_1204,0
SKG_MT_1205,0
SKG_MT_1206,0
SKG_MT_1207,0
SKG_MT_1208,0
SKG_MT_1209,0
SKG_MT_1210,0
SKG_MT_1211,0
SKG_MT_1212,0
SKG_MT_1213,0
SKG_MT_1214,0
SKG_MT_1215,0
SKG_MT_1216,0
SKG_MT_1217,0
SKG_MT_1219,0
SKG_MT_1220,0
SKG_MT_1221,0
SKG_MT_1222,0
SKG_MT_1223,0
SKG_MT_1224,0
SKG_MT_1225,0
SKG_MT_1226,0
SKG_MT_1227,0
SKG_MT_1228,0
SKG_MT_1229,0
SKG_MT_1230,0
SKG_MT_1231,0
SKG_MT_1232,0
SKG_MT_1233,0
SKG_MT_1234,0
SKG_MT_1235,0
SKG_MT_1236,0
SKG_MT_1237,0
SKG_MT_1238,0
SKG_MT_1239,0
SKG_MT_1240,0
SKG_MT_1241,0
SKG_MT_1242,0
SKG_MT_1243,0
SKG_MT_1244,0
SKG_MT_1245,0
SKG_MT_1246,0
SKG_MT_1247,0
SKG_MT_1248,0
SKG_MT_1249,0
SKG_MT_1250,0
SKG_MT_1251,0
SKG_MT_1252,0
SKG_MT_1253,0
SKG_MT_1254,0
SKG_MT_1256,0
SKG_MT_1257,0
SKG_MT_1258,0
SKG_MT_1259,0
SKG_MT_1260,0
SKG_MT_1261,0
SKG_MT_1262,0
SKG_MT_1263,0
SKG_MT_1264,0
SKG_MT_1265,0
SKG_MT_1266,0
SKG_MT_1267,0
SKG_MT_1268,0
SKG_MT_1269,0
SKG_MT_1270,0
SKG_MT_1271,0
SKG_MT_1272,0
SKG_MT_1273,0
SKG_MT_1274,0
SKG_MT_1275,0
SKG_MT_1276,0
SKG_MT_1277,0
SKG_MT_1278,0
SKG_MT_1279,0
SKG_MT_1280,0
SKG_MT_1281,0
SKG_MT_1282,0
SKG_MT_1284,0
SKG_MT_1285,0
SKG_MT_1286,0
SKG_MT_1287,0
SKG_MT_1288,0
SKG_MT_1289,0
SKG_MT_1290,0
SKG_MT_1291,0
SKG_MT_1292,0
SKG_MT_1293,0
SKG_MT_1294,0
SKG_MT_1295,0
SKG_MT_1296,0
SKG_MT_1298,0
SKG_MT_1299,0
SKG_MT_1300,0
SKG_MT_1301,0
SKG_MT_1302,0
SKG_MT_1303,0
SKG_MT_1304,0
SKG_MT_1305,0
SKG_MT_1306,0
SKG_MT_1307,0
SKG_MT_1308,0
SKG_MT_1309,0
SKG_MT_1310,0
SKG_MT_1311,0
SKG_MT_1312,0
SKG_MT_1313,0
SKG_MT_1314,0
SKG_MT_1315,0
SKG_MT_1316,0
SKG_MT_1317,0
SKG_MT_1318,0
SKG_MT_1319,0
SKG_MT_1320,0
SKG_MT_1321,0
SKG_MT_1322,0
SKG_MT_1323,0
SKG_MT_1324,0
SKG_MT_1325,0
SKG_MT_1326,0
SKG_MT_1327,0
SKG_MT_1328,0
SKG_MT_1329,0
SKG_MT_1330,0
SKG_MT_1331,0
SKG_MT_1332,0
SKG_MT_1333,0
SKG_MT_1334,0
SKG_MT_1336,0
SKG_MT_1337,0
SKG_MT_1339,0
SKG_MT_1340,0
SKG_MT_1341,0
SKG_MT_1342,0
SKG_MT_1343,0
SKG_MT_1344,0
SKG_MT_1345,0
SKG_MT_1346,0
SKG_MT_1347,0
SKG_MT_1348,0
SKG_MT_1349,0
SKG_MT_1350,0
SKG_MT_1351,0
SKG_MT_1352,0
SKG_MT_1353,0
SKG_MT_1354,0
SKG_MT_1355,0
SKG_MT_1356,0
SKG_MT_1357,0
SKG_MT_1358,0
SKG_MT_1359,0
SKG_MT_1360,0
SKG_MT_1361,0
SKG_MT_1362,0
SKG_MT_1363,0
SKG_MT_1364,0
SKG_MT_1365,0
SKG_MT_1366,0
SKG_MT_1367,0
SKG_MT_1368,0
SKG_MT_1369,0
SKG_MT_1370,0
SKG_MT_1371,0
SKG_MT_1372,0
SKG_MT_1374,0
SKG_MT_1375,0
SKG_MT_1376,0
SKG_MT_1377,0
SKG_MT_1378,0
SKG_MT_1379,0
SKG_MT_1380,0
SKG_MT_1381,0
SKG_MT_1382,0
SKG_MT_1383,0
SKG_MT_1384,0
SKG_MT_1385,0
SKG_MT_1386,0
SKG_MT_1387,0
SKG_MT_1388,0
SKG_MT_1389,0
SKG_MT_1390,0
SKG_MT_1391,0
SKG_MT_1392,0
SKG_MT_1393,0
SKG_MT_1394,0
SKG_MT_1395,0
SKG_MT_1396,0
SKG_MT_1397,0
SKG_MT_1398,0
SKG_MT_1399,0
SKG_MT_1400,0
SKG_MT_1401,0
SKG_MT_1402,0
SKG_MT_1403,0
SKG_MT_1404,0
SKG_MT_1405,0
SKG_MT_1406,0
SKG_MT_1407,0
SKG_MT_1408,0
SKG_MT_1409,0
SKG_MT_1410,0
SKG_MT_1411,0
SKG_MT_1412,0
SKG_MT_1413,0
SKG_MT_1414,0
SKG_MT_1415,0
SKG_MT_1416,0
SKG_MT_1417,0
SKG_MT_1418,0
SKG_MT_1419,0
SKG_MT_1420,0
SKG_MT_1421,0
SKG_MT_1422,0
SKG_MT_1424,0
SKG_MT_1425,0
SKG_MT_1426,0
SKG_MT_1427,0
SKG_MT_1428,0
SKG_MT_1429,0
SKG_MT_1430,0
SKG_MT_1431,0
SKG_MT_1432,0
SKG_MT_1433,0
SKG_MT_1434,0
SKG_MT_1435,0
SKG_MT_1436,0
SKG_MT_1437,0
SKG_MT_1438,0
SKG_MT_1439,0
SKG_MT_1440,0
SKG_MT_1441,0
SKG_MT_1442,0
SKG_MT_1443,0
SKG_MT_1444,0
SKG_MT_1445,0
SKG_MT_1446,0
SKG_MT_1447,0
SKG_MT_1448,0
SKG_MT_1449,0
SKG_MT_1450,0
SKG_MT_1451,0
SKG_MT_1452,0
SKG_MT_1453,0
SKG_MT_1454,0
SKG_MT_1455,0
SKG_MT_1456,0
SKG_MT_1457,0
SKG_MT_1458,0
SKG_MT_1459,0
SKG_MT_1460,0
SKG_MT_1461,0
SKG_MT_1463,0
SKG_MT_1464,0
SKG_MT_1465,0
SKG_MT_1466,0
SKG_MT_1467,0
SKG_MT_1468,0
SKG_MT_1469,0
SKG_MT_1470,0
SKG_MT_1471,0
SKG_MT_1472,0
SKG_MT_1473,0
SKG_MT_1474,0
SKG_MT_1475,0
SKG_MT_9,0
SKG_NLI_0,0
SKG_NLI_1,0
SKG_NLI_2,0
SKG_NLI_3,0
SKG_NLI_4,0
SKG_NLI_5,0
SKG_NLI_7,0
SKG_NLI_8,0
SKG_NLI_9,0
SKG_NLI_10,0
SKG_NLI_11,0
SKG_NLI_12,0
SKG_NLI_13,0
SKG_NLI_14,0
SKG_NLI_15,0
SKG_NLI_16,0
SKG_NLI_17,0
SKG_NLI_18,0
SKG_NLI_19,0
SKG_NLI_20,0
SKG_PAR_0,0
SKG_PAR_1,0
SKG_PAR_2,0
SKG_PAR_3,0
SKG_PAR_4,0
SKG_PAR_5,0
SKG_PAR_6,0
SKG_PAR_7,0
SKG_PAR_8,0
SKG_PAR_9,0
SKG_PAR_10,0
SKG_PAR_11,0
SKG_PAR_12,0
SKG_PAR_13,0
SKG_PAR_14,0
SKG_PAR_15,0
SKG_PAR_16,0
SKG_PAR_17,0
SKG_PAR_18,0
SKG_PAR_19,0
SKG_PAR_20,0
SKG_PAR_21,0
SKG_PAR_22,0
SKG_PAR_23,0
SKG_PAR_24,0
SKG_PAR_25,0
SKG_PAR_26,0
SKG_PAR_27,0
SKG_PAR_28,0
SKG_PAR_29,0
SKG_PAR_30,0
SKG_PAR_31,0
SKG_PAR_32,0
SKG_PAR_33,0
SKG_PAR_34,0
SKG_PAR_35,0
SKG_PAR_36,0
SKG_PAR_37,0
SKG_PAR_38,0
SKG_PAR_39,0
SKG_PAR_40,0
SKG_PAR_41,0
SKG_PAR_42,0
SKG_PAR_43,0
SKG_PAR_44,0
SKG_PAR_45,0
SKG_PAR_46,0
SKG_PAR_47,0
SKG_PAR_48,0
SKG_PAR_49,0
SKG_PAR_50,0
SKG_PAR_51,0
SKG_PAR_52,0
SKG_PAR_53,0
SKG_PAR_54,0
SKG_PAR_55,0
SKG_PAR_56,0
SKG_PAR_57,0
SKG_PAR_59,0
SKG_PAR_60,0
SKG_PAR_61,0
SKG_PAR_62,0
SKG_PAR_63,0
SKG_PAR_64,0
SKG_PAR_65,0
SKG_PAR_66,0
SKG_PAR_67,0
SKG_PAR_68,0
SKG_PAR_69,0
SKG_PAR_70,0
SKG_PAR_71,0
SKG_PAR_72,0
SKG_PAR_73,0
SKG_PAR_74,0
SKG_PAR_75,0
SKG_PAR_76,0
SKG_PAR_77,0
SKG_PAR_78,0
SKG_PAR_79,0
SKG_PAR_80,0
SKG_PAR_81,0
SKG_PAR_82,0
SKG_PAR_83,0
SKG_PAR_84,0
SKG_PAR_85,0
SKG_PAR_86,0
SKG_PAR_87,0
SKG_PAR_88,0
SKG_PAR_89,0
SKG_PAR_90,0
SKG_PAR_91,0
SKG_PAR_92,0
SKG_PAR_93,0
SKG_PAR_94,0
SKG_PAR_95,0
SKG_PAR_96,0
SKG_PAR_97,0
SKG_PAR_98,0
SKG_PAR_99,0
SKG_PAR_100,0
SKG_PAR_101,0
SKG_PAR_102,0
SKG_PAR_103,0
SKG_PAR_104,0
SKG_PAR_105,0
SKG_PAR_106,0
SKG_PAR_107,0
SKG_PAR_108,0
SKG_PAR_110,0
SKG_PAR_111,0
SKG_PAR_112,0
SKG_PAR_113,0
SKG_PAR_114,0
SKG_PAR_115,0
SKG_PAR_116,0
SKG_PAR_117,0
SKG_PAR_118,0
SKG_PAR_119,0
SKG_PAR_120,0
SKG_PAR_121,0
SKG_PAR_122,0
SKG_PAR_123,0
SKG_PAR_124,0
SKG_PAR_125,0
SKG_PAR_126,0
SKG_PAR_127,0
SKG_PAR_128,0
SKG_PAR_129,0
SKG_PAR_130,0
SKG_PAR_131,0
SKG_PAR_132,0
SKG_PAR_133,0
SKG_PAR_134,0
SKG_PAR_135,0
SKG_PAR_136,0
SKG_PAR_137,0
SKG_PAR_138,0
SKG_PAR_139,0
SKG_PAR_141,0
SKG_PAR_142,0
SKG_PAR_143,0
SKG_PAR_144,0
SKG_PAR_145,0
SKG_PAR_146,0
SKG_PAR_147,0
SKG_PAR_148,0
SKG_PAR_149,0
SKG_PAR_150,0
SKG_PAR_151,0
SKG_PAR_152,0
SKG_PAR_153,0
SKG_PAR_154,0
SKG_PAR_155,0
SKG_PAR_156,0
SKG_PAR_157,0
SKG_PAR_158,0
SKG_PAR_159,0
SKG_PAR_160,0
SKG_PAR_161,0
SKG_PAR_162,0
SKG_PAR_163,0
SKG_PAR_165,0
SKG_PAR_166,0
SKG_PAR_167,0
SKG_PAR_168,0
SKG_PAR_169,0
SKG_PAR_170,0
SKG_PAR_171,0
SKG_PAR_172,0
SKG_PAR_173,0
SKG_PAR_174,0
SKG_PAR_175,0
SKG_PAR_176,0
SKG_PAR_177,0
SKG_PAR_178,0
SKG_PAR_179,0
SKG_PAR_180,0
SKG_PAR_181,0
SKG_PAR_182,0
SKG_PAR_183,0
SKG_PAR_184,0
SKG_PAR_185,0
SKG_PAR_186,0
SKG_PAR_187,0
SKG_PAR_188,0
SKG_PAR_189,0
SKG_PAR_190,0
SKG_PAR_191,0
SKG_PAR_192,0
SKG_PAR_193,0
SKG_PAR_194,0
SKG_PAR_195,0
SKG_PAR_196,0
SKG_PAR_197,0
SKG_PAR_198,0
SKG_PAR_199,0
SKG_PAR_200,0
SKG_PAR_201,0
SKG_PAR_202,0
SKG_PAR_203,0
SKG_PAR_204,0
SKG_PAR_205,0
SKG_PAR_206,0
SKG_PAR_207,0
SKG_PAR_208,0
SKG_PAR_209,0
SKG_PAR_210,0
SKG_PAR_211,0
SKG_PAR_212,0
SKG_PAR_213,0
SKG_PAR_214,0
SKG_PAR_215,0
SKG_PAR_216,0
SKG_PAR_217,0
SKG_PAR_218,0
SKG_PAR_219,0
SKG_PAR_220,0
SKG_PAR_221,0
SKG_PAR_222,0
SKG_PAR_223,0
SKG_PAR_224,0
SKG_PAR_225,0
BLOG_QA_0,0
BLOG_QA_1,0
BLOG_QA_2,0
BLOG_QA_3,0
BLOG_QA_4,0
BLOG_QA_5,0
BLOG_QA_6,0
BLOG_QA_7,0
BLOG_QA_8,0
BLOG_QA_9,0
BLOG_QA_10,0
BLOG_QA_11,0
BLOG_QA_12,0
BLOG_QA_13,0
BLOG_QA_14,0
BLOG_QA_15,0
BLOG_QA_16,0
BLOG_QA_17,0
BLOG_QA_18,0
BLOG_QA_19,0
NOVEL_QA_0,1
NOVEL_QA_1,1
NOVEL_QA_2,1
NOVEL_QA_3,1
NOVEL_QA_4,1
NOVEL_QA_5,1
NOVEL_QA_6,1
NOVEL_QA_7,1
NOVEL_QA_8,1
NOVEL_QA_9,1
NOVEL_QA_10,1
NOVEL_QA_11,1
NOVEL_QA_12,1
NOVEL_QA_13,1
NOVEL_QA_14,1
NOVEL_QA_15,1
NOVEL_QA_16,1
NOVEL_QA_17,1
NOVEL_QA_18,1
NOVEL_QA_19,1
NOVEL_QA_20,1
NOVEL_QA_21,1
NOVEL_QA_22,1
NOVEL_QA_23,1
NOVEL_QA_24,1
NOVEL_QA_25,1
NOVEL_QA_26,1
NOVEL_QA_27,1
NOVEL_QA_28,1
NOVEL_QA_29,1
NOVEL_QA_30,1
NOVEL_QA_31,1
NOVEL_QA_32,1
NOVEL_QA_33,1
NOVEL_QA_34,1
NOVEL_QA_35,1
NOVEL_QA_36,1
NOVEL_QA_37,1
NOVEL_QA_38,1
NOVEL_QA_39,1
NOVEL_QA_40,1
NOVEL_QA_43,1
NOVEL_QA_44,1
NOVEL_QA_45,1
NOVEL_QA_46,1
NOVEL_QA_47,1
NOVEL_QA_48,1
NOVEL_QA_49,1
NOVEL_QA_50,1
NOVEL_QA_51,1
NOVEL_QA_52,1
NOVEL_QA_53,1
NOVEL_QA_54,1
NOVEL_QA_55,1
NOVEL_QA_56,1
NOVEL_QA_57,1
NOVEL_QA_58,1
NOVEL_QA_59,1
NOVEL_QA_60,1
NOVEL_QA_61,1
NOVEL_QA_62,1
NOVEL_QA_63,1
NOVEL_QA_64,1
NOVEL_QA_65,1
NOVEL_QA_66,1
NOVEL_QA_67,1
NOVEL_QA_68,1
NOVEL_QA_69,1
NOVEL_QA_70,1
NOVEL_QA_71,1
NOVEL_QA_72,1
NOVEL_QA_73,1
NOVEL_QA_74,1
NOVEL_QA_75,1
NOVEL_QA_76,1
NOVEL_QA_77,1
NOVEL_QA_78,1
NOVEL_QA_79,1
NOVEL_QA_80,1
NOVEL_QA_81,1
NOVEL_QA_82,1
NOVEL_QA_83,1
NOVEL_QA_84,1
NOVEL_QA_85,1
NOVEL_QA_86,1
NOVEL_QA_87,1
SKG_QA_0,0
SKG_QA_1,0
SKG_QA_2,0
SKG_QA_3,0
SKG_QA_4,0
SKG_QA_5,0
SKG_QA_6,0
SKG_QA_7,0
SKG_QA_8,0
SKG_QA_9,0
SKG_QA_10,0
SKG_QA_11,0
SKG_QA_12,0
SKG_QA_13,0
SKG_QA_14,0
SKG_QA_15,0
SKG_QA_16,0
SKG_QA_17,0
SKG_QA_18,0
SKG_QA_19,0
SKG_QA_20,0
SKG_QA_21,0
SKG_QA_22,0
SKG_QA_23,0
SKG_QA_24,0
SKG_QA_25,0
SKG_QA_26,0
SKG_QA_27,0
SKG_QA_28,0
SKG_QA_29,0
SKG_QA_30,0
SKG_QA_31,0
SKG_QA_32,0
SKG_QA_33,0
SKG_QA_34,0
SKG_QA_35,0
SKG_QA_36,0
SKG_QA_37,0
SKG_QA_38,0
SKG_QA_39,0
SKG_QA_40,0
SKG_QA_41,0
SKG_QA_42,0
SKG_QA_43,0
SKG_QA_44,0
SKG_QA_45,0
SKG_QA_46,0
SKG_QA_47,0
SKG_QA_48,0
SKG_QA_49,0
SKG_QA_50,0
SKG_QA_51,0
SKG_QA_52,0
SKG_QA_53,0
SKG_QA_54,0
SKG_QA_55,0
SKG_QA_56,0
SKG_QA_57,0
SKG_QA_58,0
SKG_QA_59,0
SKG_QA_60,0
SKG_QA_61,0
SKG_QA_62,0
SKG_QA_63,0
SKG_QA_64,0
SKG_QA_65,0
SKG_QA_66,0
SKG_QA_67,0
SKG_QA_68,0
SKG_QA_69,0
SKG_QA_70,0
SKG_QA_71,0
SKG_QA_72,0
SKG_QA_73,0
SKG_QA_74,0
SKG_QA_75,0
SKG_QA_76,0
SKG_QA_77,0
SKG_QA_78,0
SKG_QA_79,0
SKG_QA_80,0
SKG_QA_81,0
SKG_QA_82,0
SKG_QA_83,0
SKG_QA_84,0
SKG_QA_85,0
SKG_QA_86,0
SKG_QA_87,0
SKG_QA_88,0
SKG_QA_89,0
SKG_QA_90,0
SKG_QA_91,0
SKG_QA_92,0
SKG_QA_93,0
SKG_QA_94,0
SKG_QA_95,0
SKG_QA_96,0
SKG_QA_97,0
SKG_QA_98,0
SKG_QA_99,0
SKG_QA_100,0
SKG_QA_101,0
SKG_QA_102,0
SKG_QA_103,0
SKG_QA_105,0
SKG_QA_106,0
SKG_QA_107,0
SKG_QA_108,0
SKG_QA_109,0
SKG_QA_110,0
SKG_QA_111,0
SKG_QA_112,0
SKG_QA_114,0
SKG_QA_115,0
SKG_QA_116,0
SKG_QA_117,0
SKG_QA_118,0
SKG_QA_119,0
SKG_QA_120,0
SKG_QA_121,0
SKG_QA_122,0
SKG_QA_123,0
SKG_QA_124,0
SKG_QA_126,0
SKG_QA_127,0
SKG_QA_128,0
SKG_QA_129,0
SKG_QA_130,0
SKG_QA_131,0
SKG_QA_132,0
SKG_QA_133,0
SKG_QA_134,0
SKG_QA_135,0
SKG_QA_136,0
SKG_QA_138,0
SKG_QA_139,0
SKG_QA_140,0
SKG_QA_141,0
SKG_QA_142,0
SKG_QA_143,0
SKG_QA_144,0
SKG_QA_145,0
SKG_QA_146,0
SKG_QA_147,0
SKG_QA_148,0
SKG_QA_149,0
SKG_QA_150,0
SKG_QA_151,0
SKG_QA_152,0
SKG_QA_153,0
SKG_QA_154,0
SKG_QA_155,0
SKG_QA_156,0
SKG_QA_157,0
SKG_QA_158,0
SKG_QA_159,0
SKG_QA_160,0
SKG_QA_161,0
SKG_QA_162,0
SKG_QA_163,0
SKG_QA_164,0
SKG_QA_165,0
SKG_QA_166,0
SKG_QA_167,0
SKG_QA_168,0
SKG_QA_169,0
SKG_QA_170,0
SKG_QA_171,0
SKG_QA_172,0
SKG_QA_173,0
SKG_QA_174,0
SKG_QA_175,0
SKG_QA_176,0
SKG_QA_177,0
SKG_QA_178,0
SKG_QA_179,0
SKG_QA_180,0
SKG_QA_181,0
SKG_QA_182,0
SKG_QA_183,0
SKG_QA_184,0
SKG_QA_186,0
SKG_QA_187,0
SKG_QA_188,0
SKG_QA_189,0
SKG_QA_190,0
SKG_QA_191,0
SKG_QA_192,0
SKG_QA_193,0
SKG_QA_194,0
SKG_QA_195,0
SKG_QA_196,0
SKG_QA_197,0
SKG_QA_198,0
SKG_QA_199,0
SKG_QA_200,0
SKG_QA_201,0
SKG_QA_202,0
SKG_QA_203,0
SKG_QA_204,0
SKG_QA_205,0
SKG_QA_206,0
SKG_QA_207,0
SKG_QA_208,0
SKG_QA_209,0
SKG_QA_210,0
SKG_QA_211,0
SKG_QA_212,0
SKG_QA_214,0
SKG_QA_215,0
SKG_QA_216,0
SKG_QA_217,0
SKG_QA_218,0
SKG_QA_219,0
SKG_QA_220,0
SKG_QA_221,0
SKG_QA_222,0
SKG_QA_223,0
SKG_QA_224,0
SKG_QA_225,0
SKG_QA_226,0
SKG_QA_227,0
SKG_QA_228,0
SKG_QA_229,0
SKG_QA_230,0
SKG_QA_231,0
SKG_QA_232,0
SKG_QA_233,0
SKG_QA_235,0
SKG_QA_236,0
SKG_QA_237,0
SKG_QA_238,0
SKG_QA_239,0
SKG_QA_240,0
SKG_QA_241,0
SKG_QA_242,0
SKG_QA_243,0
SKG_QA_244,0
SKG_QA_245,0
SKG_QA_246,0
SKG_QA_247,0
SKG_QA_248,0
SKG_QA_249,0
SKG_QA_250,0
SKG_QA_251,0
SKG_QA_252,0
SKG_QA_253,0
SKG_QA_254,0
SKG_QA_255,0
SKG_QA_256,0
SKG_QA_257,0
SKG_QA_258,0
SKG_QA_259,0
SKG_QA_260,0
SKG_QA_261,0
SKG_QA_262,0
SKG_QA_263,0
SKG_QA_264,0
SKG_QA_265,0
SKG_QA_267,0
SKG_QA_268,0
SKG_QA_269,0
SKG_QA_270,0
SKG_QA_271,0
SKG_QA_272,0
SKG_QA_273,0
SKG_QA_274,0
SKG_QA_275,0
SKG_QA_276,0
SKG_QA_277,0
SKG_QA_278,0
SKG_QA_279,0
SKG_QA_280,0
SKG_QA_281,0
SKG_QA_282,0
SKG_QA_283,0
SKG_QA_284,0
SKG_QA_285,0
SKG_QA_286,0
SKG_QA_287,0
SKG_QA_288,0
SKG_QA_289,0
SKG_QA_290,0
SKG_QA_291,0
SKG_QA_292,0
SKG_QA_293,0
SKG_QA_294,0
SKG_QA_295,0
SKG_QA_296,0
SKG_QA_297,0
SKG_QA_298,0
SKG_QA_299,0
SKG_QA_300,0
SKG_QA_301,0
SKG_QA_302,0
SKG_QA_304,0
SKG_QA_305,0
SKG_QA_306,0
SKG_QA_307,0
SKG_QA_308,0
SKG_QA_309,0
SKG_QA_310,0
SKG_QA_311,0
SKG_QA_312,0
SKG_QA_313,0
SKG_QA_314,0
SKG_QA_315,0
SKG_QA_316,0
SKG_QA_317,0
SKG_QA_318,0
SKG_QA_319,0
SKG_QA_320,0
SKG_QA_321,0
SKG_QA_322,0
SKG_QA_323,0
SKG_QA_324,0
SKG_QA_325,0
SKG_QA_326,0
SKG_QA_327,0
SKG_QA_328,0
SKG_QA_329,0
SKG_QA_330,0
SKG_QA_331,0
SKG_QA_332,0
SKG_QA_333,0
SKG_QA_334,0
SKG_QA_335,0
SKG_QA_336,0
SKG_QA_337,0
SKG_QA_338,0
SKG_QA_339,0
SKG_QA_340,0
SKG_QA_341,0
SKG_QA_342,0
SKG_QA_343,0
SKG_QA_344,0
SKG_QA_345,0
SKG_QA_346,0
SKG_QA_347,0
SKG_QA_348,0
SKG_QA_349,0
SKG_QA_350,0
SKG_QA_351,0
SKG_QA_352,0
SKG_QA_353,0
SKG_QA_354,0
SKG_QA_355,0
SKG_QA_356,0
SKG_QA_357,0
SKG_QA_358,0
SKG_QA_359,0
SKG_QA_360,0
SKG_QA_361,0
SKG_QA_362,0
SKG_QA_363,0
SKG_QA_364,0
SKG_QA_365,0
SKG_QA_366,0
SKG_QA_367,0
SKG_QA_368,0
SKG_QA_369,0
SKG_QA_370,0
SKG_QA_371,0
SKG_QA_372,0
SKG_QA_373,0
SKG_QA_374,0
SKG_QA_375,0
SKG_QA_376,0
SKG_QA_377,0
SKG_QA_378,0
SKG_QA_379,0
SKG_QA_380,0
SKG_QA_381,0
SKG_QA_382,0
SKG_QA_383,0
SKG_QA_384,0
SKG_QA_385,0
SKG_QA_386,0
SKG_QA_387,0
SKG_QA_388,0
SKG_QA_389,0
SKG_QA_390,0
SKG_QA_391,0
SKG_QA_392,0
SKG_QA_393,0
SKG_QA_394,0
SKG_QA_395,0
SKG_QA_396,0
SKG_QA_397,0
SKG_QA_398,0
SKG_QA_399,0
SKG_QA_400,0
SKG_QA_401,0
SKG_QA_402,0
SKG_QA_403,0
SKG_QA_404,0
SKG_QA_405,0
SKG_QA_406,0
SKG_QA_407,0
SKG_QA_408,0
SKG_QA_409,0
SKG_QA_410,0
SKG_QA_411,0
SKG_QA_412,0
SKG_QA_413,0
SKG_QA_414,0
SKG_QA_415,0
SKG_QA_416,0
SKG_QA_417,0
SKG_QA_418,0
SKG_QA_419,0
SKG_QA_420,0
SKG_QA_421,0
SKG_QA_422,0
SKG_QA_423,0
SKG_QA_424,0
SKG_QA_425,0
SKG_QA_426,0
SKG_QA_427,0
SKG_QA_428,0
SKG_QA_429,0
SKG_QA_430,0
SKG_QA_431,0
SKG_QA_432,0
SKG_QA_433,0
SKG_QA_434,0
SKG_QA_435,0
SKG_QA_436,0
SKG_QA_437,0
SKG_QA_438,0
SKG_QA_439,0
SKG_QA_440,0
SKG_QA_441,0
SKG_QA_442,0
SKG_QA_443,0
SKG_QA_444,0
SKG_QA_445,0
SKG_QA_446,0
SKG_QA_447,0
SKG_QA_449,0
SKG_QA_450,0
SKG_QA_452,0
SKG_QA_453,0
SKG_QA_454,0
SKG_QA_455,0
SKG_QA_456,0
SKG_QA_457,0
SKG_QA_458,0
SKG_QA_459,0
SKG_QA_460,0
SKG_QA_461,0
SKG_QA_462,0
SKG_QA_463,0
SKG_QA_464,0
SKG_QA_465,0
SKG_QA_466,0
SKG_QA_467,0
SKG_QA_468,0
SKG_QA_469,0
SKG_QA_470,0
SKG_QA_471,0
SKG_QA_472,0
SKG_QA_473,0
SKG_QA_474,0
SKG_QA_475,0
SKG_QA_476,0
SKG_QA_477,0
SKG_QA_478,0
SKG_QA_479,0
SKG_QA_480,0
SKG_QA_481,0
SKG_QA_482,0
SKG_QA_483,0
SKG_QA_484,0
SKG_QA_485,0
SKG_QA_486,0
SKG_QA_487,0
SKG_QA_489,0
SKG_QA_490,0
SKG_QA_491,0
SKG_QA_492,0
BLOG_SA_0,0
BLOG_SA_1,0
BLOG_SA_2,0
BLOG_SA_3,0
BLOG_SA_4,0
BLOG_SA_5,0
BLOG_SA_6,0
BLOG_SA_7,0
BLOG_SA_8,0
BLOG_SA_9,0
BLOG_SA_10,0
BLOG_SA_11,0
BLOG_SA_12,0
BLOG_SA_13,0
BLOG_SA_14,0
BLOG_SA_15,0
NOVEL_SA_0,1
NOVEL_SA_1,1
NOVEL_SA_2,1
NOVEL_SA_3,1
NOVEL_SA_4,1
NOVEL_SA_5,1
NOVEL_SA_6,1
NOVEL_SA_7,1
NOVEL_SA_8,1
NOVEL_SA_9,1
NOVEL_SA_10,1
NOVEL_SA_11,1
NOVEL_SA_12,1
NOVEL_SA_13,1
NOVEL_SA_14,1
NOVEL_SA_15,1
NOVEL_SA_16,1
NOVEL_SA_17,1
NOVEL_SA_18,1
NOVEL_SA_19,1
NOVEL_SA_20,1
NOVEL_SA_21,1
NOVEL_SA_22,1
NOVEL_SA_23,1
NOVEL_SA_24,1
NOVEL_SA_25,1
NOVEL_SA_26,1
NOVEL_SA_27,1
NOVEL_SA_28,1
NOVEL_SA_29,1
NOVEL_SA_30,1
NOVEL_SA_31,1
NOVEL_SA_32,1
NOVEL_SA_33,1
NOVEL_SA_34,1
NOVEL_SA_35,1
NOVEL_SA_36,1
NOVEL_SA_37,1
NOVEL_SA_38,1
NOVEL_SA_39,1
NOVEL_SA_40,1
NOVEL_SA_41,1
NOVEL_SA_42,1
NOVEL_SA_43,1
NOVEL_SA_44,1
NOVEL_SA_45,1
NOVEL_SA_46,1
NOVEL_SA_47,1
NOVEL_SA_48,1
NOVEL_SA_49,1
NOVEL_SA_50,1
NOVEL_SA_51,1
NOVEL_SA_52,1
NOVEL_SA_53,1
NOVEL_SA_54,1
NOVEL_SA_55,1
NOVEL_SA_56,1
NOVEL_SA_57,1
NOVEL_SA_58,1
NOVEL_SA_59,1
NOVEL_SA_60,1
NOVEL_SA_61,1
NOVEL_SA_62,1
NOVEL_SA_63,1
NOVEL_SA_64,1
NOVEL_SA_65,1
NOVEL_SA_66,1
NOVEL_SA_67,1
NOVEL_SA_68,1
NOVEL_SA_69,1
SKG_SA_0,0
SKG_SA_1,0
SKG_SA_2,0
SKG_SA_3,0
SKG_SA_4,0
SKG_SA_5,0
SKG_SA_6,0
SKG_SA_7,0
SKG_SA_8,0
SKG_SA_9,0
SKG_SA_10,0
SKG_SA_11,0
SKG_SA_12,0
SKG_SA_14,0
SKG_SA_15,0
SKG_SA_16,0
SKG_SA_17,0
SKG_SA_18,0
SKG_SA_19,0
SKG_SA_20,0
SKG_SA_21,0
SKG_SA_22,0
SKG_SA_23,0
SKG_SA_24,0
SKG_SA_25,0
SKG_SA_26,0
SKG_SA_27,0
SKG_SA_28,0
SKG_SA_29,0
SKG_SA_30,0
SKG_SA_31,0
SKG_SA_32,0
SKG_SA_33,0
SKG_SA_34,0
SKG_SA_35,0
SKG_SA_36,0
SKG_SA_37,0
SKG_SA_38,0
SKG_SA_39,0
SKG_SA_40,0
SKG_SA_41,0
SKG_SA_42,0
SKG_SA_43,0
SKG_SA_46,0
SKG_SA_47,0
SKG_SA_48,0
SKG_SA_49,0
SKG_SA_50,0
SKG_SA_51,0
SKG_SA_52,0
SKG_SA_53,0
SKG_SA_54,0
SKG_SA_55,0
SKG_SA_56,0
SKG_SA_57,0
SKG_SA_58,0
SKG_SA_59,0
SKG_SA_60,0
SKG_SA_61,0
SKG_SA_62,0
SKG_SA_64,0
SKG_SA_65,0
SKG_SA_67,0
SKG_SA_69,0
SKG_SA_70,0
SKG_SA_71,0
SKG_SA_72,0
SKG_SA_73,0
SKG_SA_74,0
SKG_SA_76,0
SKG_SA_77,0
SKG_SA_78,0
SKG_SA_79,0
SKG_SA_81,0
SKG_SA_82,0
SKG_SA_83,0
SKG_SA_84,0
SKG_SA_85,0
SKG_SA_86,0
SKG_SA_87,0
SKG_SA_88,0
SKG_SA_89,0
SKG_SA_90,0
SKG_SA_91,0
SKG_SA_92,0
SKG_SA_93,0
SKG_SA_94,0
SKG_SA_95,0
SKG_SA_96,0
SKG_SA_97,0
SKG_SA_98,0
SKG_SA_99,0
SKG_SA_100,0
SKG_SA_101,0
SKG_SA_102,0
SKG_SA_103,0
SKG_SA_104,0
SKG_SA_105,0
SKG_SA_106,0
SKG_SA_107,0
SKG_SA_108,0
SKG_SA_109,0
SKG_SA_111,0
SKG_SA_112,0
SKG_SA_113,0
SKG_SA_114,0
SKG_SA_115,0
SKG_SA_116,0
SKG_SA_117,0
SKG_SA_118,0
SKG_SA_119,0
SKG_SA_120,0
SKG_SA_122,0
SKG_SA_123,0
SKG_SA_124,0
SKG_SA_125,0
SKG_SA_126,0
SKG_SA_127,0
SKG_SA_128,0
SKG_SA_129,0
SKG_SA_130,0
SKG_SA_131,0
SKG_SA_132,0
SKG_SA_133,0
SKG_SA_134,0
SKG_SA_135,0
SKG_SA_136,0
SKG_SA_137,0
SKG_SA_138,0
SKG_SA_139,0
SKG_SA_140,0
SKG_SA_141,0
SKG_SA_142,0
SKG_SA_143,0
SKG_SA_144,0
SKG_SA_146,0
SKG_SA_147,0
SKG_SA_148,0
SKG_SA_149,0
SKG_SA_150,0
SKG_SA_151,0
SKG_SA_152,0
SKG_SA_153,0
SKG_SA_155,0
SKG_SA_156,0
SKG_SA_157,0
SKG_SA_158,0
SKG_SA_159,0
SKG_SA_160,0
SKG_SA_161,0
SKG_SA_162,0
SKG_SA_163,0
SKG_SA_164,0
SKG_SA_165,0
SKG_SA_166,0
SKG_SA_167,0
SKG_SA_168,0
SKG_SA_169,0
SKG_SA_170,0
SKG_SA_171,0
SKG_SA_172,0
SKG_SA_173,0
SKG_SA_174,0
SKG_SA_175,0
SKG_SA_176,0
SKG_SA_178,0
SKG_SA_179,0
SKG_SA_180,0
SKG_SA_181,0
SKG_SA_183,0
SKG_SA_184,0
SKG_SA_185,0
SKG_SA_186,0
SKG_SA_187,0
SKG_SA_188,0
SKG_SA_189,0
SKG_SA_190,0
SKG_SA_191,0
SKG_SA_192,0
SKG_SA_193,0
SKG_SA_194,0
SKG_SA_195,0
SKG_SA_196,0
SKG_SA_197,0
SKG_SA_198,0
SKG_SA_199,0
SKG_SA_200,0
SKG_SA_201,0
SKG_SA_202,0
SKG_SA_203,0
SKG_SA_204,0
SKG_SA_205,0
SKG_SA_207,0
SKG_SA_208,0
SKG_SA_209,0
SKG_SA_210,0
SKG_SA_211,0
SKG_SA_212,0
SKG_SA_213,0
SKG_SA_214,0
SKG_SA_216,0
SKG_SA_217,0
SKG_SA_218,0
SKG_SA_219,0
SKG_SA_220,0
SKG_SA_221,0
SKG_SA_222,0
SKG_SA_223,0
SKG_SA_224,0
SKG_SA_225,0
SKG_SA_226,0
SKG_SA_227,0
SKG_SA_228,0
SKG_SA_229,0
SKG_SA_230,0
SKG_SA_231,0
SKG_SA_232,0
SKG_SA_233,0
SKG_SA_234,0
SKG_SA_235,0
SKG_SA_236,0
SKG_SA_237,0
SKG_SA_238,0
SKG_SA_239,0
SKG_SA_240,0
SKG_SA_241,0
SKG_SA_242,0
SKG_SA_243,0
SKG_SA_244,0
SKG_SA_245,0
SKG_SA_246,0
SKG_SA_247,0
SKG_SA_248,0
SKG_SA_249,0
SKG_SA_250,0
SKG_SA_251,0
SKG_SA_252,0
SKG_SA_253,0
SKG_SA_254,0
SKG_SA_255,0
SKG_SA_256,0
SKG_SA_258,0
SKG_SA_260,0
SKG_SA_261,0
SKG_SA_262,0
SKG_SA_263,0
SKG_SA_264,0
SKG_SA_265,0
SKG_SA_266,0
SKG_SA_267,0
SKG_SA_268,0
SKG_SA_269,0
SKG_SA_270,0
SKG_SA_271,0
SKG_SA_272,0
SKG_SA_273,0
SKG_SA_274,0
SKG_SA_275,0
SKG_SA_276,0
SKG_SA_277,0
SKG_SA_278,0
SKG_SA_279,0
SKG_SA_280,0
SKG_SA_281,0
SKG_SA_282,0
SKG_SA_283,0
SKG_SA_284,0
SKG_SA_285,0
SKG_SA_286,0
SKG_SA_287,0
SKG_SA_288,0
SKG_SA_289,0
SKG_SA_290,0
SKG_SA_291,0
SKG_SA_292,0
SKG_SA_293,0
SKG_SA_294,0
SKG_SA_295,0
SKG_SA_296,0
SKG_SA_297,0
SKG_SA_298,0
SKG_SA_299,0
SKG_SA_300,0
SKG_SA_301,0
SKG_SA_302,0
SKG_SA_303,0
SKG_SA_304,0
SKG_SA_305,0
SKG_SA_306,0
SKG_SA_307,0
SKG_SA_308,0
SKG_SA_309,0
SKG_SA_310,0
SKG_SA_311,0
SKG_SA_312,0
SKG_SA_313,0
SKG_SA_314,0
SKG_SA_315,0
SKG_SA_316,0
SKG_SA_317,0
SKG_SA_318,0
SKG_SA_319,0
SKG_SA_320,0
SKG_SA_321,0
SKG_SA_322,0
SKG_SA_323,0
SKG_SA_324,0
SKG_SA_325,0
SKG_SA_326,0
SKG_SA_327,0
SKG_SA_328,0
SKG_SA_329,0
SKG_SA_330,0
SKG_SA_331,0
SKG_SA_332,0
SKG_SA_333,0
SKG_SA_334,0
SKG_SA_335,0
SKG_SA_336,0
SKG_SA_337,0
SKG_SA_338,0
SKG_SA_339,0
SKG_SA_340,0
SKG_SA_341,0
SKG_SA_342,0
SKG_SA_343,0
SKG_SA_344,0
SKG_SA_345,0
SKG_SA_346,0
SKG_SA_347,0
SKG_SA_348,0
SKG_SA_349,0
SKG_SA_350,0
SKG_SA_351,0
SKG_SA_352,0
SKG_SA_353,0
SKG_SA_354,0
SKG_SA_355,0
SKG_SA_356,0
SKG_SA_357,0
SKG_SA_358,0
SKG_SA_359,0
SKG_SA_360,0
SKG_SA_361,0
SKG_SA_362,0
SKG_SA_363,0
SKG_SA_364,0
SKG_SA_365,0
SKG_SA_366,0
SKG_SA_367,0
SKG_SA_368,0
SKG_SA_369,0
SKG_SA_370,0
SKG_SA_371,0
SKG_SA_372,0
SKG_SA_373,0
SKG_SA_374,0
SKG_SA_375,0
SKG_SA_376,0
SKG_SA_377,0
SKG_SA_378,0
SKG_SA_380,0
SKG_SA_381,0
SKG_SA_382,0
SKG_SA_383,0
SKG_SA_384,0
SKG_SA_385,0
SKG_SA_386,0
SKG_SA_387,0
SKG_SA_388,0
SKG_SA_389,0
SKG_SA_390,0
SKG_SA_391,0
SKG_SA_392,0
SKG_SA_393,0
SKG_SA_394,0
SKG_SA_395,0
SKG_SA_396,0
SKG_SA_397,0
SKG_SA_398,0
SKG_SA_399,0
SKG_SA_400,0
SKG_SA_401,0
SKG_SA_402,0
SKG_SA_403,0
SKG_SA_404,0
SKG_SA_405,0
SKG_SA_406,0
SKG_SA_407,0
SKG_SA_408,0
SKG_SA_409,0
SKG_SA_410,0
SKG_SA_411,0
SKG_SA_412,0
SKG_SA_413,0
SKG_SA_414,0
SKG_SA_415,0
SKG_SA_416,0
SKG_SA_417,0
SKG_SA_418,0
SKG_SA_419,0
SKG_SA_420,0
SKG_SA_421,0
SKG_SA_422,0
SKG_SA_423,0
SKG_SA_424,0
SKG_SA_425,0
SKG_SA_426,0
SKG_SA_427,0
SKG_SA_428,0
SKG_SA_429,0
SKG_SA_430,0
SKG_SA_431,0
SKG_SA_432,0
SKG_SA_433,0
SKG_SA_434,0
SKG_SA_435,0
SKG_SA_436,0
SKG_SA_437,0
SKG_SA_438,0
SKG_SA_439,0
SKG_SA_440,0
SKG_SA_441,0
SKG_SA_442,0
SKG_SA_443,0
SKG_SA_444,0
SKG_SA_445,0
SKG_SA_446,0
SKG_SA_447,0
SKG_SA_448,0
SKG_SA_449,0
SKG_SA_450,0
SKG_SA_451,0
SKG_SA_452,0
SKG_SA_453,0
SKG_SA_454,0
SKG_SA_455,0
SKG_SA_456,0
SKG_SA_457,0
SKG_SA_458,0
SKG_SA_459,0
SKG_SA_460,0
SKG_SA_461,0
SKG_SA_462,0
SKG_SA_463,0
SKG_SA_464,0
SKG_SA_465,0
SKG_SA_466,0
SKG_SA_467,0
SKG_SA_468,0
SKG_SA_469,0
SKG_SA_470,0
SKG_SA_471,0
SKG_SA_472,0
SKG_SA_473,0
SKG_SA_474,0
SKG_SA_475,0
SKG_SA_476,0
SKG_SA_477,0
SKG_SA_478,0
SKG_SA_479,0
SKG_SA_480,0
SKG_SA_482,0
SKG_SA_483,0
SKG_SA_484,0
SKG_SA_486,0
SKG_SA_487,0
SKG_SA_488,0
SKG_SA_489,0
SKG_SA_490,0
SKG_SA_491,0
SKG_SA_492,0
SKG_SA_493,0
SKG_SA_494,0
SKG_SA_495,0
SKG_SA_496,0
SKG_SA_497,0
SKG_SA_498,0
SKG_SA_499,0
SKG_SA_500,0
SKG_SA_501,0
SKG_SA_502,0
SKG_SA_503,0
SKG_SA_504,0
SKG_SA_505,0
SKG_SA_506,0
SKG_SA_507,0
SKG_SA_508,0
SKG_SA_509,0
SKG_SA_510,0
SKG_SA_511,0
SKG_SA_512,0
SKG_SA_513,0
SKG_SA_514,0
SKG_SA_515,0
SKG_SA_516,0
SKG_SA_517,0
SKG_SA_518,0
SKG_SA_519,0
SKG_SA_520,0
SKG_SA_521,0
SKG_SA_522,0
SKG_SA_523,0
SKG_SA_524,0
SKG_SA_525,0
SKG_SA_526,0
SKG_SA_527,0
SKG_SA_528,0
SKG_SA_530,0
SKG_SA_531,0
SKG_SA_533,0
SKG_SA_534,0
SKG_SA_535,0
SKG_SA_536,0
SKG_SA_537,0
SKG_SA_538,0
SKG_SA_539,0
SKG_SA_540,0
SKG_SA_541,0
SKG_SA_542,0
SKG_SA_543,0
SKG_SA_544,0
SKG_SA_545,0
SKG_SA_546,0
SKG_SA_547,0
SKG_SA_548,0
SKG_SA_549,0
SKG_SA_550,0
SKG_SA_551,0
SKG_SA_552,0
SKG_SA_553,0
SKG_SA_554,0
SKG_SA_555,0
SKG_SA_556,0
SKG_SA_557,0
SKG_SA_558,0
SKG_SA_559,0
SKG_SA_560,0
SKG_SA_561,0
SKG_SA_562,0
SKG_SA_563,0
SKG_SA_564,0
SKG_SA_565,0
SKG_SA_566,0
SKG_SA_567,0
SKG_SA_568,0
SKG_SA_569,0
SKG_SA_570,0
SKG_SA_571,0
SKG_SA_572,0
SKG_SA_573,0
SKG_SA_574,0
SKG_SA_575,0
SKG_SA_576,0
SKG_SA_577,0
SKG_SA_578,0
SKG_SA_579,0
SKG_SA_580,0
SKG_SA_581,0
SKG_SA_582,0
SKG_SA_583,0
SKG_SA_584,0
SKG_SA_585,0
SKG_SA_586,0
SKG_SA_587,0
SKG_SA_588,0
SKG_SA_589,0
SKG_SA_590,0
SKG_SA_591,0
SKG_SA_592,0
SKG_SA_593,0
SKG_SA_594,0
SKG_SA_595,0
SKG_SA_596,0
SKG_SA_597,0
SKG_SA_598,0
SKG_SA_599,0
SKG_SA_600,0
SKG_SA_601,0
SKG_SA_602,0
SKG_SA_603,0
SKG_SA_604,0
SKG_SA_605,0
SKG_SA_606,0
SKG_SA_607,0
SKG_SA_608,0
SKG_SA_609,0
SKG_SA_610,0
SKG_SA_611,0
SKG_SA_612,0
SKG_SA_613,0
SKG_SA_614,0
SKG_SA_616,0
SKG_SA_617,0
SKG_SA_618,0
SKG_SA_619,0
SKG_SA_620,0
SKG_SA_621,0
SKG_SA_622,0
SKG_SA_623,0
SKG_SA_624,0
SKG_SA_625,0
SKG_SA_626,0
SKG_SA_628,0
SKG_SA_629,0
SKG_SA_630,0
SKG_SA_631,0
SKG_SA_632,0
SKG_SA_633,0
SKG_SA_634,0
SKG_SA_635,0
SKG_SA_636,0
SKG_SA_13,0
BLOG_SUM_0,0
BLOG_SUM_1,0
BLOG_SUM_2,0
BLOG_SUM_3,0
BLOG_SUM_4,0
BLOG_SUM_5,0
BLOG_SUM_6,0
BLOG_SUM_7,0
BLOG_SUM_8,0
BLOG_SUM_9,0
BLOG_SUM_10,0
BLOG_SUM_11,0
BLOG_SUM_12,0
BLOG_SUM_13,0
BLOG_SUM_14,0
BLOG_SUM_15,0
BLOG_SUM_16,0
BLOG_SUM_17,0
BLOG_SUM_18,0
BLOG_SUM_19,0
BLOG_SUM_20,0
BLOG_SUM_21,0
BLOG_SUM_22,0
BLOG_SUM_23,0
BLOG_SUM_24,0
NOVEL_SUM_0,1
NOVEL_SUM_1,1
NOVEL_SUM_2,1
NOVEL_SUM_3,1
NOVEL_SUM_4,1
NOVEL_SUM_5,1
NOVEL_SUM_6,1
NOVEL_SUM_7,1
NOVEL_SUM_8,1
NOVEL_SUM_9,1
NOVEL_SUM_10,1
NOVEL_SUM_11,1
NOVEL_SUM_12,1
NOVEL_SUM_13,1
NOVEL_SUM_14,1
NOVEL_SUM_15,1
NOVEL_SUM_16,1
NOVEL_SUM_17,1
NOVEL_SUM_18,1
NOVEL_SUM_19,1
NOVEL_SUM_20,1
NOVEL_SUM_21,1
NOVEL_SUM_22,1
NOVEL_SUM_23,1
NOVEL_SUM_24,1
NOVEL_SUM_26,1
NOVEL_SUM_27,1
NOVEL_SUM_28,1
NOVEL_SUM_29,1
NOVEL_SUM_30,1
NOVEL_SUM_31,1
NOVEL_SUM_32,1
NOVEL_SUM_33,1
NOVEL_SUM_34,1
NOVEL_SUM_35,1
NOVEL_SUM_36,1
NOVEL_SUM_37,1
NOVEL_SUM_38,1
NOVEL_SUM_39,1
NOVEL_SUM_41,1
NOVEL_SUM_42,1
NOVEL_SUM_43,1
NOVEL_SUM_44,1
NOVEL_SUM_45,1
NOVEL_SUM_46,1
NOVEL_SUM_47,1
NOVEL_SUM_48,1
NOVEL_SUM_49,1
NOVEL_SUM_50,1
NOVEL_SUM_52,1
NOVEL_SUM_53,1
NOVEL_SUM_54,1
NOVEL_SUM_55,1
NOVEL_SUM_56,1
NOVEL_SUM_57,1
NOVEL_SUM_58,1
NOVEL_SUM_59,1
NOVEL_SUM_60,1
NOVEL_SUM_61,1
NOVEL_SUM_62,1
NOVEL_SUM_63,1
NOVEL_SUM_64,1
NOVEL_SUM_65,1
NOVEL_SUM_66,1
NOVEL_SUM_67,1
NOVEL_SUM_68,1
NOVEL_SUM_69,1
NOVEL_SUM_70,1
NOVEL_SUM_71,1
NOVEL_SUM_72,1
NOVEL_SUM_73,1
NOVEL_SUM_74,1
NOVEL_SUM_75,1
NOVEL_SUM_76,1
NOVEL_SUM_77,1
SKG_SUM_0,0
SKG_SUM_1,0
SKG_SUM_2,0
SKG_SUM_3,0
SKG_SUM_4,0
SKG_SUM_5,0
SKG_SUM_6,0
SKG_SUM_7,0
SKG_SUM_8,0
SKG_SUM_9,0
SKG_SUM_10,0
SKG_SUM_11,0
SKG_SUM_12,0
SKG_SUM_13,0
SKG_SUM_14,0
SKG_SUM_15,0
SKG_SUM_16,0
SKG_SUM_17,0
SKG_SUM_18,0
SKG_SUM_19,0
SKG_SUM_20,0
SKG_SUM_21,0
SKG_SUM_22,0
SKG_SUM_23,0
SKG_SUM_24,0
SKG_SUM_25,0
SKG_SUM_26,0
SKG_SUM_27,0
SKG_SUM_28,0
SKG_SUM_30,0
SKG_SUM_31,0
SKG_SUM_32,0
SKG_SUM_33,0
SKG_SUM_34,0
SKG_SUM_35,0
SKG_SUM_36,0
SKG_SUM_37,0
SKG_SUM_38,0
SKG_SUM_39,0
SKG_SUM_40,0
SKG_SUM_41,0
SKG_SUM_42,0
SKG_SUM_43,0
SKG_SUM_44,0
SKG_SUM_45,0
SKG_SUM_46,0
SKG_SUM_47,0
SKG_SUM_48,0
SKG_SUM_49,0
SKG_SUM_50,0
SKG_SUM_51,0
SKG_SUM_52,0
SKG_SUM_53,0
SKG_SUM_54,0
SKG_SUM_55,0
SKG_SUM_56,0
SKG_SUM_57,0
SKG_SUM_58,0
SKG_SUM_59,0
SKG_SUM_60,0
SKG_SUM_61,0
SKG_SUM_62,0
SKG_SUM_63,0
SKG_SUM_64,0
SKG_SUM_65,0
SKG_SUM_66,0
SKG_SUM_67,0
SKG_SUM_68,0
SKG_SUM_69,0
SKG_SUM_70,0
SKG_SUM_71,0
SKG_SUM_72,0
SKG_SUM_73,0
SKG_SUM_74,0
SKG_SUM_75,0
SKG_SUM_76,0
SKG_SUM_77,0
SKG_SUM_78,0
SKG_SUM_79,0
SKG_SUM_80,0
SKG_SUM_81,0
SKG_SUM_82,0
SKG_SUM_83,0
SKG_SUM_84,0
SKG_SUM_85,0
SKG_SUM_86,0
SKG_SUM_88,0
SKG_SUM_89,0
SKG_SUM_90,0
SKG_SUM_91,0
SKG_SUM_92,0
SKG_SUM_93,0
SKG_SUM_94,0
SKG_SUM_95,0
SKG_SUM_96,0
SKG_SUM_97,0
SKG_SUM_98,0
SKG_SUM_99,0
SKG_SUM_100,0
SKG_SUM_101,0
SKG_SUM_102,0
SKG_SUM_103,0
SKG_SUM_104,0
SKG_SUM_105,0
SKG_SUM_106,0
SKG_SUM_107,0
SKG_SUM_108,0
SKG_SUM_109,0
SKG_SUM_110,0
SKG_SUM_111,0
SKG_SUM_112,0
SKG_SUM_113,0
SKG_SUM_114,0
SKG_SUM_115,0
SKG_SUM_117,0
SKG_SUM_118,0
SKG_SUM_119,0
SKG_SUM_120,0
SKG_SUM_121,0
SKG_SUM_122,0
SKG_SUM_123,0
SKG_SUM_124,0
SKG_SUM_125,0
SKG_SUM_126,0
SKG_SUM_127,0
SKG_SUM_128,0
SKG_SUM_129,0
SKG_SUM_130,0
SKG_SUM_131,0
SKG_SUM_132,0
SKG_SUM_133,0
SKG_SUM_134,0
SKG_SUM_135,0
SKG_SUM_136,0
SKG_SUM_137,0
SKG_SUM_138,0
SKG_SUM_139,0
SKG_SUM_140,0
SKG_SUM_141,0
SKG_SUM_142,0
SKG_SUM_143,0
SKG_SUM_144,0
SKG_SUM_145,0
SKG_SUM_146,0
SKG_SUM_147,0
SKG_SUM_148,0
SKG_SUM_149,0
SKG_SUM_150,0
SKG_SUM_151,0
SKG_SUM_152,0
SKG_SUM_153,0
SKG_SUM_154,0
SKG_SUM_155,0
SKG_SUM_156,0
SKG_SUM_157,0
SKG_SUM_158,0
SKG_SUM_159,0
SKG_SUM_160,0
SKG_SUM_161,0
SKG_SUM_162,0
SKG_SUM_163,0
SKG_SUM_164,0
SKG_SUM_165,0
SKG_SUM_166,0
SKG_SUM_167,0
SKG_SUM_168,0
SKG_SUM_169,0
SKG_SUM_170,0
SKG_SUM_171,0
SKG_SUM_172,0
SKG_SUM_173,0
SKG_SUM_174,0
SKG_SUM_175,0
SKG_SUM_176,0
SKG_SUM_177,0
SKG_SUM_178,0
SKG_SUM_179,0
SKG_SUM_180,0
SKG_SUM_181,0
SKG_SUM_182,0
SKG_SUM_183,0
SKG_SUM_184,0
SKG_SUM_185,0
SKG_SUM_186,0
SKG_SUM_187,0
SKG_SUM_188,0
SKG_SUM_189,0
SKG_SUM_190,0
SKG_SUM_191,0
SKG_SUM_192,0
SKG_SUM_193,0
SKG_SUM_194,0
SKG_SUM_196,0
SKG_SUM_197,0
SKG_SUM_198,0
SKG_SUM_199,0
SKG_SUM_200,0
SKG_SUM_201,0
SKG_SUM_202,0
SKG_SUM_203,0
SKG_SUM_204,0
SKG_SUM_205,0
SKG_SUM_206,0
SKG_SUM_207,0
SKG_SUM_208,0
SKG_SUM_209,0
SKG_SUM_210,0
SKG_SUM_211,0
SKG_SUM_212,0
SKG_SUM_213,0
SKG_SUM_215,0
SKG_SUM_216,0
SKG_SUM_217,0
SKG_SUM_218,0
SKG_SUM_219,0
SKG_SUM_220,0
